,STRUCTURE,STRUCTURE_ID,STRUCTURE_NAME,freq,Time frequency,unit,Unit of measure,s_adj,Seasonal adjustment,na_item,National accounts indicator (ESA 2010),geo,Geopolitical entity (reporting),TIME_PERIOD,Time,OBS_VALUE,Observation value,OBS_FLAG,Observation status (Flag) V2 structure,CONF_STATUS,Confidentiality status (flag)
0,dataflow,ESTAT:NAMQ_10_GDP(1.0),"Gross domestic product (GDP) and main components (output, expenditure and income) - quarterly data",Q,Quarterly,CP_MEUR,"Current prices, million euro",SCA,Seasonally and calendar adjusted data,B1G,"Value added, gross",AT,Austria,2023-Q1,,107304.2,,,,,
1,dataflow,ESTAT:NAMQ_10_GDP(1.0),"Gross domestic product (GDP) and main components (output, expenditure and income) - quarterly data",Q,Quarterly,CP_MEUR,"Current prices, million euro",SCA,Seasonally and calendar adjusted data,B1G,"Value added, gross",AT,Austria,2023-Q2,,107323.3,,,,,
2,dataflow,ESTAT:NAMQ_10_GDP(1.0),"Gross domestic product (GDP) and main components (output, expenditure and income) - quarterly data",Q,Quarterly,CP_MEUR,"Current prices, million euro",SCA,Seasonally and calendar adjusted data,B1G,"Value added, gross",AT,Austria,2023-Q3,,107411.6,,,,,
3,dataflow,ESTAT:NAMQ_10_GDP(1.0),"Gross domestic product (GDP) and main components (output, expenditure and income) - quarterly data",Q,Quarterly,CP_MEUR,"Current prices, million euro",SCA,Seasonally and calendar adjusted data,B1G,"Value added, gross",AT,Austria,2023-Q4,,108252.4,,,,,
4,dataflow,ESTAT:NAMQ_10_GDP(1.0),"Gross domestic product (GDP) and main components (output, expenditure and income) - quarterly data",Q,Quarterly,CP_MEUR,"Current prices, million euro",SCA,Seasonally and calendar adjusted data,B1G,"Value added, gross",AT,Austria,2024-Q1,,109603.6,,,,,
5,dataflow,ESTAT:NAMQ_10_GDP(1.0),"Gross domestic product (GDP) and main components (output, expenditure and income) - quarterly data",Q,Quarterly,CP_MEUR,"Current prices, million euro",SCA,Seasonally and calendar adjusted data,B1G,"Value added, gross",AT,Austria,2024-Q2,,110510.1,,,,,
6,dataflow,ESTAT:NAMQ_10_GDP(1.0),"Gross domestic product (GDP) and main components (output, expenditure and income) - quarterly data",Q,Quarterly,CP_MEUR,"Current prices, million euro",SCA,Seasonally and calendar adjusted data,B1G,"Value added, gross",AT,Austria,2024-Q3,,111189.9,,,,,
7,dataflow,ESTAT:NAMQ_10_GDP(1.0),"Gross domestic product (GDP) and main components (output, expenditure and income) - quarterly data",Q,Quarterly,CP_MEUR,"Current prices, million euro",SCA,Seasonally and calendar adjusted data,B1G,"Value added, gross",AT,Austria,2024-Q4,,112016.3,,,,,
8,dataflow,ESTAT:NAMQ_10_GDP(1.0),"Gross domestic product (GDP) and main components (output, expenditure and income) - quarterly data",Q,Quarterly,CP_MEUR,"Current prices, million euro",SCA,Seasonally and calendar adjusted data,B1G,"Value added, gross",AT,Austria,2025-Q1,,113019.1,,,,,
9,dataflow,ESTAT:NAMQ_10_GDP(1.0),"Gross domestic product (GDP) and main components (output, expenditure and income) - quarterly data",Q,Quarterly,CP_MEUR,"Current prices, million euro",SCA,Seasonally and calendar adjusted data,B1G,"Value added, gross",AT,Austria,2025-Q2,,114239.5,,,,,
10,dataflow,ESTAT:NAMQ_10_GDP(1.0),"Gross domestic product (GDP) and main components (output, expenditure and income) - quarterly data",Q,Quarterly,CP_MEUR,"Current prices, million euro",SCA,Seasonally and calendar adjusted data,B1G,"Value added, gross",AT,Austria,2025-Q3,,115379.6,,,,,
11,dataflow,ESTAT:NAMQ_10_GDP(1.0),"Gross domestic product (GDP) and main components (output, expenditure and income) - quarterly data",Q,Quarterly,CP_MEUR,"Current prices, million euro",SCA,Seasonally and calendar adjusted data,B1G,"Value added, gross",AT,Austria,2025-Q4,,115569.4,,,,,
12,dataflow,ESTAT:NAMQ_10_GDP(1.0),"Gross domestic product (GDP) and main components (output, expenditure and income) - quarterly data",Q,Quarterly,CP_MEUR,"Current prices, million euro",SCA,Seasonally and calendar adjusted data,B1G,"Value added, gross",BE,Belgium,2023-Q1,,134966.1,,,,,
13,dataflow,ESTAT:NAMQ_10_GDP(1.0),"Gross domestic product (GDP) and main components (output, expenditure and income) - quarterly data",Q,Quarterly,CP_MEUR,"Current prices, million euro",SCA,Seasonally and calendar adjusted data,B1G,"Value added, gross",BE,Belgium,2023-Q2,,136030.4,,,,,
14,dataflow,ESTAT:NAMQ_10_GDP(1.0),"Gross domestic product (GDP) and main components (output, expenditure and income) - quarterly data",Q,Quarterly,CP_MEUR,"Current prices, million euro",SCA,Seasonally and calendar adjusted data,B1G,"Value added, gross",BE,Belgium,2023-Q3,,136734.2,,,,,
15,dataflow,ESTAT:NAMQ_10_GDP(1.0),"Gross domestic product (GDP) and main components (output, expenditure and income) - quarterly data",Q,Quarterly,CP_MEUR,"Current prices, million euro",SCA,Seasonally and calendar adjusted data,B1G,"Value added, gross",BE,Belgium,2023-Q4,,137580.0,,,,,
16,dataflow,ESTAT:NAMQ_10_GDP(1.0),"Gross domestic product (GDP) and main components (output, expenditure and income) - quarterly data",Q,Quarterly,CP_MEUR,"Current prices, million euro",SCA,Seasonally and calendar adjusted data,B1G,"Value added, gross",BE,Belgium,2024-Q1,,138519.3,,p,provisional,,
17,dataflow,ESTAT:NAMQ_10_GDP(1.0),"Gross domestic product (GDP) and main components (output, expenditure and income) - quarterly data",Q,Quarterly,CP_MEUR,"Current prices, million euro",SCA,Seasonally and calendar adjusted data,B1G,"Value added, gross",BE,Belgium,2024-Q2,,139815.3,,p,provisional,,
18,dataflow,ESTAT:NAMQ_10_GDP(1.0),"Gross domestic product (GDP) and main components (output, expenditure and income) - quarterly data",Q,Quarterly,CP_MEUR,"Current prices, million euro",SCA,Seasonally and calendar adjusted data,B1G,"Value added, gross",BE,Belgium,2024-Q3,,141145.2,,p,provisional,,
19,dataflow,ESTAT:NAMQ_10_GDP(1.0),"Gross domestic product (GDP) and main components (output, expenditure and income) - quarterly data",Q,Quarterly,CP_MEUR,"Current prices, million euro",SCA,Seasonally and calendar adjusted data,B1G,"Value added, gross",BE,Belgium,2024-Q4,,141933.5,,p,provisional,,
20,dataflow,ESTAT:NAMQ_10_GDP(1.0),"Gross domestic product (GDP) and main components (output, expenditure and income) - quarterly data",Q,Quarterly,CP_MEUR,"Current prices, million euro",SCA,Seasonally and calendar adjusted data,B1G,"Value added, gross",BE,Belgium,2025-Q1,,143681.4,,p,provisional,,
21,dataflow,ESTAT:NAMQ_10_GDP(1.0),"Gross domestic product (GDP) and main components (output, expenditure and income) - quarterly data",Q,Quarterly,CP_MEUR,"Current prices, million euro",SCA,Seasonally and calendar adjusted data,B1G,"Value added, gross",BE,Belgium,2025-Q2,,144784.4,,p,provisional,,
22,dataflow,ESTAT:NAMQ_10_GDP(1.0),"Gross domestic product (GDP) and main components (output, expenditure and income) - quarterly data",Q,Quarterly,CP_MEUR,"Current prices, million euro",SCA,Seasonally and calendar adjusted data,B1G,"Value added, gross",BE,Belgium,2025-Q3,,146136.7,,p,provisional,,
23,dataflow,ESTAT:NAMQ_10_GDP(1.0),"Gross domestic product (GDP) and main components (output, expenditure and income) - quarterly data",Q,Quarterly,CP_MEUR,"Current prices, million euro",SCA,Seasonally and calendar adjusted data,B1G,"Value added, gross",BE,Belgium,2025-Q4,,146862.0,,p,provisional,,
24,dataflow,ESTAT:NAMQ_10_GDP(1.0),"Gross domestic product (GDP) and main components (output, expenditure and income) - quarterly data",Q,Quarterly,CP_MEUR,"Current prices, million euro",SCA,Seasonally and calendar adjusted data,B1G,"Value added, gross",CY,Cyprus,2023-Q1,,6994.6,,,,,
25,dataflow,ESTAT:NAMQ_10_GDP(1.0),"Gross domestic product (GDP) and main components (output, expenditure and income) - quarterly data",Q,Quarterly,CP_MEUR,"Current prices, million euro",SCA,Seasonally and calendar adjusted data,B1G,"Value added, gross",CY,Cyprus,2023-Q2,,7128.8,,,,,
26,dataflow,ESTAT:NAMQ_10_GDP(1.0),"Gross domestic product (GDP) and main components (output, expenditure and income) - quarterly data",Q,Quarterly,CP_MEUR,"Current prices, million euro",SCA,Seasonally and calendar adjusted data,B1G,"Value added, gross",CY,Cyprus,2023-Q3,,7260.0,,,,,
27,dataflow,ESTAT:NAMQ_10_GDP(1.0),"Gross domestic product (GDP) and main components (output, expenditure and income) - quarterly data",Q,Quarterly,CP_MEUR,"Current prices, million euro",SCA,Seasonally and calendar adjusted data,B1G,"Value added, gross",CY,Cyprus,2023-Q4,,7393.5,,,,,
28,dataflow,ESTAT:NAMQ_10_GDP(1.0),"Gross domestic product (GDP) and main components (output, expenditure and income) - quarterly data",Q,Quarterly,CP_MEUR,"Current prices, million euro",SCA,Seasonally and calendar adjusted data,B1G,"Value added, gross",CY,Cyprus,2024-Q1,,7556.0,,,,,
29,dataflow,ESTAT:NAMQ_10_GDP(1.0),"Gross domestic product (GDP) and main components (output, expenditure and income) - quarterly data",Q,Quarterly,CP_MEUR,"Current prices, million euro",SCA,Seasonally and calendar adjusted data,B1G,"Value added, gross",CY,Cyprus,2024-Q2,,7658.1,,,,,
30,dataflow,ESTAT:NAMQ_10_GDP(1.0),"Gross domestic product (GDP) and main components (output, expenditure and income) - quarterly data",Q,Quarterly,CP_MEUR,"Current prices, million euro",SCA,Seasonally and calendar adjusted data,B1G,"Value added, gross",CY,Cyprus,2024-Q3,,7785.3,,,,,
31,dataflow,ESTAT:NAMQ_10_GDP(1.0),"Gross domestic product (GDP) and main components (output, expenditure and income) - quarterly data",Q,Quarterly,CP_MEUR,"Current prices, million euro",SCA,Seasonally and calendar adjusted data,B1G,"Value added, gross",CY,Cyprus,2024-Q4,,7865.3,,,,,
32,dataflow,ESTAT:NAMQ_10_GDP(1.0),"Gross domestic product (GDP) and main components (output, expenditure and income) - quarterly data",Q,Quarterly,CP_MEUR,"Current prices, million euro",SCA,Seasonally and calendar adjusted data,B1G,"Value added, gross",CY,Cyprus,2025-Q1,,7972.3,,,,,
33,dataflow,ESTAT:NAMQ_10_GDP(1.0),"Gross domestic product (GDP) and main components (output, expenditure and income) - quarterly data",Q,Quarterly,CP_MEUR,"Current prices, million euro",SCA,Seasonally and calendar adjusted data,B1G,"Value added, gross",CY,Cyprus,2025-Q2,,8045.3,,,,,
34,dataflow,ESTAT:NAMQ_10_GDP(1.0),"Gross domestic product (GDP) and main components (output, expenditure and income) - quarterly data",Q,Quarterly,CP_MEUR,"Current prices, million euro",SCA,Seasonally and calendar adjusted data,B1G,"Value added, gross",CY,Cyprus,2025-Q3,,8144.5,,,,,
35,dataflow,ESTAT:NAMQ_10_GDP(1.0),"Gross domestic product (GDP) and main components (output, expenditure and income) - quarterly data",Q,Quarterly,CP_MEUR,"Current prices, million euro",SCA,Seasonally and calendar adjusted data,B1G,"Value added, gross",CY,Cyprus,2025-Q4,,8348.0,,,,,
36,dataflow,ESTAT:NAMQ_10_GDP(1.0),"Gross domestic product (GDP) and main components (output, expenditure and income) - quarterly data",Q,Quarterly,CP_MEUR,"Current prices, million euro",SCA,Seasonally and calendar adjusted data,B1G,"Value added, gross",DE,Germany,2023-Q1,,949934.0,,p,provisional,,
37,dataflow,ESTAT:NAMQ_10_GDP(1.0),"Gross domestic product (GDP) and main components (output, expenditure and income) - quarterly data",Q,Quarterly,CP_MEUR,"Current prices, million euro",SCA,Seasonally and calendar adjusted data,B1G,"Value added, gross",DE,Germany,2023-Q2,,958367.0,,p,provisional,,
38,dataflow,ESTAT:NAMQ_10_GDP(1.0),"Gross domestic product (GDP) and main components (output, expenditure and income) - quarterly data",Q,Quarterly,CP_MEUR,"Current prices, million euro",SCA,Seasonally and calendar adjusted data,B1G,"Value added, gross",DE,Germany,2023-Q3,,966428.0,,p,provisional,,
39,dataflow,ESTAT:NAMQ_10_GDP(1.0),"Gross domestic product (GDP) and main components (output, expenditure and income) - quarterly data",Q,Quarterly,CP_MEUR,"Current prices, million euro",SCA,Seasonally and calendar adjusted data,B1G,"Value added, gross",DE,Germany,2023-Q4,,980547.0,,p,provisional,,
40,dataflow,ESTAT:NAMQ_10_GDP(1.0),"Gross domestic product (GDP) and main components (output, expenditure and income) - quarterly data",Q,Quarterly,CP_MEUR,"Current prices, million euro",SCA,Seasonally and calendar adjusted data,B1G,"Value added, gross",DE,Germany,2024-Q1,,973558.0,,p,provisional,,
41,dataflow,ESTAT:NAMQ_10_GDP(1.0),"Gross domestic product (GDP) and main components (output, expenditure and income) - quarterly data",Q,Quarterly,CP_MEUR,"Current prices, million euro",SCA,Seasonally and calendar adjusted data,B1G,"Value added, gross",DE,Germany,2024-Q2,,979419.0,,p,provisional,,
42,dataflow,ESTAT:NAMQ_10_GDP(1.0),"Gross domestic product (GDP) and main components (output, expenditure and income) - quarterly data",Q,Quarterly,CP_MEUR,"Current prices, million euro",SCA,Seasonally and calendar adjusted data,B1G,"Value added, gross",DE,Germany,2024-Q3,,979424.0,,p,provisional,,
43,dataflow,ESTAT:NAMQ_10_GDP(1.0),"Gross domestic product (GDP) and main components (output, expenditure and income) - quarterly data",Q,Quarterly,CP_MEUR,"Current prices, million euro",SCA,Seasonally and calendar adjusted data,B1G,"Value added, gross",DE,Germany,2024-Q4,,991281.0,,p,provisional,,
44,dataflow,ESTAT:NAMQ_10_GDP(1.0),"Gross domestic product (GDP) and main components (output, expenditure and income) - quarterly data",Q,Quarterly,CP_MEUR,"Current prices, million euro",SCA,Seasonally and calendar adjusted data,B1G,"Value added, gross",DE,Germany,2025-Q1,,998525.0,,p,provisional,,
45,dataflow,ESTAT:NAMQ_10_GDP(1.0),"Gross domestic product (GDP) and main components (output, expenditure and income) - quarterly data",Q,Quarterly,CP_MEUR,"Current prices, million euro",SCA,Seasonally and calendar adjusted data,B1G,"Value added, gross",DE,Germany,2025-Q2,,1009826.0,,p,provisional,,
46,dataflow,ESTAT:NAMQ_10_GDP(1.0),"Gross domestic product (GDP) and main components (output, expenditure and income) - quarterly data",Q,Quarterly,CP_MEUR,"Current prices, million euro",SCA,Seasonally and calendar adjusted data,B1G,"Value added, gross",DE,Germany,2025-Q3,,1012545.0,,p,provisional,,
47,dataflow,ESTAT:NAMQ_10_GDP(1.0),"Gross domestic product (GDP) and main components (output, expenditure and income) - quarterly data",Q,Quarterly,CP_MEUR,"Current prices, million euro",SCA,Seasonally and calendar adjusted data,B1G,"Value added, gross",DE,Germany,2025-Q4,,1031523.0,,p,provisional,,
48,dataflow,ESTAT:NAMQ_10_GDP(1.0),"Gross domestic product (GDP) and main components (output, expenditure and income) - quarterly data",Q,Quarterly,CP_MEUR,"Current prices, million euro",SCA,Seasonally and calendar adjusted data,B1G,"Value added, gross",EE,Estonia,2023-Q1,,8433.2,,,,,
49,dataflow,ESTAT:NAMQ_10_GDP(1.0),"Gross domestic product (GDP) and main components (output, expenditure and income) - quarterly data",Q,Quarterly,CP_MEUR,"Current prices, million euro",SCA,Seasonally and calendar adjusted data,B1G,"Value added, gross",EE,Estonia,2023-Q2,,8447.9,,,,,
50,dataflow,ESTAT:NAMQ_10_GDP(1.0),"Gross domestic product (GDP) and main components (output, expenditure and income) - quarterly data",Q,Quarterly,CP_MEUR,"Current prices, million euro",SCA,Seasonally and calendar adjusted data,B1G,"Value added, gross",EE,Estonia,2023-Q3,,8434.0,,,,,
51,dataflow,ESTAT:NAMQ_10_GDP(1.0),"Gross domestic product (GDP) and main components (output, expenditure and income) - quarterly data",Q,Quarterly,CP_MEUR,"Current prices, million euro",SCA,Seasonally and calendar adjusted data,B1G,"Value added, gross",EE,Estonia,2023-Q4,,8499.3,,,,,
52,dataflow,ESTAT:NAMQ_10_GDP(1.0),"Gross domestic product (GDP) and main components (output, expenditure and income) - quarterly data",Q,Quarterly,CP_MEUR,"Current prices, million euro",SCA,Seasonally and calendar adjusted data,B1G,"Value added, gross",EE,Estonia,2024-Q1,,8571.6,,,,,
53,dataflow,ESTAT:NAMQ_10_GDP(1.0),"Gross domestic product (GDP) and main components (output, expenditure and income) - quarterly data",Q,Quarterly,CP_MEUR,"Current prices, million euro",SCA,Seasonally and calendar adjusted data,B1G,"Value added, gross",EE,Estonia,2024-Q2,,8685.7,,,,,
54,dataflow,ESTAT:NAMQ_10_GDP(1.0),"Gross domestic product (GDP) and main components (output, expenditure and income) - quarterly data",Q,Quarterly,CP_MEUR,"Current prices, million euro",SCA,Seasonally and calendar adjusted data,B1G,"Value added, gross",EE,Estonia,2024-Q3,,8794.1,,,,,
55,dataflow,ESTAT:NAMQ_10_GDP(1.0),"Gross domestic product (GDP) and main components (output, expenditure and income) - quarterly data",Q,Quarterly,CP_MEUR,"Current prices, million euro",SCA,Seasonally and calendar adjusted data,B1G,"Value added, gross",EE,Estonia,2024-Q4,,8869.4,,,,,
56,dataflow,ESTAT:NAMQ_10_GDP(1.0),"Gross domestic product (GDP) and main components (output, expenditure and income) - quarterly data",Q,Quarterly,CP_MEUR,"Current prices, million euro",SCA,Seasonally and calendar adjusted data,B1G,"Value added, gross",EE,Estonia,2025-Q1,,8972.7,,,,,
57,dataflow,ESTAT:NAMQ_10_GDP(1.0),"Gross domestic product (GDP) and main components (output, expenditure and income) - quarterly data",Q,Quarterly,CP_MEUR,"Current prices, million euro",SCA,Seasonally and calendar adjusted data,B1G,"Value added, gross",EE,Estonia,2025-Q2,,9058.7,,,,,
58,dataflow,ESTAT:NAMQ_10_GDP(1.0),"Gross domestic product (GDP) and main components (output, expenditure and income) - quarterly data",Q,Quarterly,CP_MEUR,"Current prices, million euro",SCA,Seasonally and calendar adjusted data,B1G,"Value added, gross",EE,Estonia,2025-Q3,,9103.2,,,,,
59,dataflow,ESTAT:NAMQ_10_GDP(1.0),"Gross domestic product (GDP) and main components (output, expenditure and income) - quarterly data",Q,Quarterly,CP_MEUR,"Current prices, million euro",SCA,Seasonally and calendar adjusted data,B1G,"Value added, gross",EE,Estonia,2025-Q4,,9153.3,,,,,
60,dataflow,ESTAT:NAMQ_10_GDP(1.0),"Gross domestic product (GDP) and main components (output, expenditure and income) - quarterly data",Q,Quarterly,CP_MEUR,"Current prices, million euro",SCA,Seasonally and calendar adjusted data,B1G,"Value added, gross",EL,Greece,2023-Q1,,48016.3,,p,provisional,,
61,dataflow,ESTAT:NAMQ_10_GDP(1.0),"Gross domestic product (GDP) and main components (output, expenditure and income) - quarterly data",Q,Quarterly,CP_MEUR,"Current prices, million euro",SCA,Seasonally and calendar adjusted data,B1G,"Value added, gross",EL,Greece,2023-Q2,,48552.2,,p,provisional,,
62,dataflow,ESTAT:NAMQ_10_GDP(1.0),"Gross domestic product (GDP) and main components (output, expenditure and income) - quarterly data",Q,Quarterly,CP_MEUR,"Current prices, million euro",SCA,Seasonally and calendar adjusted data,B1G,"Value added, gross",EL,Greece,2023-Q3,,49003.9,,p,provisional,,
63,dataflow,ESTAT:NAMQ_10_GDP(1.0),"Gross domestic product (GDP) and main components (output, expenditure and income) - quarterly data",Q,Quarterly,CP_MEUR,"Current prices, million euro",SCA,Seasonally and calendar adjusted data,B1G,"Value added, gross",EL,Greece,2023-Q4,,49837.9,,p,provisional,,
64,dataflow,ESTAT:NAMQ_10_GDP(1.0),"Gross domestic product (GDP) and main components (output, expenditure and income) - quarterly data",Q,Quarterly,CP_MEUR,"Current prices, million euro",SCA,Seasonally and calendar adjusted data,B1G,"Value added, gross",EL,Greece,2024-Q1,,50337.6,,p,provisional,,
65,dataflow,ESTAT:NAMQ_10_GDP(1.0),"Gross domestic product (GDP) and main components (output, expenditure and income) - quarterly data",Q,Quarterly,CP_MEUR,"Current prices, million euro",SCA,Seasonally and calendar adjusted data,B1G,"Value added, gross",EL,Greece,2024-Q2,,51106.6,,p,provisional,,
66,dataflow,ESTAT:NAMQ_10_GDP(1.0),"Gross domestic product (GDP) and main components (output, expenditure and income) - quarterly data",Q,Quarterly,CP_MEUR,"Current prices, million euro",SCA,Seasonally and calendar adjusted data,B1G,"Value added, gross",EL,Greece,2024-Q3,,51480.1,,p,provisional,,
67,dataflow,ESTAT:NAMQ_10_GDP(1.0),"Gross domestic product (GDP) and main components (output, expenditure and income) - quarterly data",Q,Quarterly,CP_MEUR,"Current prices, million euro",SCA,Seasonally and calendar adjusted data,B1G,"Value added, gross",EL,Greece,2024-Q4,,52001.7,,p,provisional,,
68,dataflow,ESTAT:NAMQ_10_GDP(1.0),"Gross domestic product (GDP) and main components (output, expenditure and income) - quarterly data",Q,Quarterly,CP_MEUR,"Current prices, million euro",SCA,Seasonally and calendar adjusted data,B1G,"Value added, gross",EL,Greece,2025-Q1,,52382.6,,p,provisional,,
69,dataflow,ESTAT:NAMQ_10_GDP(1.0),"Gross domestic product (GDP) and main components (output, expenditure and income) - quarterly data",Q,Quarterly,CP_MEUR,"Current prices, million euro",SCA,Seasonally and calendar adjusted data,B1G,"Value added, gross",EL,Greece,2025-Q2,,53303.4,,p,provisional,,
70,dataflow,ESTAT:NAMQ_10_GDP(1.0),"Gross domestic product (GDP) and main components (output, expenditure and income) - quarterly data",Q,Quarterly,CP_MEUR,"Current prices, million euro",SCA,Seasonally and calendar adjusted data,B1G,"Value added, gross",EL,Greece,2025-Q3,,53849.9,,p,provisional,,
71,dataflow,ESTAT:NAMQ_10_GDP(1.0),"Gross domestic product (GDP) and main components (output, expenditure and income) - quarterly data",Q,Quarterly,CP_MEUR,"Current prices, million euro",SCA,Seasonally and calendar adjusted data,B1G,"Value added, gross",EL,Greece,2025-Q4,,53917.0,,p,provisional,,
72,dataflow,ESTAT:NAMQ_10_GDP(1.0),"Gross domestic product (GDP) and main components (output, expenditure and income) - quarterly data",Q,Quarterly,CP_MEUR,"Current prices, million euro",SCA,Seasonally and calendar adjusted data,B1G,"Value added, gross",ES,Spain,2023-Q1,,336409.0,,p,provisional,,
73,dataflow,ESTAT:NAMQ_10_GDP(1.0),"Gross domestic product (GDP) and main components (output, expenditure and income) - quarterly data",Q,Quarterly,CP_MEUR,"Current prices, million euro",SCA,Seasonally and calendar adjusted data,B1G,"Value added, gross",ES,Spain,2023-Q2,,335683.0,,p,provisional,,
74,dataflow,ESTAT:NAMQ_10_GDP(1.0),"Gross domestic product (GDP) and main components (output, expenditure and income) - quarterly data",Q,Quarterly,CP_MEUR,"Current prices, million euro",SCA,Seasonally and calendar adjusted data,B1G,"Value added, gross",ES,Spain,2023-Q3,,341159.0,,p,provisional,,
75,dataflow,ESTAT:NAMQ_10_GDP(1.0),"Gross domestic product (GDP) and main components (output, expenditure and income) - quarterly data",Q,Quarterly,CP_MEUR,"Current prices, million euro",SCA,Seasonally and calendar adjusted data,B1G,"Value added, gross",ES,Spain,2023-Q4,,353500.0,,p,provisional,,
76,dataflow,ESTAT:NAMQ_10_GDP(1.0),"Gross domestic product (GDP) and main components (output, expenditure and income) - quarterly data",Q,Quarterly,CP_MEUR,"Current prices, million euro",SCA,Seasonally and calendar adjusted data,B1G,"Value added, gross",ES,Spain,2024-Q1,,357357.0,,p,provisional,,
77,dataflow,ESTAT:NAMQ_10_GDP(1.0),"Gross domestic product (GDP) and main components (output, expenditure and income) - quarterly data",Q,Quarterly,CP_MEUR,"Current prices, million euro",SCA,Seasonally and calendar adjusted data,B1G,"Value added, gross",ES,Spain,2024-Q2,,359823.0,,p,provisional,,
78,dataflow,ESTAT:NAMQ_10_GDP(1.0),"Gross domestic product (GDP) and main components (output, expenditure and income) - quarterly data",Q,Quarterly,CP_MEUR,"Current prices, million euro",SCA,Seasonally and calendar adjusted data,B1G,"Value added, gross",ES,Spain,2024-Q3,,364470.0,,p,provisional,,
79,dataflow,ESTAT:NAMQ_10_GDP(1.0),"Gross domestic product (GDP) and main components (output, expenditure and income) - quarterly data",Q,Quarterly,CP_MEUR,"Current prices, million euro",SCA,Seasonally and calendar adjusted data,B1G,"Value added, gross",ES,Spain,2024-Q4,,370933.0,,p,provisional,,
80,dataflow,ESTAT:NAMQ_10_GDP(1.0),"Gross domestic product (GDP) and main components (output, expenditure and income) - quarterly data",Q,Quarterly,CP_MEUR,"Current prices, million euro",SCA,Seasonally and calendar adjusted data,B1G,"Value added, gross",ES,Spain,2025-Q1,,374369.0,,p,provisional,,
81,dataflow,ESTAT:NAMQ_10_GDP(1.0),"Gross domestic product (GDP) and main components (output, expenditure and income) - quarterly data",Q,Quarterly,CP_MEUR,"Current prices, million euro",SCA,Seasonally and calendar adjusted data,B1G,"Value added, gross",ES,Spain,2025-Q2,,377809.0,,p,provisional,,
82,dataflow,ESTAT:NAMQ_10_GDP(1.0),"Gross domestic product (GDP) and main components (output, expenditure and income) - quarterly data",Q,Quarterly,CP_MEUR,"Current prices, million euro",SCA,Seasonally and calendar adjusted data,B1G,"Value added, gross",ES,Spain,2025-Q3,,382635.0,,p,provisional,,
83,dataflow,ESTAT:NAMQ_10_GDP(1.0),"Gross domestic product (GDP) and main components (output, expenditure and income) - quarterly data",Q,Quarterly,CP_MEUR,"Current prices, million euro",SCA,Seasonally and calendar adjusted data,B1G,"Value added, gross",ES,Spain,2025-Q4,,393996.0,,p,provisional,,
84,dataflow,ESTAT:NAMQ_10_GDP(1.0),"Gross domestic product (GDP) and main components (output, expenditure and income) - quarterly data",Q,Quarterly,CP_MEUR,"Current prices, million euro",SCA,Seasonally and calendar adjusted data,B1G,"Value added, gross",FI,Finland,2023-Q1,,59694.0,,,,,
85,dataflow,ESTAT:NAMQ_10_GDP(1.0),"Gross domestic product (GDP) and main components (output, expenditure and income) - quarterly data",Q,Quarterly,CP_MEUR,"Current prices, million euro",SCA,Seasonally and calendar adjusted data,B1G,"Value added, gross",FI,Finland,2023-Q2,,60356.0,,,,,
86,dataflow,ESTAT:NAMQ_10_GDP(1.0),"Gross domestic product (GDP) and main components (output, expenditure and income) - quarterly data",Q,Quarterly,CP_MEUR,"Current prices, million euro",SCA,Seasonally and calendar adjusted data,B1G,"Value added, gross",FI,Finland,2023-Q3,,59786.0,,,,,
87,dataflow,ESTAT:NAMQ_10_GDP(1.0),"Gross domestic product (GDP) and main components (output, expenditure and income) - quarterly data",Q,Quarterly,CP_MEUR,"Current prices, million euro",SCA,Seasonally and calendar adjusted data,B1G,"Value added, gross",FI,Finland,2023-Q4,,59285.0,,,,,
88,dataflow,ESTAT:NAMQ_10_GDP(1.0),"Gross domestic product (GDP) and main components (output, expenditure and income) - quarterly data",Q,Quarterly,CP_MEUR,"Current prices, million euro",SCA,Seasonally and calendar adjusted data,B1G,"Value added, gross",FI,Finland,2024-Q1,,59654.0,,,,,
89,dataflow,ESTAT:NAMQ_10_GDP(1.0),"Gross domestic product (GDP) and main components (output, expenditure and income) - quarterly data",Q,Quarterly,CP_MEUR,"Current prices, million euro",SCA,Seasonally and calendar adjusted data,B1G,"Value added, gross",FI,Finland,2024-Q2,,60169.0,,,,,
90,dataflow,ESTAT:NAMQ_10_GDP(1.0),"Gross domestic product (GDP) and main components (output, expenditure and income) - quarterly data",Q,Quarterly,CP_MEUR,"Current prices, million euro",SCA,Seasonally and calendar adjusted data,B1G,"Value added, gross",FI,Finland,2024-Q3,,60747.0,,,,,
91,dataflow,ESTAT:NAMQ_10_GDP(1.0),"Gross domestic product (GDP) and main components (output, expenditure and income) - quarterly data",Q,Quarterly,CP_MEUR,"Current prices, million euro",SCA,Seasonally and calendar adjusted data,B1G,"Value added, gross",FI,Finland,2024-Q4,,60769.0,,,,,
92,dataflow,ESTAT:NAMQ_10_GDP(1.0),"Gross domestic product (GDP) and main components (output, expenditure and income) - quarterly data",Q,Quarterly,CP_MEUR,"Current prices, million euro",SCA,Seasonally and calendar adjusted data,B1G,"Value added, gross",FI,Finland,2025-Q1,,60990.0,,,,,
93,dataflow,ESTAT:NAMQ_10_GDP(1.0),"Gross domestic product (GDP) and main components (output, expenditure and income) - quarterly data",Q,Quarterly,CP_MEUR,"Current prices, million euro",SCA,Seasonally and calendar adjusted data,B1G,"Value added, gross",FI,Finland,2025-Q2,,60898.0,,,,,
94,dataflow,ESTAT:NAMQ_10_GDP(1.0),"Gross domestic product (GDP) and main components (output, expenditure and income) - quarterly data",Q,Quarterly,CP_MEUR,"Current prices, million euro",SCA,Seasonally and calendar adjusted data,B1G,"Value added, gross",FI,Finland,2025-Q3,,61085.0,,,,,
95,dataflow,ESTAT:NAMQ_10_GDP(1.0),"Gross domestic product (GDP) and main components (output, expenditure and income) - quarterly data",Q,Quarterly,CP_MEUR,"Current prices, million euro",SCA,Seasonally and calendar adjusted data,B1G,"Value added, gross",FI,Finland,2025-Q4,,61764.0,,,,,
96,dataflow,ESTAT:NAMQ_10_GDP(1.0),"Gross domestic product (GDP) and main components (output, expenditure and income) - quarterly data",Q,Quarterly,CP_MEUR,"Current prices, million euro",SCA,Seasonally and calendar adjusted data,B1G,"Value added, gross",FR,France,2023-Q1,,619782.2,,,,,
97,dataflow,ESTAT:NAMQ_10_GDP(1.0),"Gross domestic product (GDP) and main components (output, expenditure and income) - quarterly data",Q,Quarterly,CP_MEUR,"Current prices, million euro",SCA,Seasonally and calendar adjusted data,B1G,"Value added, gross",FR,France,2023-Q2,,634286.6,,,,,
98,dataflow,ESTAT:NAMQ_10_GDP(1.0),"Gross domestic product (GDP) and main components (output, expenditure and income) - quarterly data",Q,Quarterly,CP_MEUR,"Current prices, million euro",SCA,Seasonally and calendar adjusted data,B1G,"Value added, gross",FR,France,2023-Q3,,639035.9,,,,,
99,dataflow,ESTAT:NAMQ_10_GDP(1.0),"Gross domestic product (GDP) and main components (output, expenditure and income) - quarterly data",Q,Quarterly,CP_MEUR,"Current prices, million euro",SCA,Seasonally and calendar adjusted data,B1G,"Value added, gross",FR,France,2023-Q4,,648595.6,,,,,
100,dataflow,ESTAT:NAMQ_10_GDP(1.0),"Gross domestic product (GDP) and main components (output, expenditure and income) - quarterly data",Q,Quarterly,CP_MEUR,"Current prices, million euro",SCA,Seasonally and calendar adjusted data,B1G,"Value added, gross",FR,France,2024-Q1,,648929.6,,,,,
101,dataflow,ESTAT:NAMQ_10_GDP(1.0),"Gross domestic product (GDP) and main components (output, expenditure and income) - quarterly data",Q,Quarterly,CP_MEUR,"Current prices, million euro",SCA,Seasonally and calendar adjusted data,B1G,"Value added, gross",FR,France,2024-Q2,,648221.9,,,,,
102,dataflow,ESTAT:NAMQ_10_GDP(1.0),"Gross domestic product (GDP) and main components (output, expenditure and income) - quarterly data",Q,Quarterly,CP_MEUR,"Current prices, million euro",SCA,Seasonally and calendar adjusted data,B1G,"Value added, gross",FR,France,2024-Q3,,658120.4,,,,,
103,dataflow,ESTAT:NAMQ_10_GDP(1.0),"Gross domestic product (GDP) and main components (output, expenditure and income) - quarterly data",Q,Quarterly,CP_MEUR,"Current prices, million euro",SCA,Seasonally and calendar adjusted data,B1G,"Value added, gross",FR,France,2024-Q4,,657112.6,,,,,
104,dataflow,ESTAT:NAMQ_10_GDP(1.0),"Gross domestic product (GDP) and main components (output, expenditure and income) - quarterly data",Q,Quarterly,CP_MEUR,"Current prices, million euro",SCA,Seasonally and calendar adjusted data,B1G,"Value added, gross",FR,France,2025-Q1,,659225.9,,,,,
105,dataflow,ESTAT:NAMQ_10_GDP(1.0),"Gross domestic product (GDP) and main components (output, expenditure and income) - quarterly data",Q,Quarterly,CP_MEUR,"Current prices, million euro",SCA,Seasonally and calendar adjusted data,B1G,"Value added, gross",FR,France,2025-Q2,,660722.3,,,,,
106,dataflow,ESTAT:NAMQ_10_GDP(1.0),"Gross domestic product (GDP) and main components (output, expenditure and income) - quarterly data",Q,Quarterly,CP_MEUR,"Current prices, million euro",SCA,Seasonally and calendar adjusted data,B1G,"Value added, gross",FR,France,2025-Q3,,666381.3,,,,,
107,dataflow,ESTAT:NAMQ_10_GDP(1.0),"Gross domestic product (GDP) and main components (output, expenditure and income) - quarterly data",Q,Quarterly,CP_MEUR,"Current prices, million euro",SCA,Seasonally and calendar adjusted data,B1G,"Value added, gross",FR,France,2025-Q4,,670564.2,,,,,
108,dataflow,ESTAT:NAMQ_10_GDP(1.0),"Gross domestic product (GDP) and main components (output, expenditure and income) - quarterly data",Q,Quarterly,CP_MEUR,"Current prices, million euro",SCA,Seasonally and calendar adjusted data,B1G,"Value added, gross",HR,Croatia,2023-Q1,,16037.6,,,,,
109,dataflow,ESTAT:NAMQ_10_GDP(1.0),"Gross domestic product (GDP) and main components (output, expenditure and income) - quarterly data",Q,Quarterly,CP_MEUR,"Current prices, million euro",SCA,Seasonally and calendar adjusted data,B1G,"Value added, gross",HR,Croatia,2023-Q2,,16388.3,,,,,
110,dataflow,ESTAT:NAMQ_10_GDP(1.0),"Gross domestic product (GDP) and main components (output, expenditure and income) - quarterly data",Q,Quarterly,CP_MEUR,"Current prices, million euro",SCA,Seasonally and calendar adjusted data,B1G,"Value added, gross",HR,Croatia,2023-Q3,,16725.8,,,,,
111,dataflow,ESTAT:NAMQ_10_GDP(1.0),"Gross domestic product (GDP) and main components (output, expenditure and income) - quarterly data",Q,Quarterly,CP_MEUR,"Current prices, million euro",SCA,Seasonally and calendar adjusted data,B1G,"Value added, gross",HR,Croatia,2023-Q4,,17063.1,,,,,
112,dataflow,ESTAT:NAMQ_10_GDP(1.0),"Gross domestic product (GDP) and main components (output, expenditure and income) - quarterly data",Q,Quarterly,CP_MEUR,"Current prices, million euro",SCA,Seasonally and calendar adjusted data,B1G,"Value added, gross",HR,Croatia,2024-Q1,,17520.6,,p,provisional,,
113,dataflow,ESTAT:NAMQ_10_GDP(1.0),"Gross domestic product (GDP) and main components (output, expenditure and income) - quarterly data",Q,Quarterly,CP_MEUR,"Current prices, million euro",SCA,Seasonally and calendar adjusted data,B1G,"Value added, gross",HR,Croatia,2024-Q2,,17725.1,,p,provisional,,
114,dataflow,ESTAT:NAMQ_10_GDP(1.0),"Gross domestic product (GDP) and main components (output, expenditure and income) - quarterly data",Q,Quarterly,CP_MEUR,"Current prices, million euro",SCA,Seasonally and calendar adjusted data,B1G,"Value added, gross",HR,Croatia,2024-Q3,,17897.3,,p,provisional,,
115,dataflow,ESTAT:NAMQ_10_GDP(1.0),"Gross domestic product (GDP) and main components (output, expenditure and income) - quarterly data",Q,Quarterly,CP_MEUR,"Current prices, million euro",SCA,Seasonally and calendar adjusted data,B1G,"Value added, gross",HR,Croatia,2024-Q4,,18065.2,,p,provisional,,
116,dataflow,ESTAT:NAMQ_10_GDP(1.0),"Gross domestic product (GDP) and main components (output, expenditure and income) - quarterly data",Q,Quarterly,CP_MEUR,"Current prices, million euro",SCA,Seasonally and calendar adjusted data,B1G,"Value added, gross",HR,Croatia,2025-Q1,,18420.3,,p,provisional,,
117,dataflow,ESTAT:NAMQ_10_GDP(1.0),"Gross domestic product (GDP) and main components (output, expenditure and income) - quarterly data",Q,Quarterly,CP_MEUR,"Current prices, million euro",SCA,Seasonally and calendar adjusted data,B1G,"Value added, gross",HR,Croatia,2025-Q2,,18989.4,,p,provisional,,
118,dataflow,ESTAT:NAMQ_10_GDP(1.0),"Gross domestic product (GDP) and main components (output, expenditure and income) - quarterly data",Q,Quarterly,CP_MEUR,"Current prices, million euro",SCA,Seasonally and calendar adjusted data,B1G,"Value added, gross",HR,Croatia,2025-Q3,,19369.3,,p,provisional,,
119,dataflow,ESTAT:NAMQ_10_GDP(1.0),"Gross domestic product (GDP) and main components (output, expenditure and income) - quarterly data",Q,Quarterly,CP_MEUR,"Current prices, million euro",SCA,Seasonally and calendar adjusted data,B1G,"Value added, gross",HR,Croatia,2025-Q4,,20034.1,,p,provisional,,
120,dataflow,ESTAT:NAMQ_10_GDP(1.0),"Gross domestic product (GDP) and main components (output, expenditure and income) - quarterly data",Q,Quarterly,CP_MEUR,"Current prices, million euro",SCA,Seasonally and calendar adjusted data,B1G,"Value added, gross",IE,Ireland,2023-Q1,,121950.4,,,,,
121,dataflow,ESTAT:NAMQ_10_GDP(1.0),"Gross domestic product (GDP) and main components (output, expenditure and income) - quarterly data",Q,Quarterly,CP_MEUR,"Current prices, million euro",SCA,Seasonally and calendar adjusted data,B1G,"Value added, gross",IE,Ireland,2023-Q2,,126546.3,,,,,
122,dataflow,ESTAT:NAMQ_10_GDP(1.0),"Gross domestic product (GDP) and main components (output, expenditure and income) - quarterly data",Q,Quarterly,CP_MEUR,"Current prices, million euro",SCA,Seasonally and calendar adjusted data,B1G,"Value added, gross",IE,Ireland,2023-Q3,,126955.4,,,,,
123,dataflow,ESTAT:NAMQ_10_GDP(1.0),"Gross domestic product (GDP) and main components (output, expenditure and income) - quarterly data",Q,Quarterly,CP_MEUR,"Current prices, million euro",SCA,Seasonally and calendar adjusted data,B1G,"Value added, gross",IE,Ireland,2023-Q4,,125205.1,,,,,
124,dataflow,ESTAT:NAMQ_10_GDP(1.0),"Gross domestic product (GDP) and main components (output, expenditure and income) - quarterly data",Q,Quarterly,CP_MEUR,"Current prices, million euro",SCA,Seasonally and calendar adjusted data,B1G,"Value added, gross",IE,Ireland,2024-Q1,,122202.9,,,,,
125,dataflow,ESTAT:NAMQ_10_GDP(1.0),"Gross domestic product (GDP) and main components (output, expenditure and income) - quarterly data",Q,Quarterly,CP_MEUR,"Current prices, million euro",SCA,Seasonally and calendar adjusted data,B1G,"Value added, gross",IE,Ireland,2024-Q2,,131632.4,,,,,
126,dataflow,ESTAT:NAMQ_10_GDP(1.0),"Gross domestic product (GDP) and main components (output, expenditure and income) - quarterly data",Q,Quarterly,CP_MEUR,"Current prices, million euro",SCA,Seasonally and calendar adjusted data,B1G,"Value added, gross",IE,Ireland,2024-Q3,,137050.3,,,,,
127,dataflow,ESTAT:NAMQ_10_GDP(1.0),"Gross domestic product (GDP) and main components (output, expenditure and income) - quarterly data",Q,Quarterly,CP_MEUR,"Current prices, million euro",SCA,Seasonally and calendar adjusted data,B1G,"Value added, gross",IE,Ireland,2024-Q4,,146414.7,,,,,
128,dataflow,ESTAT:NAMQ_10_GDP(1.0),"Gross domestic product (GDP) and main components (output, expenditure and income) - quarterly data",Q,Quarterly,CP_MEUR,"Current prices, million euro",SCA,Seasonally and calendar adjusted data,B1G,"Value added, gross",IE,Ireland,2025-Q1,,152946.8,,,,,
129,dataflow,ESTAT:NAMQ_10_GDP(1.0),"Gross domestic product (GDP) and main components (output, expenditure and income) - quarterly data",Q,Quarterly,CP_MEUR,"Current prices, million euro",SCA,Seasonally and calendar adjusted data,B1G,"Value added, gross",IE,Ireland,2025-Q2,,153726.7,,,,,
130,dataflow,ESTAT:NAMQ_10_GDP(1.0),"Gross domestic product (GDP) and main components (output, expenditure and income) - quarterly data",Q,Quarterly,CP_MEUR,"Current prices, million euro",SCA,Seasonally and calendar adjusted data,B1G,"Value added, gross",IE,Ireland,2025-Q3,,150386.5,,,,,
131,dataflow,ESTAT:NAMQ_10_GDP(1.0),"Gross domestic product (GDP) and main components (output, expenditure and income) - quarterly data",Q,Quarterly,CP_MEUR,"Current prices, million euro",SCA,Seasonally and calendar adjusted data,B1G,"Value added, gross",IE,Ireland,2025-Q4,,155560.1,,,,,
132,dataflow,ESTAT:NAMQ_10_GDP(1.0),"Gross domestic product (GDP) and main components (output, expenditure and income) - quarterly data",Q,Quarterly,CP_MEUR,"Current prices, million euro",SCA,Seasonally and calendar adjusted data,B1G,"Value added, gross",IT,Italy,2023-Q1,,474390.5,,,,,
133,dataflow,ESTAT:NAMQ_10_GDP(1.0),"Gross domestic product (GDP) and main components (output, expenditure and income) - quarterly data",Q,Quarterly,CP_MEUR,"Current prices, million euro",SCA,Seasonally and calendar adjusted data,B1G,"Value added, gross",IT,Italy,2023-Q2,,481452.4,,,,,
134,dataflow,ESTAT:NAMQ_10_GDP(1.0),"Gross domestic product (GDP) and main components (output, expenditure and income) - quarterly data",Q,Quarterly,CP_MEUR,"Current prices, million euro",SCA,Seasonally and calendar adjusted data,B1G,"Value added, gross",IT,Italy,2023-Q3,,484075.6,,,,,
135,dataflow,ESTAT:NAMQ_10_GDP(1.0),"Gross domestic product (GDP) and main components (output, expenditure and income) - quarterly data",Q,Quarterly,CP_MEUR,"Current prices, million euro",SCA,Seasonally and calendar adjusted data,B1G,"Value added, gross",IT,Italy,2023-Q4,,486305.8,,,,,
136,dataflow,ESTAT:NAMQ_10_GDP(1.0),"Gross domestic product (GDP) and main components (output, expenditure and income) - quarterly data",Q,Quarterly,CP_MEUR,"Current prices, million euro",SCA,Seasonally and calendar adjusted data,B1G,"Value added, gross",IT,Italy,2024-Q1,,489505.7,,,,,
137,dataflow,ESTAT:NAMQ_10_GDP(1.0),"Gross domestic product (GDP) and main components (output, expenditure and income) - quarterly data",Q,Quarterly,CP_MEUR,"Current prices, million euro",SCA,Seasonally and calendar adjusted data,B1G,"Value added, gross",IT,Italy,2024-Q2,,489259.5,,,,,
138,dataflow,ESTAT:NAMQ_10_GDP(1.0),"Gross domestic product (GDP) and main components (output, expenditure and income) - quarterly data",Q,Quarterly,CP_MEUR,"Current prices, million euro",SCA,Seasonally and calendar adjusted data,B1G,"Value added, gross",IT,Italy,2024-Q3,,491757.3,,,,,
139,dataflow,ESTAT:NAMQ_10_GDP(1.0),"Gross domestic product (GDP) and main components (output, expenditure and income) - quarterly data",Q,Quarterly,CP_MEUR,"Current prices, million euro",SCA,Seasonally and calendar adjusted data,B1G,"Value added, gross",IT,Italy,2024-Q4,,495294.2,,,,,
140,dataflow,ESTAT:NAMQ_10_GDP(1.0),"Gross domestic product (GDP) and main components (output, expenditure and income) - quarterly data",Q,Quarterly,CP_MEUR,"Current prices, million euro",SCA,Seasonally and calendar adjusted data,B1G,"Value added, gross",IT,Italy,2025-Q1,,498257.8,,,,,
141,dataflow,ESTAT:NAMQ_10_GDP(1.0),"Gross domestic product (GDP) and main components (output, expenditure and income) - quarterly data",Q,Quarterly,CP_MEUR,"Current prices, million euro",SCA,Seasonally and calendar adjusted data,B1G,"Value added, gross",IT,Italy,2025-Q2,,501981.7,,,,,
142,dataflow,ESTAT:NAMQ_10_GDP(1.0),"Gross domestic product (GDP) and main components (output, expenditure and income) - quarterly data",Q,Quarterly,CP_MEUR,"Current prices, million euro",SCA,Seasonally and calendar adjusted data,B1G,"Value added, gross",IT,Italy,2025-Q3,,504662.9,,,,,
143,dataflow,ESTAT:NAMQ_10_GDP(1.0),"Gross domestic product (GDP) and main components (output, expenditure and income) - quarterly data",Q,Quarterly,CP_MEUR,"Current prices, million euro",SCA,Seasonally and calendar adjusted data,B1G,"Value added, gross",IT,Italy,2025-Q4,,509509.0,,,,,
144,dataflow,ESTAT:NAMQ_10_GDP(1.0),"Gross domestic product (GDP) and main components (output, expenditure and income) - quarterly data",Q,Quarterly,CP_MEUR,"Current prices, million euro",SCA,Seasonally and calendar adjusted data,B1G,"Value added, gross",LT,Lithuania,2023-Q1,,16408.7,,,,,
145,dataflow,ESTAT:NAMQ_10_GDP(1.0),"Gross domestic product (GDP) and main components (output, expenditure and income) - quarterly data",Q,Quarterly,CP_MEUR,"Current prices, million euro",SCA,Seasonally and calendar adjusted data,B1G,"Value added, gross",LT,Lithuania,2023-Q2,,16784.7,,,,,
146,dataflow,ESTAT:NAMQ_10_GDP(1.0),"Gross domestic product (GDP) and main components (output, expenditure and income) - quarterly data",Q,Quarterly,CP_MEUR,"Current prices, million euro",SCA,Seasonally and calendar adjusted data,B1G,"Value added, gross",LT,Lithuania,2023-Q3,,16813.6,,,,,
147,dataflow,ESTAT:NAMQ_10_GDP(1.0),"Gross domestic product (GDP) and main components (output, expenditure and income) - quarterly data",Q,Quarterly,CP_MEUR,"Current prices, million euro",SCA,Seasonally and calendar adjusted data,B1G,"Value added, gross",LT,Lithuania,2023-Q4,,17017.0,,,,,
148,dataflow,ESTAT:NAMQ_10_GDP(1.0),"Gross domestic product (GDP) and main components (output, expenditure and income) - quarterly data",Q,Quarterly,CP_MEUR,"Current prices, million euro",SCA,Seasonally and calendar adjusted data,B1G,"Value added, gross",LT,Lithuania,2024-Q1,,17166.0,,,,,
149,dataflow,ESTAT:NAMQ_10_GDP(1.0),"Gross domestic product (GDP) and main components (output, expenditure and income) - quarterly data",Q,Quarterly,CP_MEUR,"Current prices, million euro",SCA,Seasonally and calendar adjusted data,B1G,"Value added, gross",LT,Lithuania,2024-Q2,,17537.8,,,,,
150,dataflow,ESTAT:NAMQ_10_GDP(1.0),"Gross domestic product (GDP) and main components (output, expenditure and income) - quarterly data",Q,Quarterly,CP_MEUR,"Current prices, million euro",SCA,Seasonally and calendar adjusted data,B1G,"Value added, gross",LT,Lithuania,2024-Q3,,17982.8,,,,,
151,dataflow,ESTAT:NAMQ_10_GDP(1.0),"Gross domestic product (GDP) and main components (output, expenditure and income) - quarterly data",Q,Quarterly,CP_MEUR,"Current prices, million euro",SCA,Seasonally and calendar adjusted data,B1G,"Value added, gross",LT,Lithuania,2024-Q4,,18059.2,,,,,
152,dataflow,ESTAT:NAMQ_10_GDP(1.0),"Gross domestic product (GDP) and main components (output, expenditure and income) - quarterly data",Q,Quarterly,CP_MEUR,"Current prices, million euro",SCA,Seasonally and calendar adjusted data,B1G,"Value added, gross",LT,Lithuania,2025-Q1,,18360.3,,,,,
153,dataflow,ESTAT:NAMQ_10_GDP(1.0),"Gross domestic product (GDP) and main components (output, expenditure and income) - quarterly data",Q,Quarterly,CP_MEUR,"Current prices, million euro",SCA,Seasonally and calendar adjusted data,B1G,"Value added, gross",LT,Lithuania,2025-Q2,,18665.5,,,,,
154,dataflow,ESTAT:NAMQ_10_GDP(1.0),"Gross domestic product (GDP) and main components (output, expenditure and income) - quarterly data",Q,Quarterly,CP_MEUR,"Current prices, million euro",SCA,Seasonally and calendar adjusted data,B1G,"Value added, gross",LT,Lithuania,2025-Q3,,18881.4,,,,,
155,dataflow,ESTAT:NAMQ_10_GDP(1.0),"Gross domestic product (GDP) and main components (output, expenditure and income) - quarterly data",Q,Quarterly,CP_MEUR,"Current prices, million euro",SCA,Seasonally and calendar adjusted data,B1G,"Value added, gross",LT,Lithuania,2025-Q4,,19263.9,,,,,
156,dataflow,ESTAT:NAMQ_10_GDP(1.0),"Gross domestic product (GDP) and main components (output, expenditure and income) - quarterly data",Q,Quarterly,CP_MEUR,"Current prices, million euro",SCA,Seasonally and calendar adjusted data,B1G,"Value added, gross",LU,Luxembourg,2023-Q1,,18362.8,,,,,
157,dataflow,ESTAT:NAMQ_10_GDP(1.0),"Gross domestic product (GDP) and main components (output, expenditure and income) - quarterly data",Q,Quarterly,CP_MEUR,"Current prices, million euro",SCA,Seasonally and calendar adjusted data,B1G,"Value added, gross",LU,Luxembourg,2023-Q2,,18995.8,,,,,
158,dataflow,ESTAT:NAMQ_10_GDP(1.0),"Gross domestic product (GDP) and main components (output, expenditure and income) - quarterly data",Q,Quarterly,CP_MEUR,"Current prices, million euro",SCA,Seasonally and calendar adjusted data,B1G,"Value added, gross",LU,Luxembourg,2023-Q3,,19058.4,,,,,
159,dataflow,ESTAT:NAMQ_10_GDP(1.0),"Gross domestic product (GDP) and main components (output, expenditure and income) - quarterly data",Q,Quarterly,CP_MEUR,"Current prices, million euro",SCA,Seasonally and calendar adjusted data,B1G,"Value added, gross",LU,Luxembourg,2023-Q4,,18927.9,,,,,
160,dataflow,ESTAT:NAMQ_10_GDP(1.0),"Gross domestic product (GDP) and main components (output, expenditure and income) - quarterly data",Q,Quarterly,CP_MEUR,"Current prices, million euro",SCA,Seasonally and calendar adjusted data,B1G,"Value added, gross",LU,Luxembourg,2024-Q1,,19409.3,,,,,
161,dataflow,ESTAT:NAMQ_10_GDP(1.0),"Gross domestic product (GDP) and main components (output, expenditure and income) - quarterly data",Q,Quarterly,CP_MEUR,"Current prices, million euro",SCA,Seasonally and calendar adjusted data,B1G,"Value added, gross",LU,Luxembourg,2024-Q2,,19578.6,,,,,
162,dataflow,ESTAT:NAMQ_10_GDP(1.0),"Gross domestic product (GDP) and main components (output, expenditure and income) - quarterly data",Q,Quarterly,CP_MEUR,"Current prices, million euro",SCA,Seasonally and calendar adjusted data,B1G,"Value added, gross",LU,Luxembourg,2024-Q3,,19374.8,,,,,
163,dataflow,ESTAT:NAMQ_10_GDP(1.0),"Gross domestic product (GDP) and main components (output, expenditure and income) - quarterly data",Q,Quarterly,CP_MEUR,"Current prices, million euro",SCA,Seasonally and calendar adjusted data,B1G,"Value added, gross",LU,Luxembourg,2024-Q4,,19599.6,,,,,
164,dataflow,ESTAT:NAMQ_10_GDP(1.0),"Gross domestic product (GDP) and main components (output, expenditure and income) - quarterly data",Q,Quarterly,CP_MEUR,"Current prices, million euro",SCA,Seasonally and calendar adjusted data,B1G,"Value added, gross",LU,Luxembourg,2025-Q1,,19843.2,,p,provisional,,
165,dataflow,ESTAT:NAMQ_10_GDP(1.0),"Gross domestic product (GDP) and main components (output, expenditure and income) - quarterly data",Q,Quarterly,CP_MEUR,"Current prices, million euro",SCA,Seasonally and calendar adjusted data,B1G,"Value added, gross",LU,Luxembourg,2025-Q2,,19889.7,,p,provisional,,
166,dataflow,ESTAT:NAMQ_10_GDP(1.0),"Gross domestic product (GDP) and main components (output, expenditure and income) - quarterly data",Q,Quarterly,CP_MEUR,"Current prices, million euro",SCA,Seasonally and calendar adjusted data,B1G,"Value added, gross",LU,Luxembourg,2025-Q3,,20510.3,,p,provisional,,
167,dataflow,ESTAT:NAMQ_10_GDP(1.0),"Gross domestic product (GDP) and main components (output, expenditure and income) - quarterly data",Q,Quarterly,CP_MEUR,"Current prices, million euro",SCA,Seasonally and calendar adjusted data,B1G,"Value added, gross",LU,Luxembourg,2025-Q4,,20978.5,,p,provisional,,
168,dataflow,ESTAT:NAMQ_10_GDP(1.0),"Gross domestic product (GDP) and main components (output, expenditure and income) - quarterly data",Q,Quarterly,CP_MEUR,"Current prices, million euro",SCA,Seasonally and calendar adjusted data,B1G,"Value added, gross",LV,Latvia,2023-Q1,,8960.4,,,,,
169,dataflow,ESTAT:NAMQ_10_GDP(1.0),"Gross domestic product (GDP) and main components (output, expenditure and income) - quarterly data",Q,Quarterly,CP_MEUR,"Current prices, million euro",SCA,Seasonally and calendar adjusted data,B1G,"Value added, gross",LV,Latvia,2023-Q2,,8647.1,,,,,
170,dataflow,ESTAT:NAMQ_10_GDP(1.0),"Gross domestic product (GDP) and main components (output, expenditure and income) - quarterly data",Q,Quarterly,CP_MEUR,"Current prices, million euro",SCA,Seasonally and calendar adjusted data,B1G,"Value added, gross",LV,Latvia,2023-Q3,,8573.0,,,,,
171,dataflow,ESTAT:NAMQ_10_GDP(1.0),"Gross domestic product (GDP) and main components (output, expenditure and income) - quarterly data",Q,Quarterly,CP_MEUR,"Current prices, million euro",SCA,Seasonally and calendar adjusted data,B1G,"Value added, gross",LV,Latvia,2023-Q4,,8664.9,,,,,
172,dataflow,ESTAT:NAMQ_10_GDP(1.0),"Gross domestic product (GDP) and main components (output, expenditure and income) - quarterly data",Q,Quarterly,CP_MEUR,"Current prices, million euro",SCA,Seasonally and calendar adjusted data,B1G,"Value added, gross",LV,Latvia,2024-Q1,,8704.6,,,,,
173,dataflow,ESTAT:NAMQ_10_GDP(1.0),"Gross domestic product (GDP) and main components (output, expenditure and income) - quarterly data",Q,Quarterly,CP_MEUR,"Current prices, million euro",SCA,Seasonally and calendar adjusted data,B1G,"Value added, gross",LV,Latvia,2024-Q2,,8890.1,,,,,
174,dataflow,ESTAT:NAMQ_10_GDP(1.0),"Gross domestic product (GDP) and main components (output, expenditure and income) - quarterly data",Q,Quarterly,CP_MEUR,"Current prices, million euro",SCA,Seasonally and calendar adjusted data,B1G,"Value added, gross",LV,Latvia,2024-Q3,,8815.5,,,,,
175,dataflow,ESTAT:NAMQ_10_GDP(1.0),"Gross domestic product (GDP) and main components (output, expenditure and income) - quarterly data",Q,Quarterly,CP_MEUR,"Current prices, million euro",SCA,Seasonally and calendar adjusted data,B1G,"Value added, gross",LV,Latvia,2024-Q4,,9018.6,,,,,
176,dataflow,ESTAT:NAMQ_10_GDP(1.0),"Gross domestic product (GDP) and main components (output, expenditure and income) - quarterly data",Q,Quarterly,CP_MEUR,"Current prices, million euro",SCA,Seasonally and calendar adjusted data,B1G,"Value added, gross",LV,Latvia,2025-Q1,,9116.1,,,,,
177,dataflow,ESTAT:NAMQ_10_GDP(1.0),"Gross domestic product (GDP) and main components (output, expenditure and income) - quarterly data",Q,Quarterly,CP_MEUR,"Current prices, million euro",SCA,Seasonally and calendar adjusted data,B1G,"Value added, gross",LV,Latvia,2025-Q2,,9254.0,,,,,
178,dataflow,ESTAT:NAMQ_10_GDP(1.0),"Gross domestic product (GDP) and main components (output, expenditure and income) - quarterly data",Q,Quarterly,CP_MEUR,"Current prices, million euro",SCA,Seasonally and calendar adjusted data,B1G,"Value added, gross",LV,Latvia,2025-Q3,,9423.4,,,,,
179,dataflow,ESTAT:NAMQ_10_GDP(1.0),"Gross domestic product (GDP) and main components (output, expenditure and income) - quarterly data",Q,Quarterly,CP_MEUR,"Current prices, million euro",SCA,Seasonally and calendar adjusted data,B1G,"Value added, gross",LV,Latvia,2025-Q4,,9564.3,,,,,
180,dataflow,ESTAT:NAMQ_10_GDP(1.0),"Gross domestic product (GDP) and main components (output, expenditure and income) - quarterly data",Q,Quarterly,CP_MEUR,"Current prices, million euro",SCA,Seasonally and calendar adjusted data,B1G,"Value added, gross",MT,Malta,2023-Q1,,4634.1,,,,,
181,dataflow,ESTAT:NAMQ_10_GDP(1.0),"Gross domestic product (GDP) and main components (output, expenditure and income) - quarterly data",Q,Quarterly,CP_MEUR,"Current prices, million euro",SCA,Seasonally and calendar adjusted data,B1G,"Value added, gross",MT,Malta,2023-Q2,,4828.1,,,,,
182,dataflow,ESTAT:NAMQ_10_GDP(1.0),"Gross domestic product (GDP) and main components (output, expenditure and income) - quarterly data",Q,Quarterly,CP_MEUR,"Current prices, million euro",SCA,Seasonally and calendar adjusted data,B1G,"Value added, gross",MT,Malta,2023-Q3,,4890.2,,,,,
183,dataflow,ESTAT:NAMQ_10_GDP(1.0),"Gross domestic product (GDP) and main components (output, expenditure and income) - quarterly data",Q,Quarterly,CP_MEUR,"Current prices, million euro",SCA,Seasonally and calendar adjusted data,B1G,"Value added, gross",MT,Malta,2023-Q4,,5072.7,,,,,
184,dataflow,ESTAT:NAMQ_10_GDP(1.0),"Gross domestic product (GDP) and main components (output, expenditure and income) - quarterly data",Q,Quarterly,CP_MEUR,"Current prices, million euro",SCA,Seasonally and calendar adjusted data,B1G,"Value added, gross",MT,Malta,2024-Q1,,5197.0,,,,,
185,dataflow,ESTAT:NAMQ_10_GDP(1.0),"Gross domestic product (GDP) and main components (output, expenditure and income) - quarterly data",Q,Quarterly,CP_MEUR,"Current prices, million euro",SCA,Seasonally and calendar adjusted data,B1G,"Value added, gross",MT,Malta,2024-Q2,,5301.2,,,,,
186,dataflow,ESTAT:NAMQ_10_GDP(1.0),"Gross domestic product (GDP) and main components (output, expenditure and income) - quarterly data",Q,Quarterly,CP_MEUR,"Current prices, million euro",SCA,Seasonally and calendar adjusted data,B1G,"Value added, gross",MT,Malta,2024-Q3,,5386.8,,,,,
187,dataflow,ESTAT:NAMQ_10_GDP(1.0),"Gross domestic product (GDP) and main components (output, expenditure and income) - quarterly data",Q,Quarterly,CP_MEUR,"Current prices, million euro",SCA,Seasonally and calendar adjusted data,B1G,"Value added, gross",MT,Malta,2024-Q4,,5551.2,,,,,
188,dataflow,ESTAT:NAMQ_10_GDP(1.0),"Gross domestic product (GDP) and main components (output, expenditure and income) - quarterly data",Q,Quarterly,CP_MEUR,"Current prices, million euro",SCA,Seasonally and calendar adjusted data,B1G,"Value added, gross",MT,Malta,2025-Q1,,5531.5,,,,,
189,dataflow,ESTAT:NAMQ_10_GDP(1.0),"Gross domestic product (GDP) and main components (output, expenditure and income) - quarterly data",Q,Quarterly,CP_MEUR,"Current prices, million euro",SCA,Seasonally and calendar adjusted data,B1G,"Value added, gross",MT,Malta,2025-Q2,,5611.0,,,,,
190,dataflow,ESTAT:NAMQ_10_GDP(1.0),"Gross domestic product (GDP) and main components (output, expenditure and income) - quarterly data",Q,Quarterly,CP_MEUR,"Current prices, million euro",SCA,Seasonally and calendar adjusted data,B1G,"Value added, gross",MT,Malta,2025-Q3,,5672.0,,,,,
191,dataflow,ESTAT:NAMQ_10_GDP(1.0),"Gross domestic product (GDP) and main components (output, expenditure and income) - quarterly data",Q,Quarterly,CP_MEUR,"Current prices, million euro",SCA,Seasonally and calendar adjusted data,B1G,"Value added, gross",MT,Malta,2025-Q4,,5773.2,,,,,
192,dataflow,ESTAT:NAMQ_10_GDP(1.0),"Gross domestic product (GDP) and main components (output, expenditure and income) - quarterly data",Q,Quarterly,CP_MEUR,"Current prices, million euro",SCA,Seasonally and calendar adjusted data,B1G,"Value added, gross",NL,Netherlands,2023-Q1,,233488.0,,,,,
193,dataflow,ESTAT:NAMQ_10_GDP(1.0),"Gross domestic product (GDP) and main components (output, expenditure and income) - quarterly data",Q,Quarterly,CP_MEUR,"Current prices, million euro",SCA,Seasonally and calendar adjusted data,B1G,"Value added, gross",NL,Netherlands,2023-Q2,,234704.0,,,,,
194,dataflow,ESTAT:NAMQ_10_GDP(1.0),"Gross domestic product (GDP) and main components (output, expenditure and income) - quarterly data",Q,Quarterly,CP_MEUR,"Current prices, million euro",SCA,Seasonally and calendar adjusted data,B1G,"Value added, gross",NL,Netherlands,2023-Q3,,237200.0,,,,,
195,dataflow,ESTAT:NAMQ_10_GDP(1.0),"Gross domestic product (GDP) and main components (output, expenditure and income) - quarterly data",Q,Quarterly,CP_MEUR,"Current prices, million euro",SCA,Seasonally and calendar adjusted data,B1G,"Value added, gross",NL,Netherlands,2023-Q4,,239300.0,,,,,
196,dataflow,ESTAT:NAMQ_10_GDP(1.0),"Gross domestic product (GDP) and main components (output, expenditure and income) - quarterly data",Q,Quarterly,CP_MEUR,"Current prices, million euro",SCA,Seasonally and calendar adjusted data,B1G,"Value added, gross",NL,Netherlands,2024-Q1,,247072.0,,p,provisional,,
197,dataflow,ESTAT:NAMQ_10_GDP(1.0),"Gross domestic product (GDP) and main components (output, expenditure and income) - quarterly data",Q,Quarterly,CP_MEUR,"Current prices, million euro",SCA,Seasonally and calendar adjusted data,B1G,"Value added, gross",NL,Netherlands,2024-Q2,,249974.0,,p,provisional,,
198,dataflow,ESTAT:NAMQ_10_GDP(1.0),"Gross domestic product (GDP) and main components (output, expenditure and income) - quarterly data",Q,Quarterly,CP_MEUR,"Current prices, million euro",SCA,Seasonally and calendar adjusted data,B1G,"Value added, gross",NL,Netherlands,2024-Q3,,252825.0,,p,provisional,,
199,dataflow,ESTAT:NAMQ_10_GDP(1.0),"Gross domestic product (GDP) and main components (output, expenditure and income) - quarterly data",Q,Quarterly,CP_MEUR,"Current prices, million euro",SCA,Seasonally and calendar adjusted data,B1G,"Value added, gross",NL,Netherlands,2024-Q4,,256432.0,,p,provisional,,
200,dataflow,ESTAT:NAMQ_10_GDP(1.0),"Gross domestic product (GDP) and main components (output, expenditure and income) - quarterly data",Q,Quarterly,CP_MEUR,"Current prices, million euro",SCA,Seasonally and calendar adjusted data,B1G,"Value added, gross",NL,Netherlands,2025-Q1,,259792.0,,p,provisional,,
201,dataflow,ESTAT:NAMQ_10_GDP(1.0),"Gross domestic product (GDP) and main components (output, expenditure and income) - quarterly data",Q,Quarterly,CP_MEUR,"Current prices, million euro",SCA,Seasonally and calendar adjusted data,B1G,"Value added, gross",NL,Netherlands,2025-Q2,,263206.0,,p,provisional,,
202,dataflow,ESTAT:NAMQ_10_GDP(1.0),"Gross domestic product (GDP) and main components (output, expenditure and income) - quarterly data",Q,Quarterly,CP_MEUR,"Current prices, million euro",SCA,Seasonally and calendar adjusted data,B1G,"Value added, gross",NL,Netherlands,2025-Q3,,266481.0,,p,provisional,,
203,dataflow,ESTAT:NAMQ_10_GDP(1.0),"Gross domestic product (GDP) and main components (output, expenditure and income) - quarterly data",Q,Quarterly,CP_MEUR,"Current prices, million euro",SCA,Seasonally and calendar adjusted data,B1G,"Value added, gross",NL,Netherlands,2025-Q4,,269169.0,,p,provisional,,
204,dataflow,ESTAT:NAMQ_10_GDP(1.0),"Gross domestic product (GDP) and main components (output, expenditure and income) - quarterly data",Q,Quarterly,CP_MEUR,"Current prices, million euro",SCA,Seasonally and calendar adjusted data,B1G,"Value added, gross",PT,Portugal,2023-Q1,,57329.4,,,,,
205,dataflow,ESTAT:NAMQ_10_GDP(1.0),"Gross domestic product (GDP) and main components (output, expenditure and income) - quarterly data",Q,Quarterly,CP_MEUR,"Current prices, million euro",SCA,Seasonally and calendar adjusted data,B1G,"Value added, gross",PT,Portugal,2023-Q2,,58515.9,,,,,
206,dataflow,ESTAT:NAMQ_10_GDP(1.0),"Gross domestic product (GDP) and main components (output, expenditure and income) - quarterly data",Q,Quarterly,CP_MEUR,"Current prices, million euro",SCA,Seasonally and calendar adjusted data,B1G,"Value added, gross",PT,Portugal,2023-Q3,,59384.6,,,,,
207,dataflow,ESTAT:NAMQ_10_GDP(1.0),"Gross domestic product (GDP) and main components (output, expenditure and income) - quarterly data",Q,Quarterly,CP_MEUR,"Current prices, million euro",SCA,Seasonally and calendar adjusted data,B1G,"Value added, gross",PT,Portugal,2023-Q4,,60359.3,,,,,
208,dataflow,ESTAT:NAMQ_10_GDP(1.0),"Gross domestic product (GDP) and main components (output, expenditure and income) - quarterly data",Q,Quarterly,CP_MEUR,"Current prices, million euro",SCA,Seasonally and calendar adjusted data,B1G,"Value added, gross",PT,Portugal,2024-Q1,,61810.7,,p,provisional,,
209,dataflow,ESTAT:NAMQ_10_GDP(1.0),"Gross domestic product (GDP) and main components (output, expenditure and income) - quarterly data",Q,Quarterly,CP_MEUR,"Current prices, million euro",SCA,Seasonally and calendar adjusted data,B1G,"Value added, gross",PT,Portugal,2024-Q2,,62333.9,,p,provisional,,
210,dataflow,ESTAT:NAMQ_10_GDP(1.0),"Gross domestic product (GDP) and main components (output, expenditure and income) - quarterly data",Q,Quarterly,CP_MEUR,"Current prices, million euro",SCA,Seasonally and calendar adjusted data,B1G,"Value added, gross",PT,Portugal,2024-Q3,,63549.7,,p,provisional,,
211,dataflow,ESTAT:NAMQ_10_GDP(1.0),"Gross domestic product (GDP) and main components (output, expenditure and income) - quarterly data",Q,Quarterly,CP_MEUR,"Current prices, million euro",SCA,Seasonally and calendar adjusted data,B1G,"Value added, gross",PT,Portugal,2024-Q4,,64430.5,,p,provisional,,
212,dataflow,ESTAT:NAMQ_10_GDP(1.0),"Gross domestic product (GDP) and main components (output, expenditure and income) - quarterly data",Q,Quarterly,CP_MEUR,"Current prices, million euro",SCA,Seasonally and calendar adjusted data,B1G,"Value added, gross",PT,Portugal,2025-Q1,,64848.5,,p,provisional,,
213,dataflow,ESTAT:NAMQ_10_GDP(1.0),"Gross domestic product (GDP) and main components (output, expenditure and income) - quarterly data",Q,Quarterly,CP_MEUR,"Current prices, million euro",SCA,Seasonally and calendar adjusted data,B1G,"Value added, gross",PT,Portugal,2025-Q2,,65749.9,,p,provisional,,
214,dataflow,ESTAT:NAMQ_10_GDP(1.0),"Gross domestic product (GDP) and main components (output, expenditure and income) - quarterly data",Q,Quarterly,CP_MEUR,"Current prices, million euro",SCA,Seasonally and calendar adjusted data,B1G,"Value added, gross",PT,Portugal,2025-Q3,,67536.6,,p,provisional,,
215,dataflow,ESTAT:NAMQ_10_GDP(1.0),"Gross domestic product (GDP) and main components (output, expenditure and income) - quarterly data",Q,Quarterly,CP_MEUR,"Current prices, million euro",SCA,Seasonally and calendar adjusted data,B1G,"Value added, gross",PT,Portugal,2025-Q4,,68031.2,,p,provisional,,
216,dataflow,ESTAT:NAMQ_10_GDP(1.0),"Gross domestic product (GDP) and main components (output, expenditure and income) - quarterly data",Q,Quarterly,CP_MEUR,"Current prices, million euro",SCA,Seasonally and calendar adjusted data,B1G,"Value added, gross",SI,Slovenia,2023-Q1,,13908.4,,,,,
217,dataflow,ESTAT:NAMQ_10_GDP(1.0),"Gross domestic product (GDP) and main components (output, expenditure and income) - quarterly data",Q,Quarterly,CP_MEUR,"Current prices, million euro",SCA,Seasonally and calendar adjusted data,B1G,"Value added, gross",SI,Slovenia,2023-Q2,,14247.4,,,,,
218,dataflow,ESTAT:NAMQ_10_GDP(1.0),"Gross domestic product (GDP) and main components (output, expenditure and income) - quarterly data",Q,Quarterly,CP_MEUR,"Current prices, million euro",SCA,Seasonally and calendar adjusted data,B1G,"Value added, gross",SI,Slovenia,2023-Q3,,14215.7,,,,,
219,dataflow,ESTAT:NAMQ_10_GDP(1.0),"Gross domestic product (GDP) and main components (output, expenditure and income) - quarterly data",Q,Quarterly,CP_MEUR,"Current prices, million euro",SCA,Seasonally and calendar adjusted data,B1G,"Value added, gross",SI,Slovenia,2023-Q4,,14604.1,,,,,
220,dataflow,ESTAT:NAMQ_10_GDP(1.0),"Gross domestic product (GDP) and main components (output, expenditure and income) - quarterly data",Q,Quarterly,CP_MEUR,"Current prices, million euro",SCA,Seasonally and calendar adjusted data,B1G,"Value added, gross",SI,Slovenia,2024-Q1,,14845.1,,,,,
221,dataflow,ESTAT:NAMQ_10_GDP(1.0),"Gross domestic product (GDP) and main components (output, expenditure and income) - quarterly data",Q,Quarterly,CP_MEUR,"Current prices, million euro",SCA,Seasonally and calendar adjusted data,B1G,"Value added, gross",SI,Slovenia,2024-Q2,,14835.1,,,,,
222,dataflow,ESTAT:NAMQ_10_GDP(1.0),"Gross domestic product (GDP) and main components (output, expenditure and income) - quarterly data",Q,Quarterly,CP_MEUR,"Current prices, million euro",SCA,Seasonally and calendar adjusted data,B1G,"Value added, gross",SI,Slovenia,2024-Q3,,14862.2,,,,,
223,dataflow,ESTAT:NAMQ_10_GDP(1.0),"Gross domestic product (GDP) and main components (output, expenditure and income) - quarterly data",Q,Quarterly,CP_MEUR,"Current prices, million euro",SCA,Seasonally and calendar adjusted data,B1G,"Value added, gross",SI,Slovenia,2024-Q4,,15149.3,,,,,
224,dataflow,ESTAT:NAMQ_10_GDP(1.0),"Gross domestic product (GDP) and main components (output, expenditure and income) - quarterly data",Q,Quarterly,CP_MEUR,"Current prices, million euro",SCA,Seasonally and calendar adjusted data,B1G,"Value added, gross",SI,Slovenia,2025-Q1,,15197.5,,,,,
225,dataflow,ESTAT:NAMQ_10_GDP(1.0),"Gross domestic product (GDP) and main components (output, expenditure and income) - quarterly data",Q,Quarterly,CP_MEUR,"Current prices, million euro",SCA,Seasonally and calendar adjusted data,B1G,"Value added, gross",SI,Slovenia,2025-Q2,,15458.1,,,,,
226,dataflow,ESTAT:NAMQ_10_GDP(1.0),"Gross domestic product (GDP) and main components (output, expenditure and income) - quarterly data",Q,Quarterly,CP_MEUR,"Current prices, million euro",SCA,Seasonally and calendar adjusted data,B1G,"Value added, gross",SI,Slovenia,2025-Q3,,15766.6,,,,,
227,dataflow,ESTAT:NAMQ_10_GDP(1.0),"Gross domestic product (GDP) and main components (output, expenditure and income) - quarterly data",Q,Quarterly,CP_MEUR,"Current prices, million euro",SCA,Seasonally and calendar adjusted data,B1G,"Value added, gross",SI,Slovenia,2025-Q4,,16010.2,,,,,
228,dataflow,ESTAT:NAMQ_10_GDP(1.0),"Gross domestic product (GDP) and main components (output, expenditure and income) - quarterly data",Q,Quarterly,CP_MEUR,"Current prices, million euro",SCA,Seasonally and calendar adjusted data,B1G,"Value added, gross",SK,Slovakia,2023-Q1,,27358.3,,,,,
229,dataflow,ESTAT:NAMQ_10_GDP(1.0),"Gross domestic product (GDP) and main components (output, expenditure and income) - quarterly data",Q,Quarterly,CP_MEUR,"Current prices, million euro",SCA,Seasonally and calendar adjusted data,B1G,"Value added, gross",SK,Slovakia,2023-Q2,,27706.0,,,,,
230,dataflow,ESTAT:NAMQ_10_GDP(1.0),"Gross domestic product (GDP) and main components (output, expenditure and income) - quarterly data",Q,Quarterly,CP_MEUR,"Current prices, million euro",SCA,Seasonally and calendar adjusted data,B1G,"Value added, gross",SK,Slovakia,2023-Q3,,28491.8,,,,,
231,dataflow,ESTAT:NAMQ_10_GDP(1.0),"Gross domestic product (GDP) and main components (output, expenditure and income) - quarterly data",Q,Quarterly,CP_MEUR,"Current prices, million euro",SCA,Seasonally and calendar adjusted data,B1G,"Value added, gross",SK,Slovakia,2023-Q4,,29307.7,,,,,
232,dataflow,ESTAT:NAMQ_10_GDP(1.0),"Gross domestic product (GDP) and main components (output, expenditure and income) - quarterly data",Q,Quarterly,CP_MEUR,"Current prices, million euro",SCA,Seasonally and calendar adjusted data,B1G,"Value added, gross",SK,Slovakia,2024-Q1,,29254.6,,,,,
233,dataflow,ESTAT:NAMQ_10_GDP(1.0),"Gross domestic product (GDP) and main components (output, expenditure and income) - quarterly data",Q,Quarterly,CP_MEUR,"Current prices, million euro",SCA,Seasonally and calendar adjusted data,B1G,"Value added, gross",SK,Slovakia,2024-Q2,,29333.0,,,,,
234,dataflow,ESTAT:NAMQ_10_GDP(1.0),"Gross domestic product (GDP) and main components (output, expenditure and income) - quarterly data",Q,Quarterly,CP_MEUR,"Current prices, million euro",SCA,Seasonally and calendar adjusted data,B1G,"Value added, gross",SK,Slovakia,2024-Q3,,29368.1,,,,,
235,dataflow,ESTAT:NAMQ_10_GDP(1.0),"Gross domestic product (GDP) and main components (output, expenditure and income) - quarterly data",Q,Quarterly,CP_MEUR,"Current prices, million euro",SCA,Seasonally and calendar adjusted data,B1G,"Value added, gross",SK,Slovakia,2024-Q4,,29857.7,,,,,
236,dataflow,ESTAT:NAMQ_10_GDP(1.0),"Gross domestic product (GDP) and main components (output, expenditure and income) - quarterly data",Q,Quarterly,CP_MEUR,"Current prices, million euro",SCA,Seasonally and calendar adjusted data,B1G,"Value added, gross",SK,Slovakia,2025-Q1,,29800.4,,,,,
237,dataflow,ESTAT:NAMQ_10_GDP(1.0),"Gross domestic product (GDP) and main components (output, expenditure and income) - quarterly data",Q,Quarterly,CP_MEUR,"Current prices, million euro",SCA,Seasonally and calendar adjusted data,B1G,"Value added, gross",SK,Slovakia,2025-Q2,,30502.5,,,,,
238,dataflow,ESTAT:NAMQ_10_GDP(1.0),"Gross domestic product (GDP) and main components (output, expenditure and income) - quarterly data",Q,Quarterly,CP_MEUR,"Current prices, million euro",SCA,Seasonally and calendar adjusted data,B1G,"Value added, gross",SK,Slovakia,2025-Q3,,30833.3,,,,,
239,dataflow,ESTAT:NAMQ_10_GDP(1.0),"Gross domestic product (GDP) and main components (output, expenditure and income) - quarterly data",Q,Quarterly,CP_MEUR,"Current prices, million euro",SCA,Seasonally and calendar adjusted data,B1G,"Value added, gross",SK,Slovakia,2025-Q4,,31264.2,,,,,
240,dataflow,ESTAT:NAMQ_10_GDP(1.0),"Gross domestic product (GDP) and main components (output, expenditure and income) - quarterly data",Q,Quarterly,PD20_EUR,"Price index (implicit deflator), 2020=100, euro",SCA,Seasonally and calendar adjusted data,B1G,"Value added, gross",AT,Austria,2023-Q1,,112.903,,,,,
241,dataflow,ESTAT:NAMQ_10_GDP(1.0),"Gross domestic product (GDP) and main components (output, expenditure and income) - quarterly data",Q,Quarterly,PD20_EUR,"Price index (implicit deflator), 2020=100, euro",SCA,Seasonally and calendar adjusted data,B1G,"Value added, gross",AT,Austria,2023-Q2,,114.143,,,,,
242,dataflow,ESTAT:NAMQ_10_GDP(1.0),"Gross domestic product (GDP) and main components (output, expenditure and income) - quarterly data",Q,Quarterly,PD20_EUR,"Price index (implicit deflator), 2020=100, euro",SCA,Seasonally and calendar adjusted data,B1G,"Value added, gross",AT,Austria,2023-Q3,,114.869,,,,,
243,dataflow,ESTAT:NAMQ_10_GDP(1.0),"Gross domestic product (GDP) and main components (output, expenditure and income) - quarterly data",Q,Quarterly,PD20_EUR,"Price index (implicit deflator), 2020=100, euro",SCA,Seasonally and calendar adjusted data,B1G,"Value added, gross",AT,Austria,2023-Q4,,116.306,,,,,
244,dataflow,ESTAT:NAMQ_10_GDP(1.0),"Gross domestic product (GDP) and main components (output, expenditure and income) - quarterly data",Q,Quarterly,PD20_EUR,"Price index (implicit deflator), 2020=100, euro",SCA,Seasonally and calendar adjusted data,B1G,"Value added, gross",AT,Austria,2024-Q1,,118.002,,,,,
245,dataflow,ESTAT:NAMQ_10_GDP(1.0),"Gross domestic product (GDP) and main components (output, expenditure and income) - quarterly data",Q,Quarterly,PD20_EUR,"Price index (implicit deflator), 2020=100, euro",SCA,Seasonally and calendar adjusted data,B1G,"Value added, gross",AT,Austria,2024-Q2,,119.151,,,,,
246,dataflow,ESTAT:NAMQ_10_GDP(1.0),"Gross domestic product (GDP) and main components (output, expenditure and income) - quarterly data",Q,Quarterly,PD20_EUR,"Price index (implicit deflator), 2020=100, euro",SCA,Seasonally and calendar adjusted data,B1G,"Value added, gross",AT,Austria,2024-Q3,,120.049,,,,,
247,dataflow,ESTAT:NAMQ_10_GDP(1.0),"Gross domestic product (GDP) and main components (output, expenditure and income) - quarterly data",Q,Quarterly,PD20_EUR,"Price index (implicit deflator), 2020=100, euro",SCA,Seasonally and calendar adjusted data,B1G,"Value added, gross",AT,Austria,2024-Q4,,120.361,,,,,
248,dataflow,ESTAT:NAMQ_10_GDP(1.0),"Gross domestic product (GDP) and main components (output, expenditure and income) - quarterly data",Q,Quarterly,PD20_EUR,"Price index (implicit deflator), 2020=100, euro",SCA,Seasonally and calendar adjusted data,B1G,"Value added, gross",AT,Austria,2025-Q1,,121.327,,,,,
249,dataflow,ESTAT:NAMQ_10_GDP(1.0),"Gross domestic product (GDP) and main components (output, expenditure and income) - quarterly data",Q,Quarterly,PD20_EUR,"Price index (implicit deflator), 2020=100, euro",SCA,Seasonally and calendar adjusted data,B1G,"Value added, gross",AT,Austria,2025-Q2,,122.458,,,,,
250,dataflow,ESTAT:NAMQ_10_GDP(1.0),"Gross domestic product (GDP) and main components (output, expenditure and income) - quarterly data",Q,Quarterly,PD20_EUR,"Price index (implicit deflator), 2020=100, euro",SCA,Seasonally and calendar adjusted data,B1G,"Value added, gross",AT,Austria,2025-Q3,,123.473,,,,,
251,dataflow,ESTAT:NAMQ_10_GDP(1.0),"Gross domestic product (GDP) and main components (output, expenditure and income) - quarterly data",Q,Quarterly,PD20_EUR,"Price index (implicit deflator), 2020=100, euro",SCA,Seasonally and calendar adjusted data,B1G,"Value added, gross",AT,Austria,2025-Q4,,123.66,,,,,
252,dataflow,ESTAT:NAMQ_10_GDP(1.0),"Gross domestic product (GDP) and main components (output, expenditure and income) - quarterly data",Q,Quarterly,PD20_EUR,"Price index (implicit deflator), 2020=100, euro",SCA,Seasonally and calendar adjusted data,B1G,"Value added, gross",BE,Belgium,2023-Q1,,115.66,,,,,
253,dataflow,ESTAT:NAMQ_10_GDP(1.0),"Gross domestic product (GDP) and main components (output, expenditure and income) - quarterly data",Q,Quarterly,PD20_EUR,"Price index (implicit deflator), 2020=100, euro",SCA,Seasonally and calendar adjusted data,B1G,"Value added, gross",BE,Belgium,2023-Q2,,116.12,,,,,
254,dataflow,ESTAT:NAMQ_10_GDP(1.0),"Gross domestic product (GDP) and main components (output, expenditure and income) - quarterly data",Q,Quarterly,PD20_EUR,"Price index (implicit deflator), 2020=100, euro",SCA,Seasonally and calendar adjusted data,B1G,"Value added, gross",BE,Belgium,2023-Q3,,116.473,,,,,
255,dataflow,ESTAT:NAMQ_10_GDP(1.0),"Gross domestic product (GDP) and main components (output, expenditure and income) - quarterly data",Q,Quarterly,PD20_EUR,"Price index (implicit deflator), 2020=100, euro",SCA,Seasonally and calendar adjusted data,B1G,"Value added, gross",BE,Belgium,2023-Q4,,116.764,,,,,
256,dataflow,ESTAT:NAMQ_10_GDP(1.0),"Gross domestic product (GDP) and main components (output, expenditure and income) - quarterly data",Q,Quarterly,PD20_EUR,"Price index (implicit deflator), 2020=100, euro",SCA,Seasonally and calendar adjusted data,B1G,"Value added, gross",BE,Belgium,2024-Q1,,117.252,,p,provisional,,
257,dataflow,ESTAT:NAMQ_10_GDP(1.0),"Gross domestic product (GDP) and main components (output, expenditure and income) - quarterly data",Q,Quarterly,PD20_EUR,"Price index (implicit deflator), 2020=100, euro",SCA,Seasonally and calendar adjusted data,B1G,"Value added, gross",BE,Belgium,2024-Q2,,118.222,,p,provisional,,
258,dataflow,ESTAT:NAMQ_10_GDP(1.0),"Gross domestic product (GDP) and main components (output, expenditure and income) - quarterly data",Q,Quarterly,PD20_EUR,"Price index (implicit deflator), 2020=100, euro",SCA,Seasonally and calendar adjusted data,B1G,"Value added, gross",BE,Belgium,2024-Q3,,119.165,,p,provisional,,
259,dataflow,ESTAT:NAMQ_10_GDP(1.0),"Gross domestic product (GDP) and main components (output, expenditure and income) - quarterly data",Q,Quarterly,PD20_EUR,"Price index (implicit deflator), 2020=100, euro",SCA,Seasonally and calendar adjusted data,B1G,"Value added, gross",BE,Belgium,2024-Q4,,119.718,,p,provisional,,
260,dataflow,ESTAT:NAMQ_10_GDP(1.0),"Gross domestic product (GDP) and main components (output, expenditure and income) - quarterly data",Q,Quarterly,PD20_EUR,"Price index (implicit deflator), 2020=100, euro",SCA,Seasonally and calendar adjusted data,B1G,"Value added, gross",BE,Belgium,2025-Q1,,120.736,,p,provisional,,
261,dataflow,ESTAT:NAMQ_10_GDP(1.0),"Gross domestic product (GDP) and main components (output, expenditure and income) - quarterly data",Q,Quarterly,PD20_EUR,"Price index (implicit deflator), 2020=100, euro",SCA,Seasonally and calendar adjusted data,B1G,"Value added, gross",BE,Belgium,2025-Q2,,121.322,,p,provisional,,
262,dataflow,ESTAT:NAMQ_10_GDP(1.0),"Gross domestic product (GDP) and main components (output, expenditure and income) - quarterly data",Q,Quarterly,PD20_EUR,"Price index (implicit deflator), 2020=100, euro",SCA,Seasonally and calendar adjusted data,B1G,"Value added, gross",BE,Belgium,2025-Q3,,122.084,,p,provisional,,
263,dataflow,ESTAT:NAMQ_10_GDP(1.0),"Gross domestic product (GDP) and main components (output, expenditure and income) - quarterly data",Q,Quarterly,PD20_EUR,"Price index (implicit deflator), 2020=100, euro",SCA,Seasonally and calendar adjusted data,B1G,"Value added, gross",BE,Belgium,2025-Q4,,122.699,,p,provisional,,
264,dataflow,ESTAT:NAMQ_10_GDP(1.0),"Gross domestic product (GDP) and main components (output, expenditure and income) - quarterly data",Q,Quarterly,PD20_EUR,"Price index (implicit deflator), 2020=100, euro",SCA,Seasonally and calendar adjusted data,B1G,"Value added, gross",CY,Cyprus,2023-Q1,,113.747,,,,,
265,dataflow,ESTAT:NAMQ_10_GDP(1.0),"Gross domestic product (GDP) and main components (output, expenditure and income) - quarterly data",Q,Quarterly,PD20_EUR,"Price index (implicit deflator), 2020=100, euro",SCA,Seasonally and calendar adjusted data,B1G,"Value added, gross",CY,Cyprus,2023-Q2,,114.626,,,,,
266,dataflow,ESTAT:NAMQ_10_GDP(1.0),"Gross domestic product (GDP) and main components (output, expenditure and income) - quarterly data",Q,Quarterly,PD20_EUR,"Price index (implicit deflator), 2020=100, euro",SCA,Seasonally and calendar adjusted data,B1G,"Value added, gross",CY,Cyprus,2023-Q3,,116.169,,,,,
267,dataflow,ESTAT:NAMQ_10_GDP(1.0),"Gross domestic product (GDP) and main components (output, expenditure and income) - quarterly data",Q,Quarterly,PD20_EUR,"Price index (implicit deflator), 2020=100, euro",SCA,Seasonally and calendar adjusted data,B1G,"Value added, gross",CY,Cyprus,2023-Q4,,116.901,,,,,
268,dataflow,ESTAT:NAMQ_10_GDP(1.0),"Gross domestic product (GDP) and main components (output, expenditure and income) - quarterly data",Q,Quarterly,PD20_EUR,"Price index (implicit deflator), 2020=100, euro",SCA,Seasonally and calendar adjusted data,B1G,"Value added, gross",CY,Cyprus,2024-Q1,,117.899,,,,,
269,dataflow,ESTAT:NAMQ_10_GDP(1.0),"Gross domestic product (GDP) and main components (output, expenditure and income) - quarterly data",Q,Quarterly,PD20_EUR,"Price index (implicit deflator), 2020=100, euro",SCA,Seasonally and calendar adjusted data,B1G,"Value added, gross",CY,Cyprus,2024-Q2,,118.744,,,,,
270,dataflow,ESTAT:NAMQ_10_GDP(1.0),"Gross domestic product (GDP) and main components (output, expenditure and income) - quarterly data",Q,Quarterly,PD20_EUR,"Price index (implicit deflator), 2020=100, euro",SCA,Seasonally and calendar adjusted data,B1G,"Value added, gross",CY,Cyprus,2024-Q3,,119.543,,,,,
271,dataflow,ESTAT:NAMQ_10_GDP(1.0),"Gross domestic product (GDP) and main components (output, expenditure and income) - quarterly data",Q,Quarterly,PD20_EUR,"Price index (implicit deflator), 2020=100, euro",SCA,Seasonally and calendar adjusted data,B1G,"Value added, gross",CY,Cyprus,2024-Q4,,119.996,,,,,
272,dataflow,ESTAT:NAMQ_10_GDP(1.0),"Gross domestic product (GDP) and main components (output, expenditure and income) - quarterly data",Q,Quarterly,PD20_EUR,"Price index (implicit deflator), 2020=100, euro",SCA,Seasonally and calendar adjusted data,B1G,"Value added, gross",CY,Cyprus,2025-Q1,,119.91,,,,,
273,dataflow,ESTAT:NAMQ_10_GDP(1.0),"Gross domestic product (GDP) and main components (output, expenditure and income) - quarterly data",Q,Quarterly,PD20_EUR,"Price index (implicit deflator), 2020=100, euro",SCA,Seasonally and calendar adjusted data,B1G,"Value added, gross",CY,Cyprus,2025-Q2,,119.773,,,,,
274,dataflow,ESTAT:NAMQ_10_GDP(1.0),"Gross domestic product (GDP) and main components (output, expenditure and income) - quarterly data",Q,Quarterly,PD20_EUR,"Price index (implicit deflator), 2020=100, euro",SCA,Seasonally and calendar adjusted data,B1G,"Value added, gross",CY,Cyprus,2025-Q3,,120.006,,,,,
275,dataflow,ESTAT:NAMQ_10_GDP(1.0),"Gross domestic product (GDP) and main components (output, expenditure and income) - quarterly data",Q,Quarterly,PD20_EUR,"Price index (implicit deflator), 2020=100, euro",SCA,Seasonally and calendar adjusted data,B1G,"Value added, gross",CY,Cyprus,2025-Q4,,121.338,,,,,
276,dataflow,ESTAT:NAMQ_10_GDP(1.0),"Gross domestic product (GDP) and main components (output, expenditure and income) - quarterly data",Q,Quarterly,PD20_EUR,"Price index (implicit deflator), 2020=100, euro",SCA,Seasonally and calendar adjusted data,B1G,"Value added, gross",DE,Germany,2023-Q1,,115.606,,p,provisional,,
277,dataflow,ESTAT:NAMQ_10_GDP(1.0),"Gross domestic product (GDP) and main components (output, expenditure and income) - quarterly data",Q,Quarterly,PD20_EUR,"Price index (implicit deflator), 2020=100, euro",SCA,Seasonally and calendar adjusted data,B1G,"Value added, gross",DE,Germany,2023-Q2,,117.463,,p,provisional,,
278,dataflow,ESTAT:NAMQ_10_GDP(1.0),"Gross domestic product (GDP) and main components (output, expenditure and income) - quarterly data",Q,Quarterly,PD20_EUR,"Price index (implicit deflator), 2020=100, euro",SCA,Seasonally and calendar adjusted data,B1G,"Value added, gross",DE,Germany,2023-Q3,,118.249,,p,provisional,,
279,dataflow,ESTAT:NAMQ_10_GDP(1.0),"Gross domestic product (GDP) and main components (output, expenditure and income) - quarterly data",Q,Quarterly,PD20_EUR,"Price index (implicit deflator), 2020=100, euro",SCA,Seasonally and calendar adjusted data,B1G,"Value added, gross",DE,Germany,2023-Q4,,118.905,,p,provisional,,
280,dataflow,ESTAT:NAMQ_10_GDP(1.0),"Gross domestic product (GDP) and main components (output, expenditure and income) - quarterly data",Q,Quarterly,PD20_EUR,"Price index (implicit deflator), 2020=100, euro",SCA,Seasonally and calendar adjusted data,B1G,"Value added, gross",DE,Germany,2024-Q1,,118.963,,p,provisional,,
281,dataflow,ESTAT:NAMQ_10_GDP(1.0),"Gross domestic product (GDP) and main components (output, expenditure and income) - quarterly data",Q,Quarterly,PD20_EUR,"Price index (implicit deflator), 2020=100, euro",SCA,Seasonally and calendar adjusted data,B1G,"Value added, gross",DE,Germany,2024-Q2,,119.85,,p,provisional,,
282,dataflow,ESTAT:NAMQ_10_GDP(1.0),"Gross domestic product (GDP) and main components (output, expenditure and income) - quarterly data",Q,Quarterly,PD20_EUR,"Price index (implicit deflator), 2020=100, euro",SCA,Seasonally and calendar adjusted data,B1G,"Value added, gross",DE,Germany,2024-Q3,,120.307,,p,provisional,,
283,dataflow,ESTAT:NAMQ_10_GDP(1.0),"Gross domestic product (GDP) and main components (output, expenditure and income) - quarterly data",Q,Quarterly,PD20_EUR,"Price index (implicit deflator), 2020=100, euro",SCA,Seasonally and calendar adjusted data,B1G,"Value added, gross",DE,Germany,2024-Q4,,122.1,,p,provisional,,
284,dataflow,ESTAT:NAMQ_10_GDP(1.0),"Gross domestic product (GDP) and main components (output, expenditure and income) - quarterly data",Q,Quarterly,PD20_EUR,"Price index (implicit deflator), 2020=100, euro",SCA,Seasonally and calendar adjusted data,B1G,"Value added, gross",DE,Germany,2025-Q1,,122.237,,p,provisional,,
285,dataflow,ESTAT:NAMQ_10_GDP(1.0),"Gross domestic product (GDP) and main components (output, expenditure and income) - quarterly data",Q,Quarterly,PD20_EUR,"Price index (implicit deflator), 2020=100, euro",SCA,Seasonally and calendar adjusted data,B1G,"Value added, gross",DE,Germany,2025-Q2,,123.785,,p,provisional,,
286,dataflow,ESTAT:NAMQ_10_GDP(1.0),"Gross domestic product (GDP) and main components (output, expenditure and income) - quarterly data",Q,Quarterly,PD20_EUR,"Price index (implicit deflator), 2020=100, euro",SCA,Seasonally and calendar adjusted data,B1G,"Value added, gross",DE,Germany,2025-Q3,,124.083,,p,provisional,,
287,dataflow,ESTAT:NAMQ_10_GDP(1.0),"Gross domestic product (GDP) and main components (output, expenditure and income) - quarterly data",Q,Quarterly,PD20_EUR,"Price index (implicit deflator), 2020=100, euro",SCA,Seasonally and calendar adjusted data,B1G,"Value added, gross",DE,Germany,2025-Q4,,125.847,,p,provisional,,
288,dataflow,ESTAT:NAMQ_10_GDP(1.0),"Gross domestic product (GDP) and main components (output, expenditure and income) - quarterly data",Q,Quarterly,PD20_EUR,"Price index (implicit deflator), 2020=100, euro",SCA,Seasonally and calendar adjusted data,B1G,"Value added, gross",EE,Estonia,2023-Q1,,131.492,,,,,
289,dataflow,ESTAT:NAMQ_10_GDP(1.0),"Gross domestic product (GDP) and main components (output, expenditure and income) - quarterly data",Q,Quarterly,PD20_EUR,"Price index (implicit deflator), 2020=100, euro",SCA,Seasonally and calendar adjusted data,B1G,"Value added, gross",EE,Estonia,2023-Q2,,133.865,,,,,
290,dataflow,ESTAT:NAMQ_10_GDP(1.0),"Gross domestic product (GDP) and main components (output, expenditure and income) - quarterly data",Q,Quarterly,PD20_EUR,"Price index (implicit deflator), 2020=100, euro",SCA,Seasonally and calendar adjusted data,B1G,"Value added, gross",EE,Estonia,2023-Q3,,132.659,,,,,
291,dataflow,ESTAT:NAMQ_10_GDP(1.0),"Gross domestic product (GDP) and main components (output, expenditure and income) - quarterly data",Q,Quarterly,PD20_EUR,"Price index (implicit deflator), 2020=100, euro",SCA,Seasonally and calendar adjusted data,B1G,"Value added, gross",EE,Estonia,2023-Q4,,134.651,,,,,
292,dataflow,ESTAT:NAMQ_10_GDP(1.0),"Gross domestic product (GDP) and main components (output, expenditure and income) - quarterly data",Q,Quarterly,PD20_EUR,"Price index (implicit deflator), 2020=100, euro",SCA,Seasonally and calendar adjusted data,B1G,"Value added, gross",EE,Estonia,2024-Q1,,135.564,,,,,
293,dataflow,ESTAT:NAMQ_10_GDP(1.0),"Gross domestic product (GDP) and main components (output, expenditure and income) - quarterly data",Q,Quarterly,PD20_EUR,"Price index (implicit deflator), 2020=100, euro",SCA,Seasonally and calendar adjusted data,B1G,"Value added, gross",EE,Estonia,2024-Q2,,138.0,,,,,
294,dataflow,ESTAT:NAMQ_10_GDP(1.0),"Gross domestic product (GDP) and main components (output, expenditure and income) - quarterly data",Q,Quarterly,PD20_EUR,"Price index (implicit deflator), 2020=100, euro",SCA,Seasonally and calendar adjusted data,B1G,"Value added, gross",EE,Estonia,2024-Q3,,140.106,,,,,
295,dataflow,ESTAT:NAMQ_10_GDP(1.0),"Gross domestic product (GDP) and main components (output, expenditure and income) - quarterly data",Q,Quarterly,PD20_EUR,"Price index (implicit deflator), 2020=100, euro",SCA,Seasonally and calendar adjusted data,B1G,"Value added, gross",EE,Estonia,2024-Q4,,141.178,,,,,
296,dataflow,ESTAT:NAMQ_10_GDP(1.0),"Gross domestic product (GDP) and main components (output, expenditure and income) - quarterly data",Q,Quarterly,PD20_EUR,"Price index (implicit deflator), 2020=100, euro",SCA,Seasonally and calendar adjusted data,B1G,"Value added, gross",EE,Estonia,2025-Q1,,143.193,,,,,
297,dataflow,ESTAT:NAMQ_10_GDP(1.0),"Gross domestic product (GDP) and main components (output, expenditure and income) - quarterly data",Q,Quarterly,PD20_EUR,"Price index (implicit deflator), 2020=100, euro",SCA,Seasonally and calendar adjusted data,B1G,"Value added, gross",EE,Estonia,2025-Q2,,143.225,,,,,
298,dataflow,ESTAT:NAMQ_10_GDP(1.0),"Gross domestic product (GDP) and main components (output, expenditure and income) - quarterly data",Q,Quarterly,PD20_EUR,"Price index (implicit deflator), 2020=100, euro",SCA,Seasonally and calendar adjusted data,B1G,"Value added, gross",EE,Estonia,2025-Q3,,144.37,,,,,
299,dataflow,ESTAT:NAMQ_10_GDP(1.0),"Gross domestic product (GDP) and main components (output, expenditure and income) - quarterly data",Q,Quarterly,PD20_EUR,"Price index (implicit deflator), 2020=100, euro",SCA,Seasonally and calendar adjusted data,B1G,"Value added, gross",EE,Estonia,2025-Q4,,145.032,,,,,
300,dataflow,ESTAT:NAMQ_10_GDP(1.0),"Gross domestic product (GDP) and main components (output, expenditure and income) - quarterly data",Q,Quarterly,PD20_EUR,"Price index (implicit deflator), 2020=100, euro",SCA,Seasonally and calendar adjusted data,B1G,"Value added, gross",EL,Greece,2023-Q1,,112.474,,p,provisional,,
301,dataflow,ESTAT:NAMQ_10_GDP(1.0),"Gross domestic product (GDP) and main components (output, expenditure and income) - quarterly data",Q,Quarterly,PD20_EUR,"Price index (implicit deflator), 2020=100, euro",SCA,Seasonally and calendar adjusted data,B1G,"Value added, gross",EL,Greece,2023-Q2,,113.918,,p,provisional,,
302,dataflow,ESTAT:NAMQ_10_GDP(1.0),"Gross domestic product (GDP) and main components (output, expenditure and income) - quarterly data",Q,Quarterly,PD20_EUR,"Price index (implicit deflator), 2020=100, euro",SCA,Seasonally and calendar adjusted data,B1G,"Value added, gross",EL,Greece,2023-Q3,,115.078,,p,provisional,,
303,dataflow,ESTAT:NAMQ_10_GDP(1.0),"Gross domestic product (GDP) and main components (output, expenditure and income) - quarterly data",Q,Quarterly,PD20_EUR,"Price index (implicit deflator), 2020=100, euro",SCA,Seasonally and calendar adjusted data,B1G,"Value added, gross",EL,Greece,2023-Q4,,116.016,,p,provisional,,
304,dataflow,ESTAT:NAMQ_10_GDP(1.0),"Gross domestic product (GDP) and main components (output, expenditure and income) - quarterly data",Q,Quarterly,PD20_EUR,"Price index (implicit deflator), 2020=100, euro",SCA,Seasonally and calendar adjusted data,B1G,"Value added, gross",EL,Greece,2024-Q1,,116.943,,p,provisional,,
305,dataflow,ESTAT:NAMQ_10_GDP(1.0),"Gross domestic product (GDP) and main components (output, expenditure and income) - quarterly data",Q,Quarterly,PD20_EUR,"Price index (implicit deflator), 2020=100, euro",SCA,Seasonally and calendar adjusted data,B1G,"Value added, gross",EL,Greece,2024-Q2,,117.673,,p,provisional,,
306,dataflow,ESTAT:NAMQ_10_GDP(1.0),"Gross domestic product (GDP) and main components (output, expenditure and income) - quarterly data",Q,Quarterly,PD20_EUR,"Price index (implicit deflator), 2020=100, euro",SCA,Seasonally and calendar adjusted data,B1G,"Value added, gross",EL,Greece,2024-Q3,,118.519,,p,provisional,,
307,dataflow,ESTAT:NAMQ_10_GDP(1.0),"Gross domestic product (GDP) and main components (output, expenditure and income) - quarterly data",Q,Quarterly,PD20_EUR,"Price index (implicit deflator), 2020=100, euro",SCA,Seasonally and calendar adjusted data,B1G,"Value added, gross",EL,Greece,2024-Q4,,118.917,,p,provisional,,
308,dataflow,ESTAT:NAMQ_10_GDP(1.0),"Gross domestic product (GDP) and main components (output, expenditure and income) - quarterly data",Q,Quarterly,PD20_EUR,"Price index (implicit deflator), 2020=100, euro",SCA,Seasonally and calendar adjusted data,B1G,"Value added, gross",EL,Greece,2025-Q1,,120.218,,p,provisional,,
309,dataflow,ESTAT:NAMQ_10_GDP(1.0),"Gross domestic product (GDP) and main components (output, expenditure and income) - quarterly data",Q,Quarterly,PD20_EUR,"Price index (implicit deflator), 2020=100, euro",SCA,Seasonally and calendar adjusted data,B1G,"Value added, gross",EL,Greece,2025-Q2,,121.31,,p,provisional,,
310,dataflow,ESTAT:NAMQ_10_GDP(1.0),"Gross domestic product (GDP) and main components (output, expenditure and income) - quarterly data",Q,Quarterly,PD20_EUR,"Price index (implicit deflator), 2020=100, euro",SCA,Seasonally and calendar adjusted data,B1G,"Value added, gross",EL,Greece,2025-Q3,,121.944,,p,provisional,,
311,dataflow,ESTAT:NAMQ_10_GDP(1.0),"Gross domestic product (GDP) and main components (output, expenditure and income) - quarterly data",Q,Quarterly,PD20_EUR,"Price index (implicit deflator), 2020=100, euro",SCA,Seasonally and calendar adjusted data,B1G,"Value added, gross",EL,Greece,2025-Q4,,121.623,,p,provisional,,
312,dataflow,ESTAT:NAMQ_10_GDP(1.0),"Gross domestic product (GDP) and main components (output, expenditure and income) - quarterly data",Q,Quarterly,PD20_EUR,"Price index (implicit deflator), 2020=100, euro",SCA,Seasonally and calendar adjusted data,B1G,"Value added, gross",ES,Spain,2023-Q1,,112.997,,p,provisional,,
313,dataflow,ESTAT:NAMQ_10_GDP(1.0),"Gross domestic product (GDP) and main components (output, expenditure and income) - quarterly data",Q,Quarterly,PD20_EUR,"Price index (implicit deflator), 2020=100, euro",SCA,Seasonally and calendar adjusted data,B1G,"Value added, gross",ES,Spain,2023-Q2,,112.434,,p,provisional,,
314,dataflow,ESTAT:NAMQ_10_GDP(1.0),"Gross domestic product (GDP) and main components (output, expenditure and income) - quarterly data",Q,Quarterly,PD20_EUR,"Price index (implicit deflator), 2020=100, euro",SCA,Seasonally and calendar adjusted data,B1G,"Value added, gross",ES,Spain,2023-Q3,,113.197,,p,provisional,,
315,dataflow,ESTAT:NAMQ_10_GDP(1.0),"Gross domestic product (GDP) and main components (output, expenditure and income) - quarterly data",Q,Quarterly,PD20_EUR,"Price index (implicit deflator), 2020=100, euro",SCA,Seasonally and calendar adjusted data,B1G,"Value added, gross",ES,Spain,2023-Q4,,116.066,,p,provisional,,
316,dataflow,ESTAT:NAMQ_10_GDP(1.0),"Gross domestic product (GDP) and main components (output, expenditure and income) - quarterly data",Q,Quarterly,PD20_EUR,"Price index (implicit deflator), 2020=100, euro",SCA,Seasonally and calendar adjusted data,B1G,"Value added, gross",ES,Spain,2024-Q1,,116.065,,p,provisional,,
317,dataflow,ESTAT:NAMQ_10_GDP(1.0),"Gross domestic product (GDP) and main components (output, expenditure and income) - quarterly data",Q,Quarterly,PD20_EUR,"Price index (implicit deflator), 2020=100, euro",SCA,Seasonally and calendar adjusted data,B1G,"Value added, gross",ES,Spain,2024-Q2,,115.584,,p,provisional,,
318,dataflow,ESTAT:NAMQ_10_GDP(1.0),"Gross domestic product (GDP) and main components (output, expenditure and income) - quarterly data",Q,Quarterly,PD20_EUR,"Price index (implicit deflator), 2020=100, euro",SCA,Seasonally and calendar adjusted data,B1G,"Value added, gross",ES,Spain,2024-Q3,,116.249,,p,provisional,,
319,dataflow,ESTAT:NAMQ_10_GDP(1.0),"Gross domestic product (GDP) and main components (output, expenditure and income) - quarterly data",Q,Quarterly,PD20_EUR,"Price index (implicit deflator), 2020=100, euro",SCA,Seasonally and calendar adjusted data,B1G,"Value added, gross",ES,Spain,2024-Q4,,117.205,,p,provisional,,
320,dataflow,ESTAT:NAMQ_10_GDP(1.0),"Gross domestic product (GDP) and main components (output, expenditure and income) - quarterly data",Q,Quarterly,PD20_EUR,"Price index (implicit deflator), 2020=100, euro",SCA,Seasonally and calendar adjusted data,B1G,"Value added, gross",ES,Spain,2025-Q1,,117.558,,p,provisional,,
321,dataflow,ESTAT:NAMQ_10_GDP(1.0),"Gross domestic product (GDP) and main components (output, expenditure and income) - quarterly data",Q,Quarterly,PD20_EUR,"Price index (implicit deflator), 2020=100, euro",SCA,Seasonally and calendar adjusted data,B1G,"Value added, gross",ES,Spain,2025-Q2,,117.754,,p,provisional,,
322,dataflow,ESTAT:NAMQ_10_GDP(1.0),"Gross domestic product (GDP) and main components (output, expenditure and income) - quarterly data",Q,Quarterly,PD20_EUR,"Price index (implicit deflator), 2020=100, euro",SCA,Seasonally and calendar adjusted data,B1G,"Value added, gross",ES,Spain,2025-Q3,,118.358,,p,provisional,,
323,dataflow,ESTAT:NAMQ_10_GDP(1.0),"Gross domestic product (GDP) and main components (output, expenditure and income) - quarterly data",Q,Quarterly,PD20_EUR,"Price index (implicit deflator), 2020=100, euro",SCA,Seasonally and calendar adjusted data,B1G,"Value added, gross",ES,Spain,2025-Q4,,120.869,,p,provisional,,
324,dataflow,ESTAT:NAMQ_10_GDP(1.0),"Gross domestic product (GDP) and main components (output, expenditure and income) - quarterly data",Q,Quarterly,PD20_EUR,"Price index (implicit deflator), 2020=100, euro",SCA,Seasonally and calendar adjusted data,B1G,"Value added, gross",FI,Finland,2023-Q1,,112.06,,,,,
325,dataflow,ESTAT:NAMQ_10_GDP(1.0),"Gross domestic product (GDP) and main components (output, expenditure and income) - quarterly data",Q,Quarterly,PD20_EUR,"Price index (implicit deflator), 2020=100, euro",SCA,Seasonally and calendar adjusted data,B1G,"Value added, gross",FI,Finland,2023-Q2,,112.893,,,,,
326,dataflow,ESTAT:NAMQ_10_GDP(1.0),"Gross domestic product (GDP) and main components (output, expenditure and income) - quarterly data",Q,Quarterly,PD20_EUR,"Price index (implicit deflator), 2020=100, euro",SCA,Seasonally and calendar adjusted data,B1G,"Value added, gross",FI,Finland,2023-Q3,,113.67,,,,,
327,dataflow,ESTAT:NAMQ_10_GDP(1.0),"Gross domestic product (GDP) and main components (output, expenditure and income) - quarterly data",Q,Quarterly,PD20_EUR,"Price index (implicit deflator), 2020=100, euro",SCA,Seasonally and calendar adjusted data,B1G,"Value added, gross",FI,Finland,2023-Q4,,113.174,,,,,
328,dataflow,ESTAT:NAMQ_10_GDP(1.0),"Gross domestic product (GDP) and main components (output, expenditure and income) - quarterly data",Q,Quarterly,PD20_EUR,"Price index (implicit deflator), 2020=100, euro",SCA,Seasonally and calendar adjusted data,B1G,"Value added, gross",FI,Finland,2024-Q1,,113.153,,,,,
329,dataflow,ESTAT:NAMQ_10_GDP(1.0),"Gross domestic product (GDP) and main components (output, expenditure and income) - quarterly data",Q,Quarterly,PD20_EUR,"Price index (implicit deflator), 2020=100, euro",SCA,Seasonally and calendar adjusted data,B1G,"Value added, gross",FI,Finland,2024-Q2,,113.499,,,,,
330,dataflow,ESTAT:NAMQ_10_GDP(1.0),"Gross domestic product (GDP) and main components (output, expenditure and income) - quarterly data",Q,Quarterly,PD20_EUR,"Price index (implicit deflator), 2020=100, euro",SCA,Seasonally and calendar adjusted data,B1G,"Value added, gross",FI,Finland,2024-Q3,,113.907,,,,,
331,dataflow,ESTAT:NAMQ_10_GDP(1.0),"Gross domestic product (GDP) and main components (output, expenditure and income) - quarterly data",Q,Quarterly,PD20_EUR,"Price index (implicit deflator), 2020=100, euro",SCA,Seasonally and calendar adjusted data,B1G,"Value added, gross",FI,Finland,2024-Q4,,114.187,,,,,
332,dataflow,ESTAT:NAMQ_10_GDP(1.0),"Gross domestic product (GDP) and main components (output, expenditure and income) - quarterly data",Q,Quarterly,PD20_EUR,"Price index (implicit deflator), 2020=100, euro",SCA,Seasonally and calendar adjusted data,B1G,"Value added, gross",FI,Finland,2025-Q1,,114.488,,,,,
333,dataflow,ESTAT:NAMQ_10_GDP(1.0),"Gross domestic product (GDP) and main components (output, expenditure and income) - quarterly data",Q,Quarterly,PD20_EUR,"Price index (implicit deflator), 2020=100, euro",SCA,Seasonally and calendar adjusted data,B1G,"Value added, gross",FI,Finland,2025-Q2,,114.484,,,,,
334,dataflow,ESTAT:NAMQ_10_GDP(1.0),"Gross domestic product (GDP) and main components (output, expenditure and income) - quarterly data",Q,Quarterly,PD20_EUR,"Price index (implicit deflator), 2020=100, euro",SCA,Seasonally and calendar adjusted data,B1G,"Value added, gross",FI,Finland,2025-Q3,,115.112,,,,,
335,dataflow,ESTAT:NAMQ_10_GDP(1.0),"Gross domestic product (GDP) and main components (output, expenditure and income) - quarterly data",Q,Quarterly,PD20_EUR,"Price index (implicit deflator), 2020=100, euro",SCA,Seasonally and calendar adjusted data,B1G,"Value added, gross",FI,Finland,2025-Q4,,116.138,,,,,
336,dataflow,ESTAT:NAMQ_10_GDP(1.0),"Gross domestic product (GDP) and main components (output, expenditure and income) - quarterly data",Q,Quarterly,PD20_EUR,"Price index (implicit deflator), 2020=100, euro",SCA,Seasonally and calendar adjusted data,B1G,"Value added, gross",FR,France,2023-Q1,,108.765,,,,,
337,dataflow,ESTAT:NAMQ_10_GDP(1.0),"Gross domestic product (GDP) and main components (output, expenditure and income) - quarterly data",Q,Quarterly,PD20_EUR,"Price index (implicit deflator), 2020=100, euro",SCA,Seasonally and calendar adjusted data,B1G,"Value added, gross",FR,France,2023-Q2,,110.146,,,,,
338,dataflow,ESTAT:NAMQ_10_GDP(1.0),"Gross domestic product (GDP) and main components (output, expenditure and income) - quarterly data",Q,Quarterly,PD20_EUR,"Price index (implicit deflator), 2020=100, euro",SCA,Seasonally and calendar adjusted data,B1G,"Value added, gross",FR,France,2023-Q3,,110.607,,,,,
339,dataflow,ESTAT:NAMQ_10_GDP(1.0),"Gross domestic product (GDP) and main components (output, expenditure and income) - quarterly data",Q,Quarterly,PD20_EUR,"Price index (implicit deflator), 2020=100, euro",SCA,Seasonally and calendar adjusted data,B1G,"Value added, gross",FR,France,2023-Q4,,111.673,,,,,
340,dataflow,ESTAT:NAMQ_10_GDP(1.0),"Gross domestic product (GDP) and main components (output, expenditure and income) - quarterly data",Q,Quarterly,PD20_EUR,"Price index (implicit deflator), 2020=100, euro",SCA,Seasonally and calendar adjusted data,B1G,"Value added, gross",FR,France,2024-Q1,,111.415,,,,,
341,dataflow,ESTAT:NAMQ_10_GDP(1.0),"Gross domestic product (GDP) and main components (output, expenditure and income) - quarterly data",Q,Quarterly,PD20_EUR,"Price index (implicit deflator), 2020=100, euro",SCA,Seasonally and calendar adjusted data,B1G,"Value added, gross",FR,France,2024-Q2,,110.966,,,,,
342,dataflow,ESTAT:NAMQ_10_GDP(1.0),"Gross domestic product (GDP) and main components (output, expenditure and income) - quarterly data",Q,Quarterly,PD20_EUR,"Price index (implicit deflator), 2020=100, euro",SCA,Seasonally and calendar adjusted data,B1G,"Value added, gross",FR,France,2024-Q3,,112.292,,,,,
343,dataflow,ESTAT:NAMQ_10_GDP(1.0),"Gross domestic product (GDP) and main components (output, expenditure and income) - quarterly data",Q,Quarterly,PD20_EUR,"Price index (implicit deflator), 2020=100, euro",SCA,Seasonally and calendar adjusted data,B1G,"Value added, gross",FR,France,2024-Q4,,112.301,,,,,
344,dataflow,ESTAT:NAMQ_10_GDP(1.0),"Gross domestic product (GDP) and main components (output, expenditure and income) - quarterly data",Q,Quarterly,PD20_EUR,"Price index (implicit deflator), 2020=100, euro",SCA,Seasonally and calendar adjusted data,B1G,"Value added, gross",FR,France,2025-Q1,,112.519,,,,,
345,dataflow,ESTAT:NAMQ_10_GDP(1.0),"Gross domestic product (GDP) and main components (output, expenditure and income) - quarterly data",Q,Quarterly,PD20_EUR,"Price index (implicit deflator), 2020=100, euro",SCA,Seasonally and calendar adjusted data,B1G,"Value added, gross",FR,France,2025-Q2,,112.437,,,,,
346,dataflow,ESTAT:NAMQ_10_GDP(1.0),"Gross domestic product (GDP) and main components (output, expenditure and income) - quarterly data",Q,Quarterly,PD20_EUR,"Price index (implicit deflator), 2020=100, euro",SCA,Seasonally and calendar adjusted data,B1G,"Value added, gross",FR,France,2025-Q3,,112.736,,,,,
347,dataflow,ESTAT:NAMQ_10_GDP(1.0),"Gross domestic product (GDP) and main components (output, expenditure and income) - quarterly data",Q,Quarterly,PD20_EUR,"Price index (implicit deflator), 2020=100, euro",SCA,Seasonally and calendar adjusted data,B1G,"Value added, gross",FR,France,2025-Q4,,113.302,,,,,
348,dataflow,ESTAT:NAMQ_10_GDP(1.0),"Gross domestic product (GDP) and main components (output, expenditure and income) - quarterly data",Q,Quarterly,PD20_EUR,"Price index (implicit deflator), 2020=100, euro",SCA,Seasonally and calendar adjusted data,B1G,"Value added, gross",HR,Croatia,2023-Q1,,123.348,,,,,
349,dataflow,ESTAT:NAMQ_10_GDP(1.0),"Gross domestic product (GDP) and main components (output, expenditure and income) - quarterly data",Q,Quarterly,PD20_EUR,"Price index (implicit deflator), 2020=100, euro",SCA,Seasonally and calendar adjusted data,B1G,"Value added, gross",HR,Croatia,2023-Q2,,124.451,,,,,
350,dataflow,ESTAT:NAMQ_10_GDP(1.0),"Gross domestic product (GDP) and main components (output, expenditure and income) - quarterly data",Q,Quarterly,PD20_EUR,"Price index (implicit deflator), 2020=100, euro",SCA,Seasonally and calendar adjusted data,B1G,"Value added, gross",HR,Croatia,2023-Q3,,125.91,,,,,
351,dataflow,ESTAT:NAMQ_10_GDP(1.0),"Gross domestic product (GDP) and main components (output, expenditure and income) - quarterly data",Q,Quarterly,PD20_EUR,"Price index (implicit deflator), 2020=100, euro",SCA,Seasonally and calendar adjusted data,B1G,"Value added, gross",HR,Croatia,2023-Q4,,126.979,,,,,
352,dataflow,ESTAT:NAMQ_10_GDP(1.0),"Gross domestic product (GDP) and main components (output, expenditure and income) - quarterly data",Q,Quarterly,PD20_EUR,"Price index (implicit deflator), 2020=100, euro",SCA,Seasonally and calendar adjusted data,B1G,"Value added, gross",HR,Croatia,2024-Q1,,130.394,,p,provisional,,
353,dataflow,ESTAT:NAMQ_10_GDP(1.0),"Gross domestic product (GDP) and main components (output, expenditure and income) - quarterly data",Q,Quarterly,PD20_EUR,"Price index (implicit deflator), 2020=100, euro",SCA,Seasonally and calendar adjusted data,B1G,"Value added, gross",HR,Croatia,2024-Q2,,130.58,,p,provisional,,
354,dataflow,ESTAT:NAMQ_10_GDP(1.0),"Gross domestic product (GDP) and main components (output, expenditure and income) - quarterly data",Q,Quarterly,PD20_EUR,"Price index (implicit deflator), 2020=100, euro",SCA,Seasonally and calendar adjusted data,B1G,"Value added, gross",HR,Croatia,2024-Q3,,130.05,,p,provisional,,
355,dataflow,ESTAT:NAMQ_10_GDP(1.0),"Gross domestic product (GDP) and main components (output, expenditure and income) - quarterly data",Q,Quarterly,PD20_EUR,"Price index (implicit deflator), 2020=100, euro",SCA,Seasonally and calendar adjusted data,B1G,"Value added, gross",HR,Croatia,2024-Q4,,130.658,,p,provisional,,
356,dataflow,ESTAT:NAMQ_10_GDP(1.0),"Gross domestic product (GDP) and main components (output, expenditure and income) - quarterly data",Q,Quarterly,PD20_EUR,"Price index (implicit deflator), 2020=100, euro",SCA,Seasonally and calendar adjusted data,B1G,"Value added, gross",HR,Croatia,2025-Q1,,132.571,,p,provisional,,
357,dataflow,ESTAT:NAMQ_10_GDP(1.0),"Gross domestic product (GDP) and main components (output, expenditure and income) - quarterly data",Q,Quarterly,PD20_EUR,"Price index (implicit deflator), 2020=100, euro",SCA,Seasonally and calendar adjusted data,B1G,"Value added, gross",HR,Croatia,2025-Q2,,135.405,,p,provisional,,
358,dataflow,ESTAT:NAMQ_10_GDP(1.0),"Gross domestic product (GDP) and main components (output, expenditure and income) - quarterly data",Q,Quarterly,PD20_EUR,"Price index (implicit deflator), 2020=100, euro",SCA,Seasonally and calendar adjusted data,B1G,"Value added, gross",HR,Croatia,2025-Q3,,137.716,,p,provisional,,
359,dataflow,ESTAT:NAMQ_10_GDP(1.0),"Gross domestic product (GDP) and main components (output, expenditure and income) - quarterly data",Q,Quarterly,PD20_EUR,"Price index (implicit deflator), 2020=100, euro",SCA,Seasonally and calendar adjusted data,B1G,"Value added, gross",HR,Croatia,2025-Q4,,141.17,,p,provisional,,
360,dataflow,ESTAT:NAMQ_10_GDP(1.0),"Gross domestic product (GDP) and main components (output, expenditure and income) - quarterly data",Q,Quarterly,PD20_EUR,"Price index (implicit deflator), 2020=100, euro",SCA,Seasonally and calendar adjusted data,B1G,"Value added, gross",IE,Ireland,2023-Q1,,109.242,,,,,
361,dataflow,ESTAT:NAMQ_10_GDP(1.0),"Gross domestic product (GDP) and main components (output, expenditure and income) - quarterly data",Q,Quarterly,PD20_EUR,"Price index (implicit deflator), 2020=100, euro",SCA,Seasonally and calendar adjusted data,B1G,"Value added, gross",IE,Ireland,2023-Q2,,111.207,,,,,
362,dataflow,ESTAT:NAMQ_10_GDP(1.0),"Gross domestic product (GDP) and main components (output, expenditure and income) - quarterly data",Q,Quarterly,PD20_EUR,"Price index (implicit deflator), 2020=100, euro",SCA,Seasonally and calendar adjusted data,B1G,"Value added, gross",IE,Ireland,2023-Q3,,115.729,,,,,
363,dataflow,ESTAT:NAMQ_10_GDP(1.0),"Gross domestic product (GDP) and main components (output, expenditure and income) - quarterly data",Q,Quarterly,PD20_EUR,"Price index (implicit deflator), 2020=100, euro",SCA,Seasonally and calendar adjusted data,B1G,"Value added, gross",IE,Ireland,2023-Q4,,114.565,,,,,
364,dataflow,ESTAT:NAMQ_10_GDP(1.0),"Gross domestic product (GDP) and main components (output, expenditure and income) - quarterly data",Q,Quarterly,PD20_EUR,"Price index (implicit deflator), 2020=100, euro",SCA,Seasonally and calendar adjusted data,B1G,"Value added, gross",IE,Ireland,2024-Q1,,113.576,,,,,
365,dataflow,ESTAT:NAMQ_10_GDP(1.0),"Gross domestic product (GDP) and main components (output, expenditure and income) - quarterly data",Q,Quarterly,PD20_EUR,"Price index (implicit deflator), 2020=100, euro",SCA,Seasonally and calendar adjusted data,B1G,"Value added, gross",IE,Ireland,2024-Q2,,120.229,,,,,
366,dataflow,ESTAT:NAMQ_10_GDP(1.0),"Gross domestic product (GDP) and main components (output, expenditure and income) - quarterly data",Q,Quarterly,PD20_EUR,"Price index (implicit deflator), 2020=100, euro",SCA,Seasonally and calendar adjusted data,B1G,"Value added, gross",IE,Ireland,2024-Q3,,116.768,,,,,
367,dataflow,ESTAT:NAMQ_10_GDP(1.0),"Gross domestic product (GDP) and main components (output, expenditure and income) - quarterly data",Q,Quarterly,PD20_EUR,"Price index (implicit deflator), 2020=100, euro",SCA,Seasonally and calendar adjusted data,B1G,"Value added, gross",IE,Ireland,2024-Q4,,121.908,,,,,
368,dataflow,ESTAT:NAMQ_10_GDP(1.0),"Gross domestic product (GDP) and main components (output, expenditure and income) - quarterly data",Q,Quarterly,PD20_EUR,"Price index (implicit deflator), 2020=100, euro",SCA,Seasonally and calendar adjusted data,B1G,"Value added, gross",IE,Ireland,2025-Q1,,120.103,,,,,
369,dataflow,ESTAT:NAMQ_10_GDP(1.0),"Gross domestic product (GDP) and main components (output, expenditure and income) - quarterly data",Q,Quarterly,PD20_EUR,"Price index (implicit deflator), 2020=100, euro",SCA,Seasonally and calendar adjusted data,B1G,"Value added, gross",IE,Ireland,2025-Q2,,120.075,,,,,
370,dataflow,ESTAT:NAMQ_10_GDP(1.0),"Gross domestic product (GDP) and main components (output, expenditure and income) - quarterly data",Q,Quarterly,PD20_EUR,"Price index (implicit deflator), 2020=100, euro",SCA,Seasonally and calendar adjusted data,B1G,"Value added, gross",IE,Ireland,2025-Q3,,117.64,,,,,
371,dataflow,ESTAT:NAMQ_10_GDP(1.0),"Gross domestic product (GDP) and main components (output, expenditure and income) - quarterly data",Q,Quarterly,PD20_EUR,"Price index (implicit deflator), 2020=100, euro",SCA,Seasonally and calendar adjusted data,B1G,"Value added, gross",IE,Ireland,2025-Q4,,121.448,,,,,
372,dataflow,ESTAT:NAMQ_10_GDP(1.0),"Gross domestic product (GDP) and main components (output, expenditure and income) - quarterly data",Q,Quarterly,PD20_EUR,"Price index (implicit deflator), 2020=100, euro",SCA,Seasonally and calendar adjusted data,B1G,"Value added, gross",IT,Italy,2023-Q1,,109.832,,,,,
373,dataflow,ESTAT:NAMQ_10_GDP(1.0),"Gross domestic product (GDP) and main components (output, expenditure and income) - quarterly data",Q,Quarterly,PD20_EUR,"Price index (implicit deflator), 2020=100, euro",SCA,Seasonally and calendar adjusted data,B1G,"Value added, gross",IT,Italy,2023-Q2,,111.58,,,,,
374,dataflow,ESTAT:NAMQ_10_GDP(1.0),"Gross domestic product (GDP) and main components (output, expenditure and income) - quarterly data",Q,Quarterly,PD20_EUR,"Price index (implicit deflator), 2020=100, euro",SCA,Seasonally and calendar adjusted data,B1G,"Value added, gross",IT,Italy,2023-Q3,,112.091,,,,,
375,dataflow,ESTAT:NAMQ_10_GDP(1.0),"Gross domestic product (GDP) and main components (output, expenditure and income) - quarterly data",Q,Quarterly,PD20_EUR,"Price index (implicit deflator), 2020=100, euro",SCA,Seasonally and calendar adjusted data,B1G,"Value added, gross",IT,Italy,2023-Q4,,112.36,,,,,
376,dataflow,ESTAT:NAMQ_10_GDP(1.0),"Gross domestic product (GDP) and main components (output, expenditure and income) - quarterly data",Q,Quarterly,PD20_EUR,"Price index (implicit deflator), 2020=100, euro",SCA,Seasonally and calendar adjusted data,B1G,"Value added, gross",IT,Italy,2024-Q1,,113.026,,,,,
377,dataflow,ESTAT:NAMQ_10_GDP(1.0),"Gross domestic product (GDP) and main components (output, expenditure and income) - quarterly data",Q,Quarterly,PD20_EUR,"Price index (implicit deflator), 2020=100, euro",SCA,Seasonally and calendar adjusted data,B1G,"Value added, gross",IT,Italy,2024-Q2,,112.902,,,,,
378,dataflow,ESTAT:NAMQ_10_GDP(1.0),"Gross domestic product (GDP) and main components (output, expenditure and income) - quarterly data",Q,Quarterly,PD20_EUR,"Price index (implicit deflator), 2020=100, euro",SCA,Seasonally and calendar adjusted data,B1G,"Value added, gross",IT,Italy,2024-Q3,,113.526,,,,,
379,dataflow,ESTAT:NAMQ_10_GDP(1.0),"Gross domestic product (GDP) and main components (output, expenditure and income) - quarterly data",Q,Quarterly,PD20_EUR,"Price index (implicit deflator), 2020=100, euro",SCA,Seasonally and calendar adjusted data,B1G,"Value added, gross",IT,Italy,2024-Q4,,114.189,,,,,
380,dataflow,ESTAT:NAMQ_10_GDP(1.0),"Gross domestic product (GDP) and main components (output, expenditure and income) - quarterly data",Q,Quarterly,PD20_EUR,"Price index (implicit deflator), 2020=100, euro",SCA,Seasonally and calendar adjusted data,B1G,"Value added, gross",IT,Italy,2025-Q1,,114.509,,,,,
381,dataflow,ESTAT:NAMQ_10_GDP(1.0),"Gross domestic product (GDP) and main components (output, expenditure and income) - quarterly data",Q,Quarterly,PD20_EUR,"Price index (implicit deflator), 2020=100, euro",SCA,Seasonally and calendar adjusted data,B1G,"Value added, gross",IT,Italy,2025-Q2,,115.411,,,,,
382,dataflow,ESTAT:NAMQ_10_GDP(1.0),"Gross domestic product (GDP) and main components (output, expenditure and income) - quarterly data",Q,Quarterly,PD20_EUR,"Price index (implicit deflator), 2020=100, euro",SCA,Seasonally and calendar adjusted data,B1G,"Value added, gross",IT,Italy,2025-Q3,,115.804,,,,,
383,dataflow,ESTAT:NAMQ_10_GDP(1.0),"Gross domestic product (GDP) and main components (output, expenditure and income) - quarterly data",Q,Quarterly,PD20_EUR,"Price index (implicit deflator), 2020=100, euro",SCA,Seasonally and calendar adjusted data,B1G,"Value added, gross",IT,Italy,2025-Q4,,116.611,,,,,
384,dataflow,ESTAT:NAMQ_10_GDP(1.0),"Gross domestic product (GDP) and main components (output, expenditure and income) - quarterly data",Q,Quarterly,PD20_EUR,"Price index (implicit deflator), 2020=100, euro",SCA,Seasonally and calendar adjusted data,B1G,"Value added, gross",LT,Lithuania,2023-Q1,,134.775,,,,,
385,dataflow,ESTAT:NAMQ_10_GDP(1.0),"Gross domestic product (GDP) and main components (output, expenditure and income) - quarterly data",Q,Quarterly,PD20_EUR,"Price index (implicit deflator), 2020=100, euro",SCA,Seasonally and calendar adjusted data,B1G,"Value added, gross",LT,Lithuania,2023-Q2,,135.704,,,,,
386,dataflow,ESTAT:NAMQ_10_GDP(1.0),"Gross domestic product (GDP) and main components (output, expenditure and income) - quarterly data",Q,Quarterly,PD20_EUR,"Price index (implicit deflator), 2020=100, euro",SCA,Seasonally and calendar adjusted data,B1G,"Value added, gross",LT,Lithuania,2023-Q3,,135.519,,,,,
387,dataflow,ESTAT:NAMQ_10_GDP(1.0),"Gross domestic product (GDP) and main components (output, expenditure and income) - quarterly data",Q,Quarterly,PD20_EUR,"Price index (implicit deflator), 2020=100, euro",SCA,Seasonally and calendar adjusted data,B1G,"Value added, gross",LT,Lithuania,2023-Q4,,137.5,,,,,
388,dataflow,ESTAT:NAMQ_10_GDP(1.0),"Gross domestic product (GDP) and main components (output, expenditure and income) - quarterly data",Q,Quarterly,PD20_EUR,"Price index (implicit deflator), 2020=100, euro",SCA,Seasonally and calendar adjusted data,B1G,"Value added, gross",LT,Lithuania,2024-Q1,,136.792,,,,,
389,dataflow,ESTAT:NAMQ_10_GDP(1.0),"Gross domestic product (GDP) and main components (output, expenditure and income) - quarterly data",Q,Quarterly,PD20_EUR,"Price index (implicit deflator), 2020=100, euro",SCA,Seasonally and calendar adjusted data,B1G,"Value added, gross",LT,Lithuania,2024-Q2,,139.108,,,,,
390,dataflow,ESTAT:NAMQ_10_GDP(1.0),"Gross domestic product (GDP) and main components (output, expenditure and income) - quarterly data",Q,Quarterly,PD20_EUR,"Price index (implicit deflator), 2020=100, euro",SCA,Seasonally and calendar adjusted data,B1G,"Value added, gross",LT,Lithuania,2024-Q3,,140.777,,,,,
391,dataflow,ESTAT:NAMQ_10_GDP(1.0),"Gross domestic product (GDP) and main components (output, expenditure and income) - quarterly data",Q,Quarterly,PD20_EUR,"Price index (implicit deflator), 2020=100, euro",SCA,Seasonally and calendar adjusted data,B1G,"Value added, gross",LT,Lithuania,2024-Q4,,140.348,,,,,
392,dataflow,ESTAT:NAMQ_10_GDP(1.0),"Gross domestic product (GDP) and main components (output, expenditure and income) - quarterly data",Q,Quarterly,PD20_EUR,"Price index (implicit deflator), 2020=100, euro",SCA,Seasonally and calendar adjusted data,B1G,"Value added, gross",LT,Lithuania,2025-Q1,,142.117,,,,,
393,dataflow,ESTAT:NAMQ_10_GDP(1.0),"Gross domestic product (GDP) and main components (output, expenditure and income) - quarterly data",Q,Quarterly,PD20_EUR,"Price index (implicit deflator), 2020=100, euro",SCA,Seasonally and calendar adjusted data,B1G,"Value added, gross",LT,Lithuania,2025-Q2,,143.421,,,,,
394,dataflow,ESTAT:NAMQ_10_GDP(1.0),"Gross domestic product (GDP) and main components (output, expenditure and income) - quarterly data",Q,Quarterly,PD20_EUR,"Price index (implicit deflator), 2020=100, euro",SCA,Seasonally and calendar adjusted data,B1G,"Value added, gross",LT,Lithuania,2025-Q3,,144.68,,,,,
395,dataflow,ESTAT:NAMQ_10_GDP(1.0),"Gross domestic product (GDP) and main components (output, expenditure and income) - quarterly data",Q,Quarterly,PD20_EUR,"Price index (implicit deflator), 2020=100, euro",SCA,Seasonally and calendar adjusted data,B1G,"Value added, gross",LT,Lithuania,2025-Q4,,144.872,,,,,
396,dataflow,ESTAT:NAMQ_10_GDP(1.0),"Gross domestic product (GDP) and main components (output, expenditure and income) - quarterly data",Q,Quarterly,PD20_EUR,"Price index (implicit deflator), 2020=100, euro",SCA,Seasonally and calendar adjusted data,B1G,"Value added, gross",LU,Luxembourg,2023-Q1,,119.146,,,,,
397,dataflow,ESTAT:NAMQ_10_GDP(1.0),"Gross domestic product (GDP) and main components (output, expenditure and income) - quarterly data",Q,Quarterly,PD20_EUR,"Price index (implicit deflator), 2020=100, euro",SCA,Seasonally and calendar adjusted data,B1G,"Value added, gross",LU,Luxembourg,2023-Q2,,122.424,,,,,
398,dataflow,ESTAT:NAMQ_10_GDP(1.0),"Gross domestic product (GDP) and main components (output, expenditure and income) - quarterly data",Q,Quarterly,PD20_EUR,"Price index (implicit deflator), 2020=100, euro",SCA,Seasonally and calendar adjusted data,B1G,"Value added, gross",LU,Luxembourg,2023-Q3,,122.314,,,,,
399,dataflow,ESTAT:NAMQ_10_GDP(1.0),"Gross domestic product (GDP) and main components (output, expenditure and income) - quarterly data",Q,Quarterly,PD20_EUR,"Price index (implicit deflator), 2020=100, euro",SCA,Seasonally and calendar adjusted data,B1G,"Value added, gross",LU,Luxembourg,2023-Q4,,123.389,,,,,
400,dataflow,ESTAT:NAMQ_10_GDP(1.0),"Gross domestic product (GDP) and main components (output, expenditure and income) - quarterly data",Q,Quarterly,PD20_EUR,"Price index (implicit deflator), 2020=100, euro",SCA,Seasonally and calendar adjusted data,B1G,"Value added, gross",LU,Luxembourg,2024-Q1,,122.395,,,,,
401,dataflow,ESTAT:NAMQ_10_GDP(1.0),"Gross domestic product (GDP) and main components (output, expenditure and income) - quarterly data",Q,Quarterly,PD20_EUR,"Price index (implicit deflator), 2020=100, euro",SCA,Seasonally and calendar adjusted data,B1G,"Value added, gross",LU,Luxembourg,2024-Q2,,125.583,,,,,
402,dataflow,ESTAT:NAMQ_10_GDP(1.0),"Gross domestic product (GDP) and main components (output, expenditure and income) - quarterly data",Q,Quarterly,PD20_EUR,"Price index (implicit deflator), 2020=100, euro",SCA,Seasonally and calendar adjusted data,B1G,"Value added, gross",LU,Luxembourg,2024-Q3,,127.443,,,,,
403,dataflow,ESTAT:NAMQ_10_GDP(1.0),"Gross domestic product (GDP) and main components (output, expenditure and income) - quarterly data",Q,Quarterly,PD20_EUR,"Price index (implicit deflator), 2020=100, euro",SCA,Seasonally and calendar adjusted data,B1G,"Value added, gross",LU,Luxembourg,2024-Q4,,128.645,,,,,
404,dataflow,ESTAT:NAMQ_10_GDP(1.0),"Gross domestic product (GDP) and main components (output, expenditure and income) - quarterly data",Q,Quarterly,PD20_EUR,"Price index (implicit deflator), 2020=100, euro",SCA,Seasonally and calendar adjusted data,B1G,"Value added, gross",LU,Luxembourg,2025-Q1,,128.789,,p,provisional,,
405,dataflow,ESTAT:NAMQ_10_GDP(1.0),"Gross domestic product (GDP) and main components (output, expenditure and income) - quarterly data",Q,Quarterly,PD20_EUR,"Price index (implicit deflator), 2020=100, euro",SCA,Seasonally and calendar adjusted data,B1G,"Value added, gross",LU,Luxembourg,2025-Q2,,128.872,,p,provisional,,
406,dataflow,ESTAT:NAMQ_10_GDP(1.0),"Gross domestic product (GDP) and main components (output, expenditure and income) - quarterly data",Q,Quarterly,PD20_EUR,"Price index (implicit deflator), 2020=100, euro",SCA,Seasonally and calendar adjusted data,B1G,"Value added, gross",LU,Luxembourg,2025-Q3,,130.767,,p,provisional,,
407,dataflow,ESTAT:NAMQ_10_GDP(1.0),"Gross domestic product (GDP) and main components (output, expenditure and income) - quarterly data",Q,Quarterly,PD20_EUR,"Price index (implicit deflator), 2020=100, euro",SCA,Seasonally and calendar adjusted data,B1G,"Value added, gross",LU,Luxembourg,2025-Q4,,133.613,,p,provisional,,
408,dataflow,ESTAT:NAMQ_10_GDP(1.0),"Gross domestic product (GDP) and main components (output, expenditure and income) - quarterly data",Q,Quarterly,PD20_EUR,"Price index (implicit deflator), 2020=100, euro",SCA,Seasonally and calendar adjusted data,B1G,"Value added, gross",LV,Latvia,2023-Q1,,128.55,,,,,
409,dataflow,ESTAT:NAMQ_10_GDP(1.0),"Gross domestic product (GDP) and main components (output, expenditure and income) - quarterly data",Q,Quarterly,PD20_EUR,"Price index (implicit deflator), 2020=100, euro",SCA,Seasonally and calendar adjusted data,B1G,"Value added, gross",LV,Latvia,2023-Q2,,125.357,,,,,
410,dataflow,ESTAT:NAMQ_10_GDP(1.0),"Gross domestic product (GDP) and main components (output, expenditure and income) - quarterly data",Q,Quarterly,PD20_EUR,"Price index (implicit deflator), 2020=100, euro",SCA,Seasonally and calendar adjusted data,B1G,"Value added, gross",LV,Latvia,2023-Q3,,124.777,,,,,
411,dataflow,ESTAT:NAMQ_10_GDP(1.0),"Gross domestic product (GDP) and main components (output, expenditure and income) - quarterly data",Q,Quarterly,PD20_EUR,"Price index (implicit deflator), 2020=100, euro",SCA,Seasonally and calendar adjusted data,B1G,"Value added, gross",LV,Latvia,2023-Q4,,126.364,,,,,
412,dataflow,ESTAT:NAMQ_10_GDP(1.0),"Gross domestic product (GDP) and main components (output, expenditure and income) - quarterly data",Q,Quarterly,PD20_EUR,"Price index (implicit deflator), 2020=100, euro",SCA,Seasonally and calendar adjusted data,B1G,"Value added, gross",LV,Latvia,2024-Q1,,127.091,,,,,
413,dataflow,ESTAT:NAMQ_10_GDP(1.0),"Gross domestic product (GDP) and main components (output, expenditure and income) - quarterly data",Q,Quarterly,PD20_EUR,"Price index (implicit deflator), 2020=100, euro",SCA,Seasonally and calendar adjusted data,B1G,"Value added, gross",LV,Latvia,2024-Q2,,129.32,,,,,
414,dataflow,ESTAT:NAMQ_10_GDP(1.0),"Gross domestic product (GDP) and main components (output, expenditure and income) - quarterly data",Q,Quarterly,PD20_EUR,"Price index (implicit deflator), 2020=100, euro",SCA,Seasonally and calendar adjusted data,B1G,"Value added, gross",LV,Latvia,2024-Q3,,127.963,,,,,
415,dataflow,ESTAT:NAMQ_10_GDP(1.0),"Gross domestic product (GDP) and main components (output, expenditure and income) - quarterly data",Q,Quarterly,PD20_EUR,"Price index (implicit deflator), 2020=100, euro",SCA,Seasonally and calendar adjusted data,B1G,"Value added, gross",LV,Latvia,2024-Q4,,130.565,,,,,
416,dataflow,ESTAT:NAMQ_10_GDP(1.0),"Gross domestic product (GDP) and main components (output, expenditure and income) - quarterly data",Q,Quarterly,PD20_EUR,"Price index (implicit deflator), 2020=100, euro",SCA,Seasonally and calendar adjusted data,B1G,"Value added, gross",LV,Latvia,2025-Q1,,131.059,,,,,
417,dataflow,ESTAT:NAMQ_10_GDP(1.0),"Gross domestic product (GDP) and main components (output, expenditure and income) - quarterly data",Q,Quarterly,PD20_EUR,"Price index (implicit deflator), 2020=100, euro",SCA,Seasonally and calendar adjusted data,B1G,"Value added, gross",LV,Latvia,2025-Q2,,132.506,,,,,
418,dataflow,ESTAT:NAMQ_10_GDP(1.0),"Gross domestic product (GDP) and main components (output, expenditure and income) - quarterly data",Q,Quarterly,PD20_EUR,"Price index (implicit deflator), 2020=100, euro",SCA,Seasonally and calendar adjusted data,B1G,"Value added, gross",LV,Latvia,2025-Q3,,133.991,,,,,
419,dataflow,ESTAT:NAMQ_10_GDP(1.0),"Gross domestic product (GDP) and main components (output, expenditure and income) - quarterly data",Q,Quarterly,PD20_EUR,"Price index (implicit deflator), 2020=100, euro",SCA,Seasonally and calendar adjusted data,B1G,"Value added, gross",LV,Latvia,2025-Q4,,135.354,,,,,
420,dataflow,ESTAT:NAMQ_10_GDP(1.0),"Gross domestic product (GDP) and main components (output, expenditure and income) - quarterly data",Q,Quarterly,PD20_EUR,"Price index (implicit deflator), 2020=100, euro",SCA,Seasonally and calendar adjusted data,B1G,"Value added, gross",MT,Malta,2023-Q1,,113.268,,,,,
421,dataflow,ESTAT:NAMQ_10_GDP(1.0),"Gross domestic product (GDP) and main components (output, expenditure and income) - quarterly data",Q,Quarterly,PD20_EUR,"Price index (implicit deflator), 2020=100, euro",SCA,Seasonally and calendar adjusted data,B1G,"Value added, gross",MT,Malta,2023-Q2,,114.998,,,,,
422,dataflow,ESTAT:NAMQ_10_GDP(1.0),"Gross domestic product (GDP) and main components (output, expenditure and income) - quarterly data",Q,Quarterly,PD20_EUR,"Price index (implicit deflator), 2020=100, euro",SCA,Seasonally and calendar adjusted data,B1G,"Value added, gross",MT,Malta,2023-Q3,,116.206,,,,,
423,dataflow,ESTAT:NAMQ_10_GDP(1.0),"Gross domestic product (GDP) and main components (output, expenditure and income) - quarterly data",Q,Quarterly,PD20_EUR,"Price index (implicit deflator), 2020=100, euro",SCA,Seasonally and calendar adjusted data,B1G,"Value added, gross",MT,Malta,2023-Q4,,116.596,,,,,
424,dataflow,ESTAT:NAMQ_10_GDP(1.0),"Gross domestic product (GDP) and main components (output, expenditure and income) - quarterly data",Q,Quarterly,PD20_EUR,"Price index (implicit deflator), 2020=100, euro",SCA,Seasonally and calendar adjusted data,B1G,"Value added, gross",MT,Malta,2024-Q1,,119.533,,,,,
425,dataflow,ESTAT:NAMQ_10_GDP(1.0),"Gross domestic product (GDP) and main components (output, expenditure and income) - quarterly data",Q,Quarterly,PD20_EUR,"Price index (implicit deflator), 2020=100, euro",SCA,Seasonally and calendar adjusted data,B1G,"Value added, gross",MT,Malta,2024-Q2,,119.773,,,,,
426,dataflow,ESTAT:NAMQ_10_GDP(1.0),"Gross domestic product (GDP) and main components (output, expenditure and income) - quarterly data",Q,Quarterly,PD20_EUR,"Price index (implicit deflator), 2020=100, euro",SCA,Seasonally and calendar adjusted data,B1G,"Value added, gross",MT,Malta,2024-Q3,,120.918,,,,,
427,dataflow,ESTAT:NAMQ_10_GDP(1.0),"Gross domestic product (GDP) and main components (output, expenditure and income) - quarterly data",Q,Quarterly,PD20_EUR,"Price index (implicit deflator), 2020=100, euro",SCA,Seasonally and calendar adjusted data,B1G,"Value added, gross",MT,Malta,2024-Q4,,123.36,,,,,
428,dataflow,ESTAT:NAMQ_10_GDP(1.0),"Gross domestic product (GDP) and main components (output, expenditure and income) - quarterly data",Q,Quarterly,PD20_EUR,"Price index (implicit deflator), 2020=100, euro",SCA,Seasonally and calendar adjusted data,B1G,"Value added, gross",MT,Malta,2025-Q1,,121.492,,,,,
429,dataflow,ESTAT:NAMQ_10_GDP(1.0),"Gross domestic product (GDP) and main components (output, expenditure and income) - quarterly data",Q,Quarterly,PD20_EUR,"Price index (implicit deflator), 2020=100, euro",SCA,Seasonally and calendar adjusted data,B1G,"Value added, gross",MT,Malta,2025-Q2,,122.69,,,,,
430,dataflow,ESTAT:NAMQ_10_GDP(1.0),"Gross domestic product (GDP) and main components (output, expenditure and income) - quarterly data",Q,Quarterly,PD20_EUR,"Price index (implicit deflator), 2020=100, euro",SCA,Seasonally and calendar adjusted data,B1G,"Value added, gross",MT,Malta,2025-Q3,,123.361,,,,,
431,dataflow,ESTAT:NAMQ_10_GDP(1.0),"Gross domestic product (GDP) and main components (output, expenditure and income) - quarterly data",Q,Quarterly,PD20_EUR,"Price index (implicit deflator), 2020=100, euro",SCA,Seasonally and calendar adjusted data,B1G,"Value added, gross",MT,Malta,2025-Q4,,123.506,,,,,
432,dataflow,ESTAT:NAMQ_10_GDP(1.0),"Gross domestic product (GDP) and main components (output, expenditure and income) - quarterly data",Q,Quarterly,PD20_EUR,"Price index (implicit deflator), 2020=100, euro",SCA,Seasonally and calendar adjusted data,B1G,"Value added, gross",NL,Netherlands,2023-Q1,,114.2,,p,provisional,,
433,dataflow,ESTAT:NAMQ_10_GDP(1.0),"Gross domestic product (GDP) and main components (output, expenditure and income) - quarterly data",Q,Quarterly,PD20_EUR,"Price index (implicit deflator), 2020=100, euro",SCA,Seasonally and calendar adjusted data,B1G,"Value added, gross",NL,Netherlands,2023-Q2,,115.186,,p,provisional,,
434,dataflow,ESTAT:NAMQ_10_GDP(1.0),"Gross domestic product (GDP) and main components (output, expenditure and income) - quarterly data",Q,Quarterly,PD20_EUR,"Price index (implicit deflator), 2020=100, euro",SCA,Seasonally and calendar adjusted data,B1G,"Value added, gross",NL,Netherlands,2023-Q3,,117.014,,p,provisional,,
435,dataflow,ESTAT:NAMQ_10_GDP(1.0),"Gross domestic product (GDP) and main components (output, expenditure and income) - quarterly data",Q,Quarterly,PD20_EUR,"Price index (implicit deflator), 2020=100, euro",SCA,Seasonally and calendar adjusted data,B1G,"Value added, gross",NL,Netherlands,2023-Q4,,117.867,,p,provisional,,
436,dataflow,ESTAT:NAMQ_10_GDP(1.0),"Gross domestic product (GDP) and main components (output, expenditure and income) - quarterly data",Q,Quarterly,PD20_EUR,"Price index (implicit deflator), 2020=100, euro",SCA,Seasonally and calendar adjusted data,B1G,"Value added, gross",NL,Netherlands,2024-Q1,,121.202,,p,provisional,,
437,dataflow,ESTAT:NAMQ_10_GDP(1.0),"Gross domestic product (GDP) and main components (output, expenditure and income) - quarterly data",Q,Quarterly,PD20_EUR,"Price index (implicit deflator), 2020=100, euro",SCA,Seasonally and calendar adjusted data,B1G,"Value added, gross",NL,Netherlands,2024-Q2,,121.7,,p,provisional,,
438,dataflow,ESTAT:NAMQ_10_GDP(1.0),"Gross domestic product (GDP) and main components (output, expenditure and income) - quarterly data",Q,Quarterly,PD20_EUR,"Price index (implicit deflator), 2020=100, euro",SCA,Seasonally and calendar adjusted data,B1G,"Value added, gross",NL,Netherlands,2024-Q3,,122.584,,p,provisional,,
439,dataflow,ESTAT:NAMQ_10_GDP(1.0),"Gross domestic product (GDP) and main components (output, expenditure and income) - quarterly data",Q,Quarterly,PD20_EUR,"Price index (implicit deflator), 2020=100, euro",SCA,Seasonally and calendar adjusted data,B1G,"Value added, gross",NL,Netherlands,2024-Q4,,123.77,,p,provisional,,
440,dataflow,ESTAT:NAMQ_10_GDP(1.0),"Gross domestic product (GDP) and main components (output, expenditure and income) - quarterly data",Q,Quarterly,PD20_EUR,"Price index (implicit deflator), 2020=100, euro",SCA,Seasonally and calendar adjusted data,B1G,"Value added, gross",NL,Netherlands,2025-Q1,,124.689,,p,provisional,,
441,dataflow,ESTAT:NAMQ_10_GDP(1.0),"Gross domestic product (GDP) and main components (output, expenditure and income) - quarterly data",Q,Quarterly,PD20_EUR,"Price index (implicit deflator), 2020=100, euro",SCA,Seasonally and calendar adjusted data,B1G,"Value added, gross",NL,Netherlands,2025-Q2,,125.902,,p,provisional,,
442,dataflow,ESTAT:NAMQ_10_GDP(1.0),"Gross domestic product (GDP) and main components (output, expenditure and income) - quarterly data",Q,Quarterly,PD20_EUR,"Price index (implicit deflator), 2020=100, euro",SCA,Seasonally and calendar adjusted data,B1G,"Value added, gross",NL,Netherlands,2025-Q3,,126.923,,p,provisional,,
443,dataflow,ESTAT:NAMQ_10_GDP(1.0),"Gross domestic product (GDP) and main components (output, expenditure and income) - quarterly data",Q,Quarterly,PD20_EUR,"Price index (implicit deflator), 2020=100, euro",SCA,Seasonally and calendar adjusted data,B1G,"Value added, gross",NL,Netherlands,2025-Q4,,127.876,,p,provisional,,
444,dataflow,ESTAT:NAMQ_10_GDP(1.0),"Gross domestic product (GDP) and main components (output, expenditure and income) - quarterly data",Q,Quarterly,PD20_EUR,"Price index (implicit deflator), 2020=100, euro",SCA,Seasonally and calendar adjusted data,B1G,"Value added, gross",PT,Portugal,2023-Q1,,113.57,,,,,
445,dataflow,ESTAT:NAMQ_10_GDP(1.0),"Gross domestic product (GDP) and main components (output, expenditure and income) - quarterly data",Q,Quarterly,PD20_EUR,"Price index (implicit deflator), 2020=100, euro",SCA,Seasonally and calendar adjusted data,B1G,"Value added, gross",PT,Portugal,2023-Q2,,115.203,,,,,
446,dataflow,ESTAT:NAMQ_10_GDP(1.0),"Gross domestic product (GDP) and main components (output, expenditure and income) - quarterly data",Q,Quarterly,PD20_EUR,"Price index (implicit deflator), 2020=100, euro",SCA,Seasonally and calendar adjusted data,B1G,"Value added, gross",PT,Portugal,2023-Q3,,116.58,,,,,
447,dataflow,ESTAT:NAMQ_10_GDP(1.0),"Gross domestic product (GDP) and main components (output, expenditure and income) - quarterly data",Q,Quarterly,PD20_EUR,"Price index (implicit deflator), 2020=100, euro",SCA,Seasonally and calendar adjusted data,B1G,"Value added, gross",PT,Portugal,2023-Q4,,118.282,,,,,
448,dataflow,ESTAT:NAMQ_10_GDP(1.0),"Gross domestic product (GDP) and main components (output, expenditure and income) - quarterly data",Q,Quarterly,PD20_EUR,"Price index (implicit deflator), 2020=100, euro",SCA,Seasonally and calendar adjusted data,B1G,"Value added, gross",PT,Portugal,2024-Q1,,120.036,,p,provisional,,
449,dataflow,ESTAT:NAMQ_10_GDP(1.0),"Gross domestic product (GDP) and main components (output, expenditure and income) - quarterly data",Q,Quarterly,PD20_EUR,"Price index (implicit deflator), 2020=100, euro",SCA,Seasonally and calendar adjusted data,B1G,"Value added, gross",PT,Portugal,2024-Q2,,120.658,,p,provisional,,
450,dataflow,ESTAT:NAMQ_10_GDP(1.0),"Gross domestic product (GDP) and main components (output, expenditure and income) - quarterly data",Q,Quarterly,PD20_EUR,"Price index (implicit deflator), 2020=100, euro",SCA,Seasonally and calendar adjusted data,B1G,"Value added, gross",PT,Portugal,2024-Q3,,122.085,,p,provisional,,
451,dataflow,ESTAT:NAMQ_10_GDP(1.0),"Gross domestic product (GDP) and main components (output, expenditure and income) - quarterly data",Q,Quarterly,PD20_EUR,"Price index (implicit deflator), 2020=100, euro",SCA,Seasonally and calendar adjusted data,B1G,"Value added, gross",PT,Portugal,2024-Q4,,123.346,,p,provisional,,
452,dataflow,ESTAT:NAMQ_10_GDP(1.0),"Gross domestic product (GDP) and main components (output, expenditure and income) - quarterly data",Q,Quarterly,PD20_EUR,"Price index (implicit deflator), 2020=100, euro",SCA,Seasonally and calendar adjusted data,B1G,"Value added, gross",PT,Portugal,2025-Q1,,123.955,,p,provisional,,
453,dataflow,ESTAT:NAMQ_10_GDP(1.0),"Gross domestic product (GDP) and main components (output, expenditure and income) - quarterly data",Q,Quarterly,PD20_EUR,"Price index (implicit deflator), 2020=100, euro",SCA,Seasonally and calendar adjusted data,B1G,"Value added, gross",PT,Portugal,2025-Q2,,125.082,,p,provisional,,
454,dataflow,ESTAT:NAMQ_10_GDP(1.0),"Gross domestic product (GDP) and main components (output, expenditure and income) - quarterly data",Q,Quarterly,PD20_EUR,"Price index (implicit deflator), 2020=100, euro",SCA,Seasonally and calendar adjusted data,B1G,"Value added, gross",PT,Portugal,2025-Q3,,127.085,,p,provisional,,
455,dataflow,ESTAT:NAMQ_10_GDP(1.0),"Gross domestic product (GDP) and main components (output, expenditure and income) - quarterly data",Q,Quarterly,PD20_EUR,"Price index (implicit deflator), 2020=100, euro",SCA,Seasonally and calendar adjusted data,B1G,"Value added, gross",PT,Portugal,2025-Q4,,128.333,,p,provisional,,
456,dataflow,ESTAT:NAMQ_10_GDP(1.0),"Gross domestic product (GDP) and main components (output, expenditure and income) - quarterly data",Q,Quarterly,PD20_EUR,"Price index (implicit deflator), 2020=100, euro",SCA,Seasonally and calendar adjusted data,B1G,"Value added, gross",SI,Slovenia,2023-Q1,,120.048,,,,,
457,dataflow,ESTAT:NAMQ_10_GDP(1.0),"Gross domestic product (GDP) and main components (output, expenditure and income) - quarterly data",Q,Quarterly,PD20_EUR,"Price index (implicit deflator), 2020=100, euro",SCA,Seasonally and calendar adjusted data,B1G,"Value added, gross",SI,Slovenia,2023-Q2,,121.563,,,,,
458,dataflow,ESTAT:NAMQ_10_GDP(1.0),"Gross domestic product (GDP) and main components (output, expenditure and income) - quarterly data",Q,Quarterly,PD20_EUR,"Price index (implicit deflator), 2020=100, euro",SCA,Seasonally and calendar adjusted data,B1G,"Value added, gross",SI,Slovenia,2023-Q3,,121.476,,,,,
459,dataflow,ESTAT:NAMQ_10_GDP(1.0),"Gross domestic product (GDP) and main components (output, expenditure and income) - quarterly data",Q,Quarterly,PD20_EUR,"Price index (implicit deflator), 2020=100, euro",SCA,Seasonally and calendar adjusted data,B1G,"Value added, gross",SI,Slovenia,2023-Q4,,124.171,,,,,
460,dataflow,ESTAT:NAMQ_10_GDP(1.0),"Gross domestic product (GDP) and main components (output, expenditure and income) - quarterly data",Q,Quarterly,PD20_EUR,"Price index (implicit deflator), 2020=100, euro",SCA,Seasonally and calendar adjusted data,B1G,"Value added, gross",SI,Slovenia,2024-Q1,,124.699,,,,,
461,dataflow,ESTAT:NAMQ_10_GDP(1.0),"Gross domestic product (GDP) and main components (output, expenditure and income) - quarterly data",Q,Quarterly,PD20_EUR,"Price index (implicit deflator), 2020=100, euro",SCA,Seasonally and calendar adjusted data,B1G,"Value added, gross",SI,Slovenia,2024-Q2,,125.018,,,,,
462,dataflow,ESTAT:NAMQ_10_GDP(1.0),"Gross domestic product (GDP) and main components (output, expenditure and income) - quarterly data",Q,Quarterly,PD20_EUR,"Price index (implicit deflator), 2020=100, euro",SCA,Seasonally and calendar adjusted data,B1G,"Value added, gross",SI,Slovenia,2024-Q3,,125.188,,,,,
463,dataflow,ESTAT:NAMQ_10_GDP(1.0),"Gross domestic product (GDP) and main components (output, expenditure and income) - quarterly data",Q,Quarterly,PD20_EUR,"Price index (implicit deflator), 2020=100, euro",SCA,Seasonally and calendar adjusted data,B1G,"Value added, gross",SI,Slovenia,2024-Q4,,126.888,,,,,
464,dataflow,ESTAT:NAMQ_10_GDP(1.0),"Gross domestic product (GDP) and main components (output, expenditure and income) - quarterly data",Q,Quarterly,PD20_EUR,"Price index (implicit deflator), 2020=100, euro",SCA,Seasonally and calendar adjusted data,B1G,"Value added, gross",SI,Slovenia,2025-Q1,,128.092,,,,,
465,dataflow,ESTAT:NAMQ_10_GDP(1.0),"Gross domestic product (GDP) and main components (output, expenditure and income) - quarterly data",Q,Quarterly,PD20_EUR,"Price index (implicit deflator), 2020=100, euro",SCA,Seasonally and calendar adjusted data,B1G,"Value added, gross",SI,Slovenia,2025-Q2,,129.07,,,,,
466,dataflow,ESTAT:NAMQ_10_GDP(1.0),"Gross domestic product (GDP) and main components (output, expenditure and income) - quarterly data",Q,Quarterly,PD20_EUR,"Price index (implicit deflator), 2020=100, euro",SCA,Seasonally and calendar adjusted data,B1G,"Value added, gross",SI,Slovenia,2025-Q3,,130.223,,,,,
467,dataflow,ESTAT:NAMQ_10_GDP(1.0),"Gross domestic product (GDP) and main components (output, expenditure and income) - quarterly data",Q,Quarterly,PD20_EUR,"Price index (implicit deflator), 2020=100, euro",SCA,Seasonally and calendar adjusted data,B1G,"Value added, gross",SI,Slovenia,2025-Q4,,131.885,,,,,
468,dataflow,ESTAT:NAMQ_10_GDP(1.0),"Gross domestic product (GDP) and main components (output, expenditure and income) - quarterly data",Q,Quarterly,PD20_EUR,"Price index (implicit deflator), 2020=100, euro",SCA,Seasonally and calendar adjusted data,B1G,"Value added, gross",SK,Slovakia,2023-Q1,,118.937,,,,,
469,dataflow,ESTAT:NAMQ_10_GDP(1.0),"Gross domestic product (GDP) and main components (output, expenditure and income) - quarterly data",Q,Quarterly,PD20_EUR,"Price index (implicit deflator), 2020=100, euro",SCA,Seasonally and calendar adjusted data,B1G,"Value added, gross",SK,Slovakia,2023-Q2,,119.834,,,,,
470,dataflow,ESTAT:NAMQ_10_GDP(1.0),"Gross domestic product (GDP) and main components (output, expenditure and income) - quarterly data",Q,Quarterly,PD20_EUR,"Price index (implicit deflator), 2020=100, euro",SCA,Seasonally and calendar adjusted data,B1G,"Value added, gross",SK,Slovakia,2023-Q3,,122.57,,,,,
471,dataflow,ESTAT:NAMQ_10_GDP(1.0),"Gross domestic product (GDP) and main components (output, expenditure and income) - quarterly data",Q,Quarterly,PD20_EUR,"Price index (implicit deflator), 2020=100, euro",SCA,Seasonally and calendar adjusted data,B1G,"Value added, gross",SK,Slovakia,2023-Q4,,124.06,,,,,
472,dataflow,ESTAT:NAMQ_10_GDP(1.0),"Gross domestic product (GDP) and main components (output, expenditure and income) - quarterly data",Q,Quarterly,PD20_EUR,"Price index (implicit deflator), 2020=100, euro",SCA,Seasonally and calendar adjusted data,B1G,"Value added, gross",SK,Slovakia,2024-Q1,,124.732,,,,,
473,dataflow,ESTAT:NAMQ_10_GDP(1.0),"Gross domestic product (GDP) and main components (output, expenditure and income) - quarterly data",Q,Quarterly,PD20_EUR,"Price index (implicit deflator), 2020=100, euro",SCA,Seasonally and calendar adjusted data,B1G,"Value added, gross",SK,Slovakia,2024-Q2,,124.566,,,,,
474,dataflow,ESTAT:NAMQ_10_GDP(1.0),"Gross domestic product (GDP) and main components (output, expenditure and income) - quarterly data",Q,Quarterly,PD20_EUR,"Price index (implicit deflator), 2020=100, euro",SCA,Seasonally and calendar adjusted data,B1G,"Value added, gross",SK,Slovakia,2024-Q3,,124.794,,,,,
475,dataflow,ESTAT:NAMQ_10_GDP(1.0),"Gross domestic product (GDP) and main components (output, expenditure and income) - quarterly data",Q,Quarterly,PD20_EUR,"Price index (implicit deflator), 2020=100, euro",SCA,Seasonally and calendar adjusted data,B1G,"Value added, gross",SK,Slovakia,2024-Q4,,126.798,,,,,
476,dataflow,ESTAT:NAMQ_10_GDP(1.0),"Gross domestic product (GDP) and main components (output, expenditure and income) - quarterly data",Q,Quarterly,PD20_EUR,"Price index (implicit deflator), 2020=100, euro",SCA,Seasonally and calendar adjusted data,B1G,"Value added, gross",SK,Slovakia,2025-Q1,,126.201,,,,,
477,dataflow,ESTAT:NAMQ_10_GDP(1.0),"Gross domestic product (GDP) and main components (output, expenditure and income) - quarterly data",Q,Quarterly,PD20_EUR,"Price index (implicit deflator), 2020=100, euro",SCA,Seasonally and calendar adjusted data,B1G,"Value added, gross",SK,Slovakia,2025-Q2,,129.497,,,,,
478,dataflow,ESTAT:NAMQ_10_GDP(1.0),"Gross domestic product (GDP) and main components (output, expenditure and income) - quarterly data",Q,Quarterly,PD20_EUR,"Price index (implicit deflator), 2020=100, euro",SCA,Seasonally and calendar adjusted data,B1G,"Value added, gross",SK,Slovakia,2025-Q3,,130.593,,,,,
479,dataflow,ESTAT:NAMQ_10_GDP(1.0),"Gross domestic product (GDP) and main components (output, expenditure and income) - quarterly data",Q,Quarterly,PD20_EUR,"Price index (implicit deflator), 2020=100, euro",SCA,Seasonally and calendar adjusted data,B1G,"Value added, gross",SK,Slovakia,2025-Q4,,132.464,,,,,
