STRUCTURE,STRUCTURE_ID,STRUCTURE_NAME,freq,Time frequency,unit,Unit of measure,s_adj,Seasonal adjustment,na_item,National accounts indicator (ESA 2010),geo,Geopolitical entity (reporting),TIME_PERIOD,Time,OBS_VALUE,Observation value,OBS_FLAG,Observation status (Flag) V2 structure,CONF_STATUS,Confidentiality status (flag)
dataflow,ESTAT:NAMQ_10_GDP(1.0),"Gross domestic product (GDP) and main components (output, expenditure and income)",Q,Quarterly,CP_MEUR,"Current prices, million euro",SCA,Seasonally and calendar adjusted data,B1G,"Value added, gross",AT,Austria,2023-Q1,,107304.2,,,,,
dataflow,ESTAT:NAMQ_10_GDP(1.0),"Gross domestic product (GDP) and main components (output, expenditure and income)",Q,Quarterly,CP_MEUR,"Current prices, million euro",SCA,Seasonally and calendar adjusted data,B1G,"Value added, gross",AT,Austria,2023-Q2,,107323.3,,,,,
dataflow,ESTAT:NAMQ_10_GDP(1.0),"Gross domestic product (GDP) and main components (output, expenditure and income)",Q,Quarterly,CP_MEUR,"Current prices, million euro",SCA,Seasonally and calendar adjusted data,B1G,"Value added, gross",AT,Austria,2023-Q3,,107411.6,,,,,
dataflow,ESTAT:NAMQ_10_GDP(1.0),"Gross domestic product (GDP) and main components (output, expenditure and income)",Q,Quarterly,CP_MEUR,"Current prices, million euro",SCA,Seasonally and calendar adjusted data,B1G,"Value added, gross",AT,Austria,2023-Q4,,108252.4,,,,,
dataflow,ESTAT:NAMQ_10_GDP(1.0),"Gross domestic product (GDP) and main components (output, expenditure and income)",Q,Quarterly,CP_MEUR,"Current prices, million euro",SCA,Seasonally and calendar adjusted data,B1G,"Value added, gross",AT,Austria,2024-Q1,,109603.6,,,,,
dataflow,ESTAT:NAMQ_10_GDP(1.0),"Gross domestic product (GDP) and main components (output, expenditure and income)",Q,Quarterly,CP_MEUR,"Current prices, million euro",SCA,Seasonally and calendar adjusted data,B1G,"Value added, gross",AT,Austria,2024-Q2,,110510.1,,,,,
dataflow,ESTAT:NAMQ_10_GDP(1.0),"Gross domestic product (GDP) and main components (output, expenditure and income)",Q,Quarterly,CP_MEUR,"Current prices, million euro",SCA,Seasonally and calendar adjusted data,B1G,"Value added, gross",AT,Austria,2024-Q3,,111189.9,,,,,
dataflow,ESTAT:NAMQ_10_GDP(1.0),"Gross domestic product (GDP) and main components (output, expenditure and income)",Q,Quarterly,CP_MEUR,"Current prices, million euro",SCA,Seasonally and calendar adjusted data,B1G,"Value added, gross",AT,Austria,2024-Q4,,112016.3,,,,,
dataflow,ESTAT:NAMQ_10_GDP(1.0),"Gross domestic product (GDP) and main components (output, expenditure and income)",Q,Quarterly,CP_MEUR,"Current prices, million euro",SCA,Seasonally and calendar adjusted data,B1G,"Value added, gross",AT,Austria,2025-Q1,,113019.1,,,,,
dataflow,ESTAT:NAMQ_10_GDP(1.0),"Gross domestic product (GDP) and main components (output, expenditure and income)",Q,Quarterly,CP_MEUR,"Current prices, million euro",SCA,Seasonally and calendar adjusted data,B1G,"Value added, gross",AT,Austria,2025-Q2,,114239.5,,,,,
dataflow,ESTAT:NAMQ_10_GDP(1.0),"Gross domestic product (GDP) and main components (output, expenditure and income)",Q,Quarterly,CP_MEUR,"Current prices, million euro",SCA,Seasonally and calendar adjusted data,B1G,"Value added, gross",AT,Austria,2025-Q3,,115379.6,,,,,
dataflow,ESTAT:NAMQ_10_GDP(1.0),"Gross domestic product (GDP) and main components (output, expenditure and income)",Q,Quarterly,CP_MEUR,"Current prices, million euro",SCA,Seasonally and calendar adjusted data,B1G,"Value added, gross",AT,Austria,2025-Q4,,115569.4,,,,,
dataflow,ESTAT:NAMQ_10_GDP(1.0),"Gross domestic product (GDP) and main components (output, expenditure and income)",Q,Quarterly,CP_MEUR,"Current prices, million euro",SCA,Seasonally and calendar adjusted data,B1G,"Value added, gross",BE,Belgium,2023-Q1,,134920.3,,,,,
dataflow,ESTAT:NAMQ_10_GDP(1.0),"Gross domestic product (GDP) and main components (output, expenditure and income)",Q,Quarterly,CP_MEUR,"Current prices, million euro",SCA,Seasonally and calendar adjusted data,B1G,"Value added, gross",BE,Belgium,2023-Q2,,135979.3,,,,,
dataflow,ESTAT:NAMQ_10_GDP(1.0),"Gross domestic product (GDP) and main components (output, expenditure and income)",Q,Quarterly,CP_MEUR,"Current prices, million euro",SCA,Seasonally and calendar adjusted data,B1G,"Value added, gross",BE,Belgium,2023-Q3,,136687.0,,,,,
dataflow,ESTAT:NAMQ_10_GDP(1.0),"Gross domestic product (GDP) and main components (output, expenditure and income)",Q,Quarterly,CP_MEUR,"Current prices, million euro",SCA,Seasonally and calendar adjusted data,B1G,"Value added, gross",BE,Belgium,2023-Q4,,137547.5,,,,,
dataflow,ESTAT:NAMQ_10_GDP(1.0),"Gross domestic product (GDP) and main components (output, expenditure and income)",Q,Quarterly,CP_MEUR,"Current prices, million euro",SCA,Seasonally and calendar adjusted data,B1G,"Value added, gross",BE,Belgium,2024-Q1,,138508.2,,p,provisional,,
dataflow,ESTAT:NAMQ_10_GDP(1.0),"Gross domestic product (GDP) and main components (output, expenditure and income)",Q,Quarterly,CP_MEUR,"Current prices, million euro",SCA,Seasonally and calendar adjusted data,B1G,"Value added, gross",BE,Belgium,2024-Q2,,139818.7,,p,provisional,,
dataflow,ESTAT:NAMQ_10_GDP(1.0),"Gross domestic product (GDP) and main components (output, expenditure and income)",Q,Quarterly,CP_MEUR,"Current prices, million euro",SCA,Seasonally and calendar adjusted data,B1G,"Value added, gross",BE,Belgium,2024-Q3,,141156.0,,p,provisional,,
dataflow,ESTAT:NAMQ_10_GDP(1.0),"Gross domestic product (GDP) and main components (output, expenditure and income)",Q,Quarterly,CP_MEUR,"Current prices, million euro",SCA,Seasonally and calendar adjusted data,B1G,"Value added, gross",BE,Belgium,2024-Q4,,141946.5,,p,provisional,,
dataflow,ESTAT:NAMQ_10_GDP(1.0),"Gross domestic product (GDP) and main components (output, expenditure and income)",Q,Quarterly,CP_MEUR,"Current prices, million euro",SCA,Seasonally and calendar adjusted data,B1G,"Value added, gross",BE,Belgium,2025-Q1,,143740.2,,p,provisional,,
dataflow,ESTAT:NAMQ_10_GDP(1.0),"Gross domestic product (GDP) and main components (output, expenditure and income)",Q,Quarterly,CP_MEUR,"Current prices, million euro",SCA,Seasonally and calendar adjusted data,B1G,"Value added, gross",BE,Belgium,2025-Q2,,144781.2,,p,provisional,,
dataflow,ESTAT:NAMQ_10_GDP(1.0),"Gross domestic product (GDP) and main components (output, expenditure and income)",Q,Quarterly,CP_MEUR,"Current prices, million euro",SCA,Seasonally and calendar adjusted data,B1G,"Value added, gross",BE,Belgium,2025-Q3,,146096.6,,p,provisional,,
dataflow,ESTAT:NAMQ_10_GDP(1.0),"Gross domestic product (GDP) and main components (output, expenditure and income)",Q,Quarterly,CP_MEUR,"Current prices, million euro",SCA,Seasonally and calendar adjusted data,B1G,"Value added, gross",BE,Belgium,2025-Q4,,147015.2,,p,provisional,,
dataflow,ESTAT:NAMQ_10_GDP(1.0),"Gross domestic product (GDP) and main components (output, expenditure and income)",Q,Quarterly,CP_MEUR,"Current prices, million euro",SCA,Seasonally and calendar adjusted data,B1G,"Value added, gross",CY,Cyprus,2023-Q1,,6993.3,,,,,
dataflow,ESTAT:NAMQ_10_GDP(1.0),"Gross domestic product (GDP) and main components (output, expenditure and income)",Q,Quarterly,CP_MEUR,"Current prices, million euro",SCA,Seasonally and calendar adjusted data,B1G,"Value added, gross",CY,Cyprus,2023-Q2,,7127.7,,,,,
dataflow,ESTAT:NAMQ_10_GDP(1.0),"Gross domestic product (GDP) and main components (output, expenditure and income)",Q,Quarterly,CP_MEUR,"Current prices, million euro",SCA,Seasonally and calendar adjusted data,B1G,"Value added, gross",CY,Cyprus,2023-Q3,,7260.4,,,,,
dataflow,ESTAT:NAMQ_10_GDP(1.0),"Gross domestic product (GDP) and main components (output, expenditure and income)",Q,Quarterly,CP_MEUR,"Current prices, million euro",SCA,Seasonally and calendar adjusted data,B1G,"Value added, gross",CY,Cyprus,2023-Q4,,7395.6,,,,,
dataflow,ESTAT:NAMQ_10_GDP(1.0),"Gross domestic product (GDP) and main components (output, expenditure and income)",Q,Quarterly,CP_MEUR,"Current prices, million euro",SCA,Seasonally and calendar adjusted data,B1G,"Value added, gross",CY,Cyprus,2024-Q1,,7561.1,,,,,
dataflow,ESTAT:NAMQ_10_GDP(1.0),"Gross domestic product (GDP) and main components (output, expenditure and income)",Q,Quarterly,CP_MEUR,"Current prices, million euro",SCA,Seasonally and calendar adjusted data,B1G,"Value added, gross",CY,Cyprus,2024-Q2,,7662.8,,,,,
dataflow,ESTAT:NAMQ_10_GDP(1.0),"Gross domestic product (GDP) and main components (output, expenditure and income)",Q,Quarterly,CP_MEUR,"Current prices, million euro",SCA,Seasonally and calendar adjusted data,B1G,"Value added, gross",CY,Cyprus,2024-Q3,,7785.2,,,,,
dataflow,ESTAT:NAMQ_10_GDP(1.0),"Gross domestic product (GDP) and main components (output, expenditure and income)",Q,Quarterly,CP_MEUR,"Current prices, million euro",SCA,Seasonally and calendar adjusted data,B1G,"Value added, gross",CY,Cyprus,2024-Q4,,7855.6,,,,,
dataflow,ESTAT:NAMQ_10_GDP(1.0),"Gross domestic product (GDP) and main components (output, expenditure and income)",Q,Quarterly,CP_MEUR,"Current prices, million euro",SCA,Seasonally and calendar adjusted data,B1G,"Value added, gross",CY,Cyprus,2025-Q1,,7947.6,,,,,
dataflow,ESTAT:NAMQ_10_GDP(1.0),"Gross domestic product (GDP) and main components (output, expenditure and income)",Q,Quarterly,CP_MEUR,"Current prices, million euro",SCA,Seasonally and calendar adjusted data,B1G,"Value added, gross",CY,Cyprus,2025-Q2,,8008.8,,,,,
dataflow,ESTAT:NAMQ_10_GDP(1.0),"Gross domestic product (GDP) and main components (output, expenditure and income)",Q,Quarterly,CP_MEUR,"Current prices, million euro",SCA,Seasonally and calendar adjusted data,B1G,"Value added, gross",CY,Cyprus,2025-Q3,,8099.3,,,,,
dataflow,ESTAT:NAMQ_10_GDP(1.0),"Gross domestic product (GDP) and main components (output, expenditure and income)",Q,Quarterly,CP_MEUR,"Current prices, million euro",SCA,Seasonally and calendar adjusted data,B1G,"Value added, gross",CY,Cyprus,2025-Q4,,8297.7,,,,,
dataflow,ESTAT:NAMQ_10_GDP(1.0),"Gross domestic product (GDP) and main components (output, expenditure and income)",Q,Quarterly,CP_MEUR,"Current prices, million euro",SCA,Seasonally and calendar adjusted data,B1G,"Value added, gross",DE,Germany,2023-Q1,,949934.0,,p,provisional,,
dataflow,ESTAT:NAMQ_10_GDP(1.0),"Gross domestic product (GDP) and main components (output, expenditure and income)",Q,Quarterly,CP_MEUR,"Current prices, million euro",SCA,Seasonally and calendar adjusted data,B1G,"Value added, gross",DE,Germany,2023-Q2,,958367.0,,p,provisional,,
dataflow,ESTAT:NAMQ_10_GDP(1.0),"Gross domestic product (GDP) and main components (output, expenditure and income)",Q,Quarterly,CP_MEUR,"Current prices, million euro",SCA,Seasonally and calendar adjusted data,B1G,"Value added, gross",DE,Germany,2023-Q3,,966428.0,,p,provisional,,
dataflow,ESTAT:NAMQ_10_GDP(1.0),"Gross domestic product (GDP) and main components (output, expenditure and income)",Q,Quarterly,CP_MEUR,"Current prices, million euro",SCA,Seasonally and calendar adjusted data,B1G,"Value added, gross",DE,Germany,2023-Q4,,980547.0,,p,provisional,,
dataflow,ESTAT:NAMQ_10_GDP(1.0),"Gross domestic product (GDP) and main components (output, expenditure and income)",Q,Quarterly,CP_MEUR,"Current prices, million euro",SCA,Seasonally and calendar adjusted data,B1G,"Value added, gross",DE,Germany,2024-Q1,,973558.0,,p,provisional,,
dataflow,ESTAT:NAMQ_10_GDP(1.0),"Gross domestic product (GDP) and main components (output, expenditure and income)",Q,Quarterly,CP_MEUR,"Current prices, million euro",SCA,Seasonally and calendar adjusted data,B1G,"Value added, gross",DE,Germany,2024-Q2,,979419.0,,p,provisional,,
dataflow,ESTAT:NAMQ_10_GDP(1.0),"Gross domestic product (GDP) and main components (output, expenditure and income)",Q,Quarterly,CP_MEUR,"Current prices, million euro",SCA,Seasonally and calendar adjusted data,B1G,"Value added, gross",DE,Germany,2024-Q3,,979424.0,,p,provisional,,
dataflow,ESTAT:NAMQ_10_GDP(1.0),"Gross domestic product (GDP) and main components (output, expenditure and income)",Q,Quarterly,CP_MEUR,"Current prices, million euro",SCA,Seasonally and calendar adjusted data,B1G,"Value added, gross",DE,Germany,2024-Q4,,991281.0,,p,provisional,,
dataflow,ESTAT:NAMQ_10_GDP(1.0),"Gross domestic product (GDP) and main components (output, expenditure and income)",Q,Quarterly,CP_MEUR,"Current prices, million euro",SCA,Seasonally and calendar adjusted data,B1G,"Value added, gross",DE,Germany,2025-Q1,,998525.0,,p,provisional,,
dataflow,ESTAT:NAMQ_10_GDP(1.0),"Gross domestic product (GDP) and main components (output, expenditure and income)",Q,Quarterly,CP_MEUR,"Current prices, million euro",SCA,Seasonally and calendar adjusted data,B1G,"Value added, gross",DE,Germany,2025-Q2,,1009826.0,,p,provisional,,
dataflow,ESTAT:NAMQ_10_GDP(1.0),"Gross domestic product (GDP) and main components (output, expenditure and income)",Q,Quarterly,CP_MEUR,"Current prices, million euro",SCA,Seasonally and calendar adjusted data,B1G,"Value added, gross",DE,Germany,2025-Q3,,1012545.0,,p,provisional,,
dataflow,ESTAT:NAMQ_10_GDP(1.0),"Gross domestic product (GDP) and main components (output, expenditure and income)",Q,Quarterly,CP_MEUR,"Current prices, million euro",SCA,Seasonally and calendar adjusted data,B1G,"Value added, gross",DE,Germany,2025-Q4,,1031523.0,,p,provisional,,
dataflow,ESTAT:NAMQ_10_GDP(1.0),"Gross domestic product (GDP) and main components (output, expenditure and income)",Q,Quarterly,CP_MEUR,"Current prices, million euro",SCA,Seasonally and calendar adjusted data,B1G,"Value added, gross",EE,Estonia,2023-Q1,,8433.2,,,,,
dataflow,ESTAT:NAMQ_10_GDP(1.0),"Gross domestic product (GDP) and main components (output, expenditure and income)",Q,Quarterly,CP_MEUR,"Current prices, million euro",SCA,Seasonally and calendar adjusted data,B1G,"Value added, gross",EE,Estonia,2023-Q2,,8447.9,,,,,
dataflow,ESTAT:NAMQ_10_GDP(1.0),"Gross domestic product (GDP) and main components (output, expenditure and income)",Q,Quarterly,CP_MEUR,"Current prices, million euro",SCA,Seasonally and calendar adjusted data,B1G,"Value added, gross",EE,Estonia,2023-Q3,,8434.0,,,,,
dataflow,ESTAT:NAMQ_10_GDP(1.0),"Gross domestic product (GDP) and main components (output, expenditure and income)",Q,Quarterly,CP_MEUR,"Current prices, million euro",SCA,Seasonally and calendar adjusted data,B1G,"Value added, gross",EE,Estonia,2023-Q4,,8499.3,,,,,
dataflow,ESTAT:NAMQ_10_GDP(1.0),"Gross domestic product (GDP) and main components (output, expenditure and income)",Q,Quarterly,CP_MEUR,"Current prices, million euro",SCA,Seasonally and calendar adjusted data,B1G,"Value added, gross",EE,Estonia,2024-Q1,,8571.6,,,,,
dataflow,ESTAT:NAMQ_10_GDP(1.0),"Gross domestic product (GDP) and main components (output, expenditure and income)",Q,Quarterly,CP_MEUR,"Current prices, million euro",SCA,Seasonally and calendar adjusted data,B1G,"Value added, gross",EE,Estonia,2024-Q2,,8685.7,,,,,
dataflow,ESTAT:NAMQ_10_GDP(1.0),"Gross domestic product (GDP) and main components (output, expenditure and income)",Q,Quarterly,CP_MEUR,"Current prices, million euro",SCA,Seasonally and calendar adjusted data,B1G,"Value added, gross",EE,Estonia,2024-Q3,,8794.1,,,,,
dataflow,ESTAT:NAMQ_10_GDP(1.0),"Gross domestic product (GDP) and main components (output, expenditure and income)",Q,Quarterly,CP_MEUR,"Current prices, million euro",SCA,Seasonally and calendar adjusted data,B1G,"Value added, gross",EE,Estonia,2024-Q4,,8869.4,,,,,
dataflow,ESTAT:NAMQ_10_GDP(1.0),"Gross domestic product (GDP) and main components (output, expenditure and income)",Q,Quarterly,CP_MEUR,"Current prices, million euro",SCA,Seasonally and calendar adjusted data,B1G,"Value added, gross",EE,Estonia,2025-Q1,,8972.7,,,,,
dataflow,ESTAT:NAMQ_10_GDP(1.0),"Gross domestic product (GDP) and main components (output, expenditure and income)",Q,Quarterly,CP_MEUR,"Current prices, million euro",SCA,Seasonally and calendar adjusted data,B1G,"Value added, gross",EE,Estonia,2025-Q2,,9058.7,,,,,
dataflow,ESTAT:NAMQ_10_GDP(1.0),"Gross domestic product (GDP) and main components (output, expenditure and income)",Q,Quarterly,CP_MEUR,"Current prices, million euro",SCA,Seasonally and calendar adjusted data,B1G,"Value added, gross",EE,Estonia,2025-Q3,,9103.2,,,,,
dataflow,ESTAT:NAMQ_10_GDP(1.0),"Gross domestic product (GDP) and main components (output, expenditure and income)",Q,Quarterly,CP_MEUR,"Current prices, million euro",SCA,Seasonally and calendar adjusted data,B1G,"Value added, gross",EE,Estonia,2025-Q4,,9153.3,,,,,
dataflow,ESTAT:NAMQ_10_GDP(1.0),"Gross domestic product (GDP) and main components (output, expenditure and income)",Q,Quarterly,CP_MEUR,"Current prices, million euro",SCA,Seasonally and calendar adjusted data,B1G,"Value added, gross",EL,Greece,2023-Q1,,48016.3,,p,provisional,,
dataflow,ESTAT:NAMQ_10_GDP(1.0),"Gross domestic product (GDP) and main components (output, expenditure and income)",Q,Quarterly,CP_MEUR,"Current prices, million euro",SCA,Seasonally and calendar adjusted data,B1G,"Value added, gross",EL,Greece,2023-Q2,,48552.2,,p,provisional,,
dataflow,ESTAT:NAMQ_10_GDP(1.0),"Gross domestic product (GDP) and main components (output, expenditure and income)",Q,Quarterly,CP_MEUR,"Current prices, million euro",SCA,Seasonally and calendar adjusted data,B1G,"Value added, gross",EL,Greece,2023-Q3,,49003.9,,p,provisional,,
dataflow,ESTAT:NAMQ_10_GDP(1.0),"Gross domestic product (GDP) and main components (output, expenditure and income)",Q,Quarterly,CP_MEUR,"Current prices, million euro",SCA,Seasonally and calendar adjusted data,B1G,"Value added, gross",EL,Greece,2023-Q4,,49837.9,,p,provisional,,
dataflow,ESTAT:NAMQ_10_GDP(1.0),"Gross domestic product (GDP) and main components (output, expenditure and income)",Q,Quarterly,CP_MEUR,"Current prices, million euro",SCA,Seasonally and calendar adjusted data,B1G,"Value added, gross",EL,Greece,2024-Q1,,50337.6,,p,provisional,,
dataflow,ESTAT:NAMQ_10_GDP(1.0),"Gross domestic product (GDP) and main components (output, expenditure and income)",Q,Quarterly,CP_MEUR,"Current prices, million euro",SCA,Seasonally and calendar adjusted data,B1G,"Value added, gross",EL,Greece,2024-Q2,,51106.6,,p,provisional,,
dataflow,ESTAT:NAMQ_10_GDP(1.0),"Gross domestic product (GDP) and main components (output, expenditure and income)",Q,Quarterly,CP_MEUR,"Current prices, million euro",SCA,Seasonally and calendar adjusted data,B1G,"Value added, gross",EL,Greece,2024-Q3,,51480.1,,p,provisional,,
dataflow,ESTAT:NAMQ_10_GDP(1.0),"Gross domestic product (GDP) and main components (output, expenditure and income)",Q,Quarterly,CP_MEUR,"Current prices, million euro",SCA,Seasonally and calendar adjusted data,B1G,"Value added, gross",EL,Greece,2024-Q4,,52001.7,,p,provisional,,
dataflow,ESTAT:NAMQ_10_GDP(1.0),"Gross domestic product (GDP) and main components (output, expenditure and income)",Q,Quarterly,CP_MEUR,"Current prices, million euro",SCA,Seasonally and calendar adjusted data,B1G,"Value added, gross",EL,Greece,2025-Q1,,52382.6,,p,provisional,,
dataflow,ESTAT:NAMQ_10_GDP(1.0),"Gross domestic product (GDP) and main components (output, expenditure and income)",Q,Quarterly,CP_MEUR,"Current prices, million euro",SCA,Seasonally and calendar adjusted data,B1G,"Value added, gross",EL,Greece,2025-Q2,,53303.4,,p,provisional,,
dataflow,ESTAT:NAMQ_10_GDP(1.0),"Gross domestic product (GDP) and main components (output, expenditure and income)",Q,Quarterly,CP_MEUR,"Current prices, million euro",SCA,Seasonally and calendar adjusted data,B1G,"Value added, gross",EL,Greece,2025-Q3,,53849.9,,p,provisional,,
dataflow,ESTAT:NAMQ_10_GDP(1.0),"Gross domestic product (GDP) and main components (output, expenditure and income)",Q,Quarterly,CP_MEUR,"Current prices, million euro",SCA,Seasonally and calendar adjusted data,B1G,"Value added, gross",EL,Greece,2025-Q4,,53917.0,,p,provisional,,
dataflow,ESTAT:NAMQ_10_GDP(1.0),"Gross domestic product (GDP) and main components (output, expenditure and income)",Q,Quarterly,CP_MEUR,"Current prices, million euro",SCA,Seasonally and calendar adjusted data,B1G,"Value added, gross",ES,Spain,2023-Q1,,336409.0,,p,provisional,,
dataflow,ESTAT:NAMQ_10_GDP(1.0),"Gross domestic product (GDP) and main components (output, expenditure and income)",Q,Quarterly,CP_MEUR,"Current prices, million euro",SCA,Seasonally and calendar adjusted data,B1G,"Value added, gross",ES,Spain,2023-Q2,,335683.0,,p,provisional,,
dataflow,ESTAT:NAMQ_10_GDP(1.0),"Gross domestic product (GDP) and main components (output, expenditure and income)",Q,Quarterly,CP_MEUR,"Current prices, million euro",SCA,Seasonally and calendar adjusted data,B1G,"Value added, gross",ES,Spain,2023-Q3,,341159.0,,p,provisional,,
dataflow,ESTAT:NAMQ_10_GDP(1.0),"Gross domestic product (GDP) and main components (output, expenditure and income)",Q,Quarterly,CP_MEUR,"Current prices, million euro",SCA,Seasonally and calendar adjusted data,B1G,"Value added, gross",ES,Spain,2023-Q4,,353500.0,,p,provisional,,
dataflow,ESTAT:NAMQ_10_GDP(1.0),"Gross domestic product (GDP) and main components (output, expenditure and income)",Q,Quarterly,CP_MEUR,"Current prices, million euro",SCA,Seasonally and calendar adjusted data,B1G,"Value added, gross",ES,Spain,2024-Q1,,357357.0,,p,provisional,,
dataflow,ESTAT:NAMQ_10_GDP(1.0),"Gross domestic product (GDP) and main components (output, expenditure and income)",Q,Quarterly,CP_MEUR,"Current prices, million euro",SCA,Seasonally and calendar adjusted data,B1G,"Value added, gross",ES,Spain,2024-Q2,,359823.0,,p,provisional,,
dataflow,ESTAT:NAMQ_10_GDP(1.0),"Gross domestic product (GDP) and main components (output, expenditure and income)",Q,Quarterly,CP_MEUR,"Current prices, million euro",SCA,Seasonally and calendar adjusted data,B1G,"Value added, gross",ES,Spain,2024-Q3,,364470.0,,p,provisional,,
dataflow,ESTAT:NAMQ_10_GDP(1.0),"Gross domestic product (GDP) and main components (output, expenditure and income)",Q,Quarterly,CP_MEUR,"Current prices, million euro",SCA,Seasonally and calendar adjusted data,B1G,"Value added, gross",ES,Spain,2024-Q4,,370933.0,,p,provisional,,
dataflow,ESTAT:NAMQ_10_GDP(1.0),"Gross domestic product (GDP) and main components (output, expenditure and income)",Q,Quarterly,CP_MEUR,"Current prices, million euro",SCA,Seasonally and calendar adjusted data,B1G,"Value added, gross",ES,Spain,2025-Q1,,374382.0,,p,provisional,,
dataflow,ESTAT:NAMQ_10_GDP(1.0),"Gross domestic product (GDP) and main components (output, expenditure and income)",Q,Quarterly,CP_MEUR,"Current prices, million euro",SCA,Seasonally and calendar adjusted data,B1G,"Value added, gross",ES,Spain,2025-Q2,,378335.0,,p,provisional,,
dataflow,ESTAT:NAMQ_10_GDP(1.0),"Gross domestic product (GDP) and main components (output, expenditure and income)",Q,Quarterly,CP_MEUR,"Current prices, million euro",SCA,Seasonally and calendar adjusted data,B1G,"Value added, gross",ES,Spain,2025-Q3,,382907.0,,p,provisional,,
dataflow,ESTAT:NAMQ_10_GDP(1.0),"Gross domestic product (GDP) and main components (output, expenditure and income)",Q,Quarterly,CP_MEUR,"Current prices, million euro",SCA,Seasonally and calendar adjusted data,B1G,"Value added, gross",ES,Spain,2025-Q4,,394200.0,,p,provisional,,
dataflow,ESTAT:NAMQ_10_GDP(1.0),"Gross domestic product (GDP) and main components (output, expenditure and income)",Q,Quarterly,CP_MEUR,"Current prices, million euro",SCA,Seasonally and calendar adjusted data,B1G,"Value added, gross",FI,Finland,2023-Q1,,59694.0,,,,,
dataflow,ESTAT:NAMQ_10_GDP(1.0),"Gross domestic product (GDP) and main components (output, expenditure and income)",Q,Quarterly,CP_MEUR,"Current prices, million euro",SCA,Seasonally and calendar adjusted data,B1G,"Value added, gross",FI,Finland,2023-Q2,,60356.0,,,,,
dataflow,ESTAT:NAMQ_10_GDP(1.0),"Gross domestic product (GDP) and main components (output, expenditure and income)",Q,Quarterly,CP_MEUR,"Current prices, million euro",SCA,Seasonally and calendar adjusted data,B1G,"Value added, gross",FI,Finland,2023-Q3,,59786.0,,,,,
dataflow,ESTAT:NAMQ_10_GDP(1.0),"Gross domestic product (GDP) and main components (output, expenditure and income)",Q,Quarterly,CP_MEUR,"Current prices, million euro",SCA,Seasonally and calendar adjusted data,B1G,"Value added, gross",FI,Finland,2023-Q4,,59285.0,,,,,
dataflow,ESTAT:NAMQ_10_GDP(1.0),"Gross domestic product (GDP) and main components (output, expenditure and income)",Q,Quarterly,CP_MEUR,"Current prices, million euro",SCA,Seasonally and calendar adjusted data,B1G,"Value added, gross",FI,Finland,2024-Q1,,59654.0,,,,,
dataflow,ESTAT:NAMQ_10_GDP(1.0),"Gross domestic product (GDP) and main components (output, expenditure and income)",Q,Quarterly,CP_MEUR,"Current prices, million euro",SCA,Seasonally and calendar adjusted data,B1G,"Value added, gross",FI,Finland,2024-Q2,,60169.0,,,,,
dataflow,ESTAT:NAMQ_10_GDP(1.0),"Gross domestic product (GDP) and main components (output, expenditure and income)",Q,Quarterly,CP_MEUR,"Current prices, million euro",SCA,Seasonally and calendar adjusted data,B1G,"Value added, gross",FI,Finland,2024-Q3,,60747.0,,,,,
dataflow,ESTAT:NAMQ_10_GDP(1.0),"Gross domestic product (GDP) and main components (output, expenditure and income)",Q,Quarterly,CP_MEUR,"Current prices, million euro",SCA,Seasonally and calendar adjusted data,B1G,"Value added, gross",FI,Finland,2024-Q4,,60769.0,,,,,
dataflow,ESTAT:NAMQ_10_GDP(1.0),"Gross domestic product (GDP) and main components (output, expenditure and income)",Q,Quarterly,CP_MEUR,"Current prices, million euro",SCA,Seasonally and calendar adjusted data,B1G,"Value added, gross",FI,Finland,2025-Q1,,60990.0,,,,,
dataflow,ESTAT:NAMQ_10_GDP(1.0),"Gross domestic product (GDP) and main components (output, expenditure and income)",Q,Quarterly,CP_MEUR,"Current prices, million euro",SCA,Seasonally and calendar adjusted data,B1G,"Value added, gross",FI,Finland,2025-Q2,,60898.0,,,,,
dataflow,ESTAT:NAMQ_10_GDP(1.0),"Gross domestic product (GDP) and main components (output, expenditure and income)",Q,Quarterly,CP_MEUR,"Current prices, million euro",SCA,Seasonally and calendar adjusted data,B1G,"Value added, gross",FI,Finland,2025-Q3,,61085.0,,,,,
dataflow,ESTAT:NAMQ_10_GDP(1.0),"Gross domestic product (GDP) and main components (output, expenditure and income)",Q,Quarterly,CP_MEUR,"Current prices, million euro",SCA,Seasonally and calendar adjusted data,B1G,"Value added, gross",FI,Finland,2025-Q4,,61764.0,,,,,
dataflow,ESTAT:NAMQ_10_GDP(1.0),"Gross domestic product (GDP) and main components (output, expenditure and income)",Q,Quarterly,CP_MEUR,"Current prices, million euro",SCA,Seasonally and calendar adjusted data,B1G,"Value added, gross",FR,France,2023-Q1,,619736.5,,,,,
dataflow,ESTAT:NAMQ_10_GDP(1.0),"Gross domestic product (GDP) and main components (output, expenditure and income)",Q,Quarterly,CP_MEUR,"Current prices, million euro",SCA,Seasonally and calendar adjusted data,B1G,"Value added, gross",FR,France,2023-Q2,,634243.5,,,,,
dataflow,ESTAT:NAMQ_10_GDP(1.0),"Gross domestic product (GDP) and main components (output, expenditure and income)",Q,Quarterly,CP_MEUR,"Current prices, million euro",SCA,Seasonally and calendar adjusted data,B1G,"Value added, gross",FR,France,2023-Q3,,638936.6,,,,,
dataflow,ESTAT:NAMQ_10_GDP(1.0),"Gross domestic product (GDP) and main components (output, expenditure and income)",Q,Quarterly,CP_MEUR,"Current prices, million euro",SCA,Seasonally and calendar adjusted data,B1G,"Value added, gross",FR,France,2023-Q4,,648754.1,,,,,
dataflow,ESTAT:NAMQ_10_GDP(1.0),"Gross domestic product (GDP) and main components (output, expenditure and income)",Q,Quarterly,CP_MEUR,"Current prices, million euro",SCA,Seasonally and calendar adjusted data,B1G,"Value added, gross",FR,France,2024-Q1,,648719.1,,,,,
dataflow,ESTAT:NAMQ_10_GDP(1.0),"Gross domestic product (GDP) and main components (output, expenditure and income)",Q,Quarterly,CP_MEUR,"Current prices, million euro",SCA,Seasonally and calendar adjusted data,B1G,"Value added, gross",FR,France,2024-Q2,,647886.1,,,,,
dataflow,ESTAT:NAMQ_10_GDP(1.0),"Gross domestic product (GDP) and main components (output, expenditure and income)",Q,Quarterly,CP_MEUR,"Current prices, million euro",SCA,Seasonally and calendar adjusted data,B1G,"Value added, gross",FR,France,2024-Q3,,658241.8,,,,,
dataflow,ESTAT:NAMQ_10_GDP(1.0),"Gross domestic product (GDP) and main components (output, expenditure and income)",Q,Quarterly,CP_MEUR,"Current prices, million euro",SCA,Seasonally and calendar adjusted data,B1G,"Value added, gross",FR,France,2024-Q4,,657565.2,,,,,
dataflow,ESTAT:NAMQ_10_GDP(1.0),"Gross domestic product (GDP) and main components (output, expenditure and income)",Q,Quarterly,CP_MEUR,"Current prices, million euro",SCA,Seasonally and calendar adjusted data,B1G,"Value added, gross",FR,France,2025-Q1,,659185.8,,,,,
dataflow,ESTAT:NAMQ_10_GDP(1.0),"Gross domestic product (GDP) and main components (output, expenditure and income)",Q,Quarterly,CP_MEUR,"Current prices, million euro",SCA,Seasonally and calendar adjusted data,B1G,"Value added, gross",FR,France,2025-Q2,,660251.3,,,,,
dataflow,ESTAT:NAMQ_10_GDP(1.0),"Gross domestic product (GDP) and main components (output, expenditure and income)",Q,Quarterly,CP_MEUR,"Current prices, million euro",SCA,Seasonally and calendar adjusted data,B1G,"Value added, gross",FR,France,2025-Q3,,665874.6,,,,,
dataflow,ESTAT:NAMQ_10_GDP(1.0),"Gross domestic product (GDP) and main components (output, expenditure and income)",Q,Quarterly,CP_MEUR,"Current prices, million euro",SCA,Seasonally and calendar adjusted data,B1G,"Value added, gross",FR,France,2025-Q4,,670392.4,,,,,
dataflow,ESTAT:NAMQ_10_GDP(1.0),"Gross domestic product (GDP) and main components (output, expenditure and income)",Q,Quarterly,CP_MEUR,"Current prices, million euro",SCA,Seasonally and calendar adjusted data,B1G,"Value added, gross",HR,Croatia,2023-Q1,,16037.6,,,,,
dataflow,ESTAT:NAMQ_10_GDP(1.0),"Gross domestic product (GDP) and main components (output, expenditure and income)",Q,Quarterly,CP_MEUR,"Current prices, million euro",SCA,Seasonally and calendar adjusted data,B1G,"Value added, gross",HR,Croatia,2023-Q2,,16388.3,,,,,
dataflow,ESTAT:NAMQ_10_GDP(1.0),"Gross domestic product (GDP) and main components (output, expenditure and income)",Q,Quarterly,CP_MEUR,"Current prices, million euro",SCA,Seasonally and calendar adjusted data,B1G,"Value added, gross",HR,Croatia,2023-Q3,,16725.8,,,,,
dataflow,ESTAT:NAMQ_10_GDP(1.0),"Gross domestic product (GDP) and main components (output, expenditure and income)",Q,Quarterly,CP_MEUR,"Current prices, million euro",SCA,Seasonally and calendar adjusted data,B1G,"Value added, gross",HR,Croatia,2023-Q4,,17063.1,,,,,
dataflow,ESTAT:NAMQ_10_GDP(1.0),"Gross domestic product (GDP) and main components (output, expenditure and income)",Q,Quarterly,CP_MEUR,"Current prices, million euro",SCA,Seasonally and calendar adjusted data,B1G,"Value added, gross",HR,Croatia,2024-Q1,,17520.6,,p,provisional,,
dataflow,ESTAT:NAMQ_10_GDP(1.0),"Gross domestic product (GDP) and main components (output, expenditure and income)",Q,Quarterly,CP_MEUR,"Current prices, million euro",SCA,Seasonally and calendar adjusted data,B1G,"Value added, gross",HR,Croatia,2024-Q2,,17725.1,,p,provisional,,
dataflow,ESTAT:NAMQ_10_GDP(1.0),"Gross domestic product (GDP) and main components (output, expenditure and income)",Q,Quarterly,CP_MEUR,"Current prices, million euro",SCA,Seasonally and calendar adjusted data,B1G,"Value added, gross",HR,Croatia,2024-Q3,,17897.3,,p,provisional,,
dataflow,ESTAT:NAMQ_10_GDP(1.0),"Gross domestic product (GDP) and main components (output, expenditure and income)",Q,Quarterly,CP_MEUR,"Current prices, million euro",SCA,Seasonally and calendar adjusted data,B1G,"Value added, gross",HR,Croatia,2024-Q4,,18065.2,,p,provisional,,
dataflow,ESTAT:NAMQ_10_GDP(1.0),"Gross domestic product (GDP) and main components (output, expenditure and income)",Q,Quarterly,CP_MEUR,"Current prices, million euro",SCA,Seasonally and calendar adjusted data,B1G,"Value added, gross",HR,Croatia,2025-Q1,,18420.3,,p,provisional,,
dataflow,ESTAT:NAMQ_10_GDP(1.0),"Gross domestic product (GDP) and main components (output, expenditure and income)",Q,Quarterly,CP_MEUR,"Current prices, million euro",SCA,Seasonally and calendar adjusted data,B1G,"Value added, gross",HR,Croatia,2025-Q2,,18989.4,,p,provisional,,
dataflow,ESTAT:NAMQ_10_GDP(1.0),"Gross domestic product (GDP) and main components (output, expenditure and income)",Q,Quarterly,CP_MEUR,"Current prices, million euro",SCA,Seasonally and calendar adjusted data,B1G,"Value added, gross",HR,Croatia,2025-Q3,,19369.3,,p,provisional,,
dataflow,ESTAT:NAMQ_10_GDP(1.0),"Gross domestic product (GDP) and main components (output, expenditure and income)",Q,Quarterly,CP_MEUR,"Current prices, million euro",SCA,Seasonally and calendar adjusted data,B1G,"Value added, gross",HR,Croatia,2025-Q4,,20034.1,,p,provisional,,
dataflow,ESTAT:NAMQ_10_GDP(1.0),"Gross domestic product (GDP) and main components (output, expenditure and income)",Q,Quarterly,CP_MEUR,"Current prices, million euro",SCA,Seasonally and calendar adjusted data,B1G,"Value added, gross",IT,Italy,2023-Q1,,474390.5,,,,,
dataflow,ESTAT:NAMQ_10_GDP(1.0),"Gross domestic product (GDP) and main components (output, expenditure and income)",Q,Quarterly,CP_MEUR,"Current prices, million euro",SCA,Seasonally and calendar adjusted data,B1G,"Value added, gross",IT,Italy,2023-Q2,,481452.4,,,,,
dataflow,ESTAT:NAMQ_10_GDP(1.0),"Gross domestic product (GDP) and main components (output, expenditure and income)",Q,Quarterly,CP_MEUR,"Current prices, million euro",SCA,Seasonally and calendar adjusted data,B1G,"Value added, gross",IT,Italy,2023-Q3,,484075.6,,,,,
dataflow,ESTAT:NAMQ_10_GDP(1.0),"Gross domestic product (GDP) and main components (output, expenditure and income)",Q,Quarterly,CP_MEUR,"Current prices, million euro",SCA,Seasonally and calendar adjusted data,B1G,"Value added, gross",IT,Italy,2023-Q4,,486305.8,,,,,
dataflow,ESTAT:NAMQ_10_GDP(1.0),"Gross domestic product (GDP) and main components (output, expenditure and income)",Q,Quarterly,CP_MEUR,"Current prices, million euro",SCA,Seasonally and calendar adjusted data,B1G,"Value added, gross",IT,Italy,2024-Q1,,489505.7,,,,,
dataflow,ESTAT:NAMQ_10_GDP(1.0),"Gross domestic product (GDP) and main components (output, expenditure and income)",Q,Quarterly,CP_MEUR,"Current prices, million euro",SCA,Seasonally and calendar adjusted data,B1G,"Value added, gross",IT,Italy,2024-Q2,,489259.5,,,,,
dataflow,ESTAT:NAMQ_10_GDP(1.0),"Gross domestic product (GDP) and main components (output, expenditure and income)",Q,Quarterly,CP_MEUR,"Current prices, million euro",SCA,Seasonally and calendar adjusted data,B1G,"Value added, gross",IT,Italy,2024-Q3,,491757.3,,,,,
dataflow,ESTAT:NAMQ_10_GDP(1.0),"Gross domestic product (GDP) and main components (output, expenditure and income)",Q,Quarterly,CP_MEUR,"Current prices, million euro",SCA,Seasonally and calendar adjusted data,B1G,"Value added, gross",IT,Italy,2024-Q4,,495294.2,,,,,
dataflow,ESTAT:NAMQ_10_GDP(1.0),"Gross domestic product (GDP) and main components (output, expenditure and income)",Q,Quarterly,CP_MEUR,"Current prices, million euro",SCA,Seasonally and calendar adjusted data,B1G,"Value added, gross",IT,Italy,2025-Q1,,498257.8,,,,,
dataflow,ESTAT:NAMQ_10_GDP(1.0),"Gross domestic product (GDP) and main components (output, expenditure and income)",Q,Quarterly,CP_MEUR,"Current prices, million euro",SCA,Seasonally and calendar adjusted data,B1G,"Value added, gross",IT,Italy,2025-Q2,,501981.7,,,,,
dataflow,ESTAT:NAMQ_10_GDP(1.0),"Gross domestic product (GDP) and main components (output, expenditure and income)",Q,Quarterly,CP_MEUR,"Current prices, million euro",SCA,Seasonally and calendar adjusted data,B1G,"Value added, gross",IT,Italy,2025-Q3,,504662.9,,,,,
dataflow,ESTAT:NAMQ_10_GDP(1.0),"Gross domestic product (GDP) and main components (output, expenditure and income)",Q,Quarterly,CP_MEUR,"Current prices, million euro",SCA,Seasonally and calendar adjusted data,B1G,"Value added, gross",IT,Italy,2025-Q4,,509509.0,,,,,
dataflow,ESTAT:NAMQ_10_GDP(1.0),"Gross domestic product (GDP) and main components (output, expenditure and income)",Q,Quarterly,CP_MEUR,"Current prices, million euro",SCA,Seasonally and calendar adjusted data,B1G,"Value added, gross",LT,Lithuania,2023-Q1,,16413.6,,,,,
dataflow,ESTAT:NAMQ_10_GDP(1.0),"Gross domestic product (GDP) and main components (output, expenditure and income)",Q,Quarterly,CP_MEUR,"Current prices, million euro",SCA,Seasonally and calendar adjusted data,B1G,"Value added, gross",LT,Lithuania,2023-Q2,,16787.6,,,,,
dataflow,ESTAT:NAMQ_10_GDP(1.0),"Gross domestic product (GDP) and main components (output, expenditure and income)",Q,Quarterly,CP_MEUR,"Current prices, million euro",SCA,Seasonally and calendar adjusted data,B1G,"Value added, gross",LT,Lithuania,2023-Q3,,16807.7,,,,,
dataflow,ESTAT:NAMQ_10_GDP(1.0),"Gross domestic product (GDP) and main components (output, expenditure and income)",Q,Quarterly,CP_MEUR,"Current prices, million euro",SCA,Seasonally and calendar adjusted data,B1G,"Value added, gross",LT,Lithuania,2023-Q4,,17015.1,,,,,
dataflow,ESTAT:NAMQ_10_GDP(1.0),"Gross domestic product (GDP) and main components (output, expenditure and income)",Q,Quarterly,CP_MEUR,"Current prices, million euro",SCA,Seasonally and calendar adjusted data,B1G,"Value added, gross",LT,Lithuania,2024-Q1,,17182.3,,,,,
dataflow,ESTAT:NAMQ_10_GDP(1.0),"Gross domestic product (GDP) and main components (output, expenditure and income)",Q,Quarterly,CP_MEUR,"Current prices, million euro",SCA,Seasonally and calendar adjusted data,B1G,"Value added, gross",LT,Lithuania,2024-Q2,,17538.4,,,,,
dataflow,ESTAT:NAMQ_10_GDP(1.0),"Gross domestic product (GDP) and main components (output, expenditure and income)",Q,Quarterly,CP_MEUR,"Current prices, million euro",SCA,Seasonally and calendar adjusted data,B1G,"Value added, gross",LT,Lithuania,2024-Q3,,17961.6,,,,,
dataflow,ESTAT:NAMQ_10_GDP(1.0),"Gross domestic product (GDP) and main components (output, expenditure and income)",Q,Quarterly,CP_MEUR,"Current prices, million euro",SCA,Seasonally and calendar adjusted data,B1G,"Value added, gross",LT,Lithuania,2024-Q4,,18063.5,,,,,
dataflow,ESTAT:NAMQ_10_GDP(1.0),"Gross domestic product (GDP) and main components (output, expenditure and income)",Q,Quarterly,CP_MEUR,"Current prices, million euro",SCA,Seasonally and calendar adjusted data,B1G,"Value added, gross",LT,Lithuania,2025-Q1,,18318.3,,,,,
dataflow,ESTAT:NAMQ_10_GDP(1.0),"Gross domestic product (GDP) and main components (output, expenditure and income)",Q,Quarterly,CP_MEUR,"Current prices, million euro",SCA,Seasonally and calendar adjusted data,B1G,"Value added, gross",LT,Lithuania,2025-Q2,,18624.7,,,,,
dataflow,ESTAT:NAMQ_10_GDP(1.0),"Gross domestic product (GDP) and main components (output, expenditure and income)",Q,Quarterly,CP_MEUR,"Current prices, million euro",SCA,Seasonally and calendar adjusted data,B1G,"Value added, gross",LT,Lithuania,2025-Q3,,18854.5,,,,,
dataflow,ESTAT:NAMQ_10_GDP(1.0),"Gross domestic product (GDP) and main components (output, expenditure and income)",Q,Quarterly,CP_MEUR,"Current prices, million euro",SCA,Seasonally and calendar adjusted data,B1G,"Value added, gross",LT,Lithuania,2025-Q4,,19161.6,,,,,
dataflow,ESTAT:NAMQ_10_GDP(1.0),"Gross domestic product (GDP) and main components (output, expenditure and income)",Q,Quarterly,CP_MEUR,"Current prices, million euro",SCA,Seasonally and calendar adjusted data,B1G,"Value added, gross",LU,Luxembourg,2023-Q1,,18362.8,,,,,
dataflow,ESTAT:NAMQ_10_GDP(1.0),"Gross domestic product (GDP) and main components (output, expenditure and income)",Q,Quarterly,CP_MEUR,"Current prices, million euro",SCA,Seasonally and calendar adjusted data,B1G,"Value added, gross",LU,Luxembourg,2023-Q2,,18995.8,,,,,
dataflow,ESTAT:NAMQ_10_GDP(1.0),"Gross domestic product (GDP) and main components (output, expenditure and income)",Q,Quarterly,CP_MEUR,"Current prices, million euro",SCA,Seasonally and calendar adjusted data,B1G,"Value added, gross",LU,Luxembourg,2023-Q3,,19058.4,,,,,
dataflow,ESTAT:NAMQ_10_GDP(1.0),"Gross domestic product (GDP) and main components (output, expenditure and income)",Q,Quarterly,CP_MEUR,"Current prices, million euro",SCA,Seasonally and calendar adjusted data,B1G,"Value added, gross",LU,Luxembourg,2023-Q4,,18927.9,,,,,
dataflow,ESTAT:NAMQ_10_GDP(1.0),"Gross domestic product (GDP) and main components (output, expenditure and income)",Q,Quarterly,CP_MEUR,"Current prices, million euro",SCA,Seasonally and calendar adjusted data,B1G,"Value added, gross",LU,Luxembourg,2024-Q1,,19409.3,,,,,
dataflow,ESTAT:NAMQ_10_GDP(1.0),"Gross domestic product (GDP) and main components (output, expenditure and income)",Q,Quarterly,CP_MEUR,"Current prices, million euro",SCA,Seasonally and calendar adjusted data,B1G,"Value added, gross",LU,Luxembourg,2024-Q2,,19578.6,,,,,
dataflow,ESTAT:NAMQ_10_GDP(1.0),"Gross domestic product (GDP) and main components (output, expenditure and income)",Q,Quarterly,CP_MEUR,"Current prices, million euro",SCA,Seasonally and calendar adjusted data,B1G,"Value added, gross",LU,Luxembourg,2024-Q3,,19374.8,,,,,
dataflow,ESTAT:NAMQ_10_GDP(1.0),"Gross domestic product (GDP) and main components (output, expenditure and income)",Q,Quarterly,CP_MEUR,"Current prices, million euro",SCA,Seasonally and calendar adjusted data,B1G,"Value added, gross",LU,Luxembourg,2024-Q4,,19599.6,,,,,
dataflow,ESTAT:NAMQ_10_GDP(1.0),"Gross domestic product (GDP) and main components (output, expenditure and income)",Q,Quarterly,CP_MEUR,"Current prices, million euro",SCA,Seasonally and calendar adjusted data,B1G,"Value added, gross",LU,Luxembourg,2025-Q1,,19843.2,,p,provisional,,
dataflow,ESTAT:NAMQ_10_GDP(1.0),"Gross domestic product (GDP) and main components (output, expenditure and income)",Q,Quarterly,CP_MEUR,"Current prices, million euro",SCA,Seasonally and calendar adjusted data,B1G,"Value added, gross",LU,Luxembourg,2025-Q2,,19889.7,,p,provisional,,
dataflow,ESTAT:NAMQ_10_GDP(1.0),"Gross domestic product (GDP) and main components (output, expenditure and income)",Q,Quarterly,CP_MEUR,"Current prices, million euro",SCA,Seasonally and calendar adjusted data,B1G,"Value added, gross",LU,Luxembourg,2025-Q3,,20510.3,,p,provisional,,
dataflow,ESTAT:NAMQ_10_GDP(1.0),"Gross domestic product (GDP) and main components (output, expenditure and income)",Q,Quarterly,CP_MEUR,"Current prices, million euro",SCA,Seasonally and calendar adjusted data,B1G,"Value added, gross",LU,Luxembourg,2025-Q4,,20978.5,,p,provisional,,
dataflow,ESTAT:NAMQ_10_GDP(1.0),"Gross domestic product (GDP) and main components (output, expenditure and income)",Q,Quarterly,CP_MEUR,"Current prices, million euro",SCA,Seasonally and calendar adjusted data,B1G,"Value added, gross",LV,Latvia,2023-Q1,,8960.4,,,,,
dataflow,ESTAT:NAMQ_10_GDP(1.0),"Gross domestic product (GDP) and main components (output, expenditure and income)",Q,Quarterly,CP_MEUR,"Current prices, million euro",SCA,Seasonally and calendar adjusted data,B1G,"Value added, gross",LV,Latvia,2023-Q2,,8647.1,,,,,
dataflow,ESTAT:NAMQ_10_GDP(1.0),"Gross domestic product (GDP) and main components (output, expenditure and income)",Q,Quarterly,CP_MEUR,"Current prices, million euro",SCA,Seasonally and calendar adjusted data,B1G,"Value added, gross",LV,Latvia,2023-Q3,,8573.0,,,,,
dataflow,ESTAT:NAMQ_10_GDP(1.0),"Gross domestic product (GDP) and main components (output, expenditure and income)",Q,Quarterly,CP_MEUR,"Current prices, million euro",SCA,Seasonally and calendar adjusted data,B1G,"Value added, gross",LV,Latvia,2023-Q4,,8664.9,,,,,
dataflow,ESTAT:NAMQ_10_GDP(1.0),"Gross domestic product (GDP) and main components (output, expenditure and income)",Q,Quarterly,CP_MEUR,"Current prices, million euro",SCA,Seasonally and calendar adjusted data,B1G,"Value added, gross",LV,Latvia,2024-Q1,,8704.6,,,,,
dataflow,ESTAT:NAMQ_10_GDP(1.0),"Gross domestic product (GDP) and main components (output, expenditure and income)",Q,Quarterly,CP_MEUR,"Current prices, million euro",SCA,Seasonally and calendar adjusted data,B1G,"Value added, gross",LV,Latvia,2024-Q2,,8890.1,,,,,
dataflow,ESTAT:NAMQ_10_GDP(1.0),"Gross domestic product (GDP) and main components (output, expenditure and income)",Q,Quarterly,CP_MEUR,"Current prices, million euro",SCA,Seasonally and calendar adjusted data,B1G,"Value added, gross",LV,Latvia,2024-Q3,,8815.5,,,,,
dataflow,ESTAT:NAMQ_10_GDP(1.0),"Gross domestic product (GDP) and main components (output, expenditure and income)",Q,Quarterly,CP_MEUR,"Current prices, million euro",SCA,Seasonally and calendar adjusted data,B1G,"Value added, gross",LV,Latvia,2024-Q4,,9018.6,,,,,
dataflow,ESTAT:NAMQ_10_GDP(1.0),"Gross domestic product (GDP) and main components (output, expenditure and income)",Q,Quarterly,CP_MEUR,"Current prices, million euro",SCA,Seasonally and calendar adjusted data,B1G,"Value added, gross",LV,Latvia,2025-Q1,,9116.1,,,,,
dataflow,ESTAT:NAMQ_10_GDP(1.0),"Gross domestic product (GDP) and main components (output, expenditure and income)",Q,Quarterly,CP_MEUR,"Current prices, million euro",SCA,Seasonally and calendar adjusted data,B1G,"Value added, gross",LV,Latvia,2025-Q2,,9254.0,,,,,
dataflow,ESTAT:NAMQ_10_GDP(1.0),"Gross domestic product (GDP) and main components (output, expenditure and income)",Q,Quarterly,CP_MEUR,"Current prices, million euro",SCA,Seasonally and calendar adjusted data,B1G,"Value added, gross",LV,Latvia,2025-Q3,,9423.4,,,,,
dataflow,ESTAT:NAMQ_10_GDP(1.0),"Gross domestic product (GDP) and main components (output, expenditure and income)",Q,Quarterly,CP_MEUR,"Current prices, million euro",SCA,Seasonally and calendar adjusted data,B1G,"Value added, gross",LV,Latvia,2025-Q4,,9564.3,,,,,
dataflow,ESTAT:NAMQ_10_GDP(1.0),"Gross domestic product (GDP) and main components (output, expenditure and income)",Q,Quarterly,CP_MEUR,"Current prices, million euro",SCA,Seasonally and calendar adjusted data,B1G,"Value added, gross",MT,Malta,2023-Q1,,4634.1,,,,,
dataflow,ESTAT:NAMQ_10_GDP(1.0),"Gross domestic product (GDP) and main components (output, expenditure and income)",Q,Quarterly,CP_MEUR,"Current prices, million euro",SCA,Seasonally and calendar adjusted data,B1G,"Value added, gross",MT,Malta,2023-Q2,,4828.1,,,,,
dataflow,ESTAT:NAMQ_10_GDP(1.0),"Gross domestic product (GDP) and main components (output, expenditure and income)",Q,Quarterly,CP_MEUR,"Current prices, million euro",SCA,Seasonally and calendar adjusted data,B1G,"Value added, gross",MT,Malta,2023-Q3,,4890.2,,,,,
dataflow,ESTAT:NAMQ_10_GDP(1.0),"Gross domestic product (GDP) and main components (output, expenditure and income)",Q,Quarterly,CP_MEUR,"Current prices, million euro",SCA,Seasonally and calendar adjusted data,B1G,"Value added, gross",MT,Malta,2023-Q4,,5072.7,,,,,
dataflow,ESTAT:NAMQ_10_GDP(1.0),"Gross domestic product (GDP) and main components (output, expenditure and income)",Q,Quarterly,CP_MEUR,"Current prices, million euro",SCA,Seasonally and calendar adjusted data,B1G,"Value added, gross",MT,Malta,2024-Q1,,5197.0,,,,,
dataflow,ESTAT:NAMQ_10_GDP(1.0),"Gross domestic product (GDP) and main components (output, expenditure and income)",Q,Quarterly,CP_MEUR,"Current prices, million euro",SCA,Seasonally and calendar adjusted data,B1G,"Value added, gross",MT,Malta,2024-Q2,,5301.2,,,,,
dataflow,ESTAT:NAMQ_10_GDP(1.0),"Gross domestic product (GDP) and main components (output, expenditure and income)",Q,Quarterly,CP_MEUR,"Current prices, million euro",SCA,Seasonally and calendar adjusted data,B1G,"Value added, gross",MT,Malta,2024-Q3,,5386.8,,,,,
dataflow,ESTAT:NAMQ_10_GDP(1.0),"Gross domestic product (GDP) and main components (output, expenditure and income)",Q,Quarterly,CP_MEUR,"Current prices, million euro",SCA,Seasonally and calendar adjusted data,B1G,"Value added, gross",MT,Malta,2024-Q4,,5551.2,,,,,
dataflow,ESTAT:NAMQ_10_GDP(1.0),"Gross domestic product (GDP) and main components (output, expenditure and income)",Q,Quarterly,CP_MEUR,"Current prices, million euro",SCA,Seasonally and calendar adjusted data,B1G,"Value added, gross",MT,Malta,2025-Q1,,5531.5,,,,,
dataflow,ESTAT:NAMQ_10_GDP(1.0),"Gross domestic product (GDP) and main components (output, expenditure and income)",Q,Quarterly,CP_MEUR,"Current prices, million euro",SCA,Seasonally and calendar adjusted data,B1G,"Value added, gross",MT,Malta,2025-Q2,,5611.0,,,,,
dataflow,ESTAT:NAMQ_10_GDP(1.0),"Gross domestic product (GDP) and main components (output, expenditure and income)",Q,Quarterly,CP_MEUR,"Current prices, million euro",SCA,Seasonally and calendar adjusted data,B1G,"Value added, gross",MT,Malta,2025-Q3,,5672.0,,,,,
dataflow,ESTAT:NAMQ_10_GDP(1.0),"Gross domestic product (GDP) and main components (output, expenditure and income)",Q,Quarterly,CP_MEUR,"Current prices, million euro",SCA,Seasonally and calendar adjusted data,B1G,"Value added, gross",MT,Malta,2025-Q4,,5773.2,,,,,
dataflow,ESTAT:NAMQ_10_GDP(1.0),"Gross domestic product (GDP) and main components (output, expenditure and income)",Q,Quarterly,CP_MEUR,"Current prices, million euro",SCA,Seasonally and calendar adjusted data,B1G,"Value added, gross",NL,Netherlands,2023-Q1,,233372.0,,p,provisional,,
dataflow,ESTAT:NAMQ_10_GDP(1.0),"Gross domestic product (GDP) and main components (output, expenditure and income)",Q,Quarterly,CP_MEUR,"Current prices, million euro",SCA,Seasonally and calendar adjusted data,B1G,"Value added, gross",NL,Netherlands,2023-Q2,,234694.0,,p,provisional,,
dataflow,ESTAT:NAMQ_10_GDP(1.0),"Gross domestic product (GDP) and main components (output, expenditure and income)",Q,Quarterly,CP_MEUR,"Current prices, million euro",SCA,Seasonally and calendar adjusted data,B1G,"Value added, gross",NL,Netherlands,2023-Q3,,237283.0,,p,provisional,,
dataflow,ESTAT:NAMQ_10_GDP(1.0),"Gross domestic product (GDP) and main components (output, expenditure and income)",Q,Quarterly,CP_MEUR,"Current prices, million euro",SCA,Seasonally and calendar adjusted data,B1G,"Value added, gross",NL,Netherlands,2023-Q4,,239521.0,,p,provisional,,
dataflow,ESTAT:NAMQ_10_GDP(1.0),"Gross domestic product (GDP) and main components (output, expenditure and income)",Q,Quarterly,CP_MEUR,"Current prices, million euro",SCA,Seasonally and calendar adjusted data,B1G,"Value added, gross",NL,Netherlands,2024-Q1,,247000.0,,p,provisional,,
dataflow,ESTAT:NAMQ_10_GDP(1.0),"Gross domestic product (GDP) and main components (output, expenditure and income)",Q,Quarterly,CP_MEUR,"Current prices, million euro",SCA,Seasonally and calendar adjusted data,B1G,"Value added, gross",NL,Netherlands,2024-Q2,,250121.0,,p,provisional,,
dataflow,ESTAT:NAMQ_10_GDP(1.0),"Gross domestic product (GDP) and main components (output, expenditure and income)",Q,Quarterly,CP_MEUR,"Current prices, million euro",SCA,Seasonally and calendar adjusted data,B1G,"Value added, gross",NL,Netherlands,2024-Q3,,253208.0,,p,provisional,,
dataflow,ESTAT:NAMQ_10_GDP(1.0),"Gross domestic product (GDP) and main components (output, expenditure and income)",Q,Quarterly,CP_MEUR,"Current prices, million euro",SCA,Seasonally and calendar adjusted data,B1G,"Value added, gross",NL,Netherlands,2024-Q4,,257103.0,,p,provisional,,
dataflow,ESTAT:NAMQ_10_GDP(1.0),"Gross domestic product (GDP) and main components (output, expenditure and income)",Q,Quarterly,CP_MEUR,"Current prices, million euro",SCA,Seasonally and calendar adjusted data,B1G,"Value added, gross",NL,Netherlands,2025-Q1,,259641.0,,p,provisional,,
dataflow,ESTAT:NAMQ_10_GDP(1.0),"Gross domestic product (GDP) and main components (output, expenditure and income)",Q,Quarterly,CP_MEUR,"Current prices, million euro",SCA,Seasonally and calendar adjusted data,B1G,"Value added, gross",NL,Netherlands,2025-Q2,,263329.0,,p,provisional,,
dataflow,ESTAT:NAMQ_10_GDP(1.0),"Gross domestic product (GDP) and main components (output, expenditure and income)",Q,Quarterly,CP_MEUR,"Current prices, million euro",SCA,Seasonally and calendar adjusted data,B1G,"Value added, gross",NL,Netherlands,2025-Q3,,267010.0,,p,provisional,,
dataflow,ESTAT:NAMQ_10_GDP(1.0),"Gross domestic product (GDP) and main components (output, expenditure and income)",Q,Quarterly,CP_MEUR,"Current prices, million euro",SCA,Seasonally and calendar adjusted data,B1G,"Value added, gross",NL,Netherlands,2025-Q4,,270305.0,,p,provisional,,
dataflow,ESTAT:NAMQ_10_GDP(1.0),"Gross domestic product (GDP) and main components (output, expenditure and income)",Q,Quarterly,CP_MEUR,"Current prices, million euro",SCA,Seasonally and calendar adjusted data,B1G,"Value added, gross",PT,Portugal,2023-Q1,,57329.4,,,,,
dataflow,ESTAT:NAMQ_10_GDP(1.0),"Gross domestic product (GDP) and main components (output, expenditure and income)",Q,Quarterly,CP_MEUR,"Current prices, million euro",SCA,Seasonally and calendar adjusted data,B1G,"Value added, gross",PT,Portugal,2023-Q2,,58515.9,,,,,
dataflow,ESTAT:NAMQ_10_GDP(1.0),"Gross domestic product (GDP) and main components (output, expenditure and income)",Q,Quarterly,CP_MEUR,"Current prices, million euro",SCA,Seasonally and calendar adjusted data,B1G,"Value added, gross",PT,Portugal,2023-Q3,,59384.6,,,,,
dataflow,ESTAT:NAMQ_10_GDP(1.0),"Gross domestic product (GDP) and main components (output, expenditure and income)",Q,Quarterly,CP_MEUR,"Current prices, million euro",SCA,Seasonally and calendar adjusted data,B1G,"Value added, gross",PT,Portugal,2023-Q4,,60359.3,,,,,
dataflow,ESTAT:NAMQ_10_GDP(1.0),"Gross domestic product (GDP) and main components (output, expenditure and income)",Q,Quarterly,CP_MEUR,"Current prices, million euro",SCA,Seasonally and calendar adjusted data,B1G,"Value added, gross",PT,Portugal,2024-Q1,,61810.7,,p,provisional,,
dataflow,ESTAT:NAMQ_10_GDP(1.0),"Gross domestic product (GDP) and main components (output, expenditure and income)",Q,Quarterly,CP_MEUR,"Current prices, million euro",SCA,Seasonally and calendar adjusted data,B1G,"Value added, gross",PT,Portugal,2024-Q2,,62333.9,,p,provisional,,
dataflow,ESTAT:NAMQ_10_GDP(1.0),"Gross domestic product (GDP) and main components (output, expenditure and income)",Q,Quarterly,CP_MEUR,"Current prices, million euro",SCA,Seasonally and calendar adjusted data,B1G,"Value added, gross",PT,Portugal,2024-Q3,,63549.7,,p,provisional,,
dataflow,ESTAT:NAMQ_10_GDP(1.0),"Gross domestic product (GDP) and main components (output, expenditure and income)",Q,Quarterly,CP_MEUR,"Current prices, million euro",SCA,Seasonally and calendar adjusted data,B1G,"Value added, gross",PT,Portugal,2024-Q4,,64430.5,,p,provisional,,
dataflow,ESTAT:NAMQ_10_GDP(1.0),"Gross domestic product (GDP) and main components (output, expenditure and income)",Q,Quarterly,CP_MEUR,"Current prices, million euro",SCA,Seasonally and calendar adjusted data,B1G,"Value added, gross",PT,Portugal,2025-Q1,,64815.0,,p,provisional,,
dataflow,ESTAT:NAMQ_10_GDP(1.0),"Gross domestic product (GDP) and main components (output, expenditure and income)",Q,Quarterly,CP_MEUR,"Current prices, million euro",SCA,Seasonally and calendar adjusted data,B1G,"Value added, gross",PT,Portugal,2025-Q2,,65723.0,,p,provisional,,
dataflow,ESTAT:NAMQ_10_GDP(1.0),"Gross domestic product (GDP) and main components (output, expenditure and income)",Q,Quarterly,CP_MEUR,"Current prices, million euro",SCA,Seasonally and calendar adjusted data,B1G,"Value added, gross",PT,Portugal,2025-Q3,,67483.5,,p,provisional,,
dataflow,ESTAT:NAMQ_10_GDP(1.0),"Gross domestic product (GDP) and main components (output, expenditure and income)",Q,Quarterly,CP_MEUR,"Current prices, million euro",SCA,Seasonally and calendar adjusted data,B1G,"Value added, gross",PT,Portugal,2025-Q4,,67918.1,,p,provisional,,
dataflow,ESTAT:NAMQ_10_GDP(1.0),"Gross domestic product (GDP) and main components (output, expenditure and income)",Q,Quarterly,CP_MEUR,"Current prices, million euro",SCA,Seasonally and calendar adjusted data,B1G,"Value added, gross",SI,Slovenia,2023-Q1,,13908.4,,,,,
dataflow,ESTAT:NAMQ_10_GDP(1.0),"Gross domestic product (GDP) and main components (output, expenditure and income)",Q,Quarterly,CP_MEUR,"Current prices, million euro",SCA,Seasonally and calendar adjusted data,B1G,"Value added, gross",SI,Slovenia,2023-Q2,,14247.4,,,,,
dataflow,ESTAT:NAMQ_10_GDP(1.0),"Gross domestic product (GDP) and main components (output, expenditure and income)",Q,Quarterly,CP_MEUR,"Current prices, million euro",SCA,Seasonally and calendar adjusted data,B1G,"Value added, gross",SI,Slovenia,2023-Q3,,14215.7,,,,,
dataflow,ESTAT:NAMQ_10_GDP(1.0),"Gross domestic product (GDP) and main components (output, expenditure and income)",Q,Quarterly,CP_MEUR,"Current prices, million euro",SCA,Seasonally and calendar adjusted data,B1G,"Value added, gross",SI,Slovenia,2023-Q4,,14604.1,,,,,
dataflow,ESTAT:NAMQ_10_GDP(1.0),"Gross domestic product (GDP) and main components (output, expenditure and income)",Q,Quarterly,CP_MEUR,"Current prices, million euro",SCA,Seasonally and calendar adjusted data,B1G,"Value added, gross",SI,Slovenia,2024-Q1,,14845.1,,,,,
dataflow,ESTAT:NAMQ_10_GDP(1.0),"Gross domestic product (GDP) and main components (output, expenditure and income)",Q,Quarterly,CP_MEUR,"Current prices, million euro",SCA,Seasonally and calendar adjusted data,B1G,"Value added, gross",SI,Slovenia,2024-Q2,,14835.1,,,,,
dataflow,ESTAT:NAMQ_10_GDP(1.0),"Gross domestic product (GDP) and main components (output, expenditure and income)",Q,Quarterly,CP_MEUR,"Current prices, million euro",SCA,Seasonally and calendar adjusted data,B1G,"Value added, gross",SI,Slovenia,2024-Q3,,14862.2,,,,,
dataflow,ESTAT:NAMQ_10_GDP(1.0),"Gross domestic product (GDP) and main components (output, expenditure and income)",Q,Quarterly,CP_MEUR,"Current prices, million euro",SCA,Seasonally and calendar adjusted data,B1G,"Value added, gross",SI,Slovenia,2024-Q4,,15149.3,,,,,
dataflow,ESTAT:NAMQ_10_GDP(1.0),"Gross domestic product (GDP) and main components (output, expenditure and income)",Q,Quarterly,CP_MEUR,"Current prices, million euro",SCA,Seasonally and calendar adjusted data,B1G,"Value added, gross",SI,Slovenia,2025-Q1,,15197.5,,,,,
dataflow,ESTAT:NAMQ_10_GDP(1.0),"Gross domestic product (GDP) and main components (output, expenditure and income)",Q,Quarterly,CP_MEUR,"Current prices, million euro",SCA,Seasonally and calendar adjusted data,B1G,"Value added, gross",SI,Slovenia,2025-Q2,,15458.1,,,,,
dataflow,ESTAT:NAMQ_10_GDP(1.0),"Gross domestic product (GDP) and main components (output, expenditure and income)",Q,Quarterly,CP_MEUR,"Current prices, million euro",SCA,Seasonally and calendar adjusted data,B1G,"Value added, gross",SI,Slovenia,2025-Q3,,15766.6,,,,,
dataflow,ESTAT:NAMQ_10_GDP(1.0),"Gross domestic product (GDP) and main components (output, expenditure and income)",Q,Quarterly,CP_MEUR,"Current prices, million euro",SCA,Seasonally and calendar adjusted data,B1G,"Value added, gross",SI,Slovenia,2025-Q4,,16010.2,,,,,
dataflow,ESTAT:NAMQ_10_GDP(1.0),"Gross domestic product (GDP) and main components (output, expenditure and income)",Q,Quarterly,CP_MEUR,"Current prices, million euro",SCA,Seasonally and calendar adjusted data,B1G,"Value added, gross",SK,Slovakia,2023-Q1,,27358.3,,,,,
dataflow,ESTAT:NAMQ_10_GDP(1.0),"Gross domestic product (GDP) and main components (output, expenditure and income)",Q,Quarterly,CP_MEUR,"Current prices, million euro",SCA,Seasonally and calendar adjusted data,B1G,"Value added, gross",SK,Slovakia,2023-Q2,,27706.0,,,,,
dataflow,ESTAT:NAMQ_10_GDP(1.0),"Gross domestic product (GDP) and main components (output, expenditure and income)",Q,Quarterly,CP_MEUR,"Current prices, million euro",SCA,Seasonally and calendar adjusted data,B1G,"Value added, gross",SK,Slovakia,2023-Q3,,28491.8,,,,,
dataflow,ESTAT:NAMQ_10_GDP(1.0),"Gross domestic product (GDP) and main components (output, expenditure and income)",Q,Quarterly,CP_MEUR,"Current prices, million euro",SCA,Seasonally and calendar adjusted data,B1G,"Value added, gross",SK,Slovakia,2023-Q4,,29307.7,,,,,
dataflow,ESTAT:NAMQ_10_GDP(1.0),"Gross domestic product (GDP) and main components (output, expenditure and income)",Q,Quarterly,CP_MEUR,"Current prices, million euro",SCA,Seasonally and calendar adjusted data,B1G,"Value added, gross",SK,Slovakia,2024-Q1,,29254.6,,,,,
dataflow,ESTAT:NAMQ_10_GDP(1.0),"Gross domestic product (GDP) and main components (output, expenditure and income)",Q,Quarterly,CP_MEUR,"Current prices, million euro",SCA,Seasonally and calendar adjusted data,B1G,"Value added, gross",SK,Slovakia,2024-Q2,,29333.0,,,,,
dataflow,ESTAT:NAMQ_10_GDP(1.0),"Gross domestic product (GDP) and main components (output, expenditure and income)",Q,Quarterly,CP_MEUR,"Current prices, million euro",SCA,Seasonally and calendar adjusted data,B1G,"Value added, gross",SK,Slovakia,2024-Q3,,29368.1,,,,,
dataflow,ESTAT:NAMQ_10_GDP(1.0),"Gross domestic product (GDP) and main components (output, expenditure and income)",Q,Quarterly,CP_MEUR,"Current prices, million euro",SCA,Seasonally and calendar adjusted data,B1G,"Value added, gross",SK,Slovakia,2024-Q4,,29857.7,,,,,
dataflow,ESTAT:NAMQ_10_GDP(1.0),"Gross domestic product (GDP) and main components (output, expenditure and income)",Q,Quarterly,CP_MEUR,"Current prices, million euro",SCA,Seasonally and calendar adjusted data,B1G,"Value added, gross",SK,Slovakia,2025-Q1,,29800.4,,,,,
dataflow,ESTAT:NAMQ_10_GDP(1.0),"Gross domestic product (GDP) and main components (output, expenditure and income)",Q,Quarterly,CP_MEUR,"Current prices, million euro",SCA,Seasonally and calendar adjusted data,B1G,"Value added, gross",SK,Slovakia,2025-Q2,,30502.5,,,,,
dataflow,ESTAT:NAMQ_10_GDP(1.0),"Gross domestic product (GDP) and main components (output, expenditure and income)",Q,Quarterly,CP_MEUR,"Current prices, million euro",SCA,Seasonally and calendar adjusted data,B1G,"Value added, gross",SK,Slovakia,2025-Q3,,30833.3,,,,,
dataflow,ESTAT:NAMQ_10_GDP(1.0),"Gross domestic product (GDP) and main components (output, expenditure and income)",Q,Quarterly,CP_MEUR,"Current prices, million euro",SCA,Seasonally and calendar adjusted data,B1G,"Value added, gross",SK,Slovakia,2025-Q4,,31264.2,,,,,
dataflow,ESTAT:NAMQ_10_GDP(1.0),"Gross domestic product (GDP) and main components (output, expenditure and income)",Q,Quarterly,PD20_EUR,"Price index (implicit deflator), 2020=100, euro",SCA,Seasonally and calendar adjusted data,B1G,"Value added, gross",AT,Austria,2023-Q1,,112.903,,,,,
dataflow,ESTAT:NAMQ_10_GDP(1.0),"Gross domestic product (GDP) and main components (output, expenditure and income)",Q,Quarterly,PD20_EUR,"Price index (implicit deflator), 2020=100, euro",SCA,Seasonally and calendar adjusted data,B1G,"Value added, gross",AT,Austria,2023-Q2,,114.143,,,,,
dataflow,ESTAT:NAMQ_10_GDP(1.0),"Gross domestic product (GDP) and main components (output, expenditure and income)",Q,Quarterly,PD20_EUR,"Price index (implicit deflator), 2020=100, euro",SCA,Seasonally and calendar adjusted data,B1G,"Value added, gross",AT,Austria,2023-Q3,,114.869,,,,,
dataflow,ESTAT:NAMQ_10_GDP(1.0),"Gross domestic product (GDP) and main components (output, expenditure and income)",Q,Quarterly,PD20_EUR,"Price index (implicit deflator), 2020=100, euro",SCA,Seasonally and calendar adjusted data,B1G,"Value added, gross",AT,Austria,2023-Q4,,116.306,,,,,
dataflow,ESTAT:NAMQ_10_GDP(1.0),"Gross domestic product (GDP) and main components (output, expenditure and income)",Q,Quarterly,PD20_EUR,"Price index (implicit deflator), 2020=100, euro",SCA,Seasonally and calendar adjusted data,B1G,"Value added, gross",AT,Austria,2024-Q1,,118.002,,,,,
dataflow,ESTAT:NAMQ_10_GDP(1.0),"Gross domestic product (GDP) and main components (output, expenditure and income)",Q,Quarterly,PD20_EUR,"Price index (implicit deflator), 2020=100, euro",SCA,Seasonally and calendar adjusted data,B1G,"Value added, gross",AT,Austria,2024-Q2,,119.151,,,,,
dataflow,ESTAT:NAMQ_10_GDP(1.0),"Gross domestic product (GDP) and main components (output, expenditure and income)",Q,Quarterly,PD20_EUR,"Price index (implicit deflator), 2020=100, euro",SCA,Seasonally and calendar adjusted data,B1G,"Value added, gross",AT,Austria,2024-Q3,,120.049,,,,,
dataflow,ESTAT:NAMQ_10_GDP(1.0),"Gross domestic product (GDP) and main components (output, expenditure and income)",Q,Quarterly,PD20_EUR,"Price index (implicit deflator), 2020=100, euro",SCA,Seasonally and calendar adjusted data,B1G,"Value added, gross",AT,Austria,2024-Q4,,120.361,,,,,
dataflow,ESTAT:NAMQ_10_GDP(1.0),"Gross domestic product (GDP) and main components (output, expenditure and income)",Q,Quarterly,PD20_EUR,"Price index (implicit deflator), 2020=100, euro",SCA,Seasonally and calendar adjusted data,B1G,"Value added, gross",AT,Austria,2025-Q1,,121.327,,,,,
dataflow,ESTAT:NAMQ_10_GDP(1.0),"Gross domestic product (GDP) and main components (output, expenditure and income)",Q,Quarterly,PD20_EUR,"Price index (implicit deflator), 2020=100, euro",SCA,Seasonally and calendar adjusted data,B1G,"Value added, gross",AT,Austria,2025-Q2,,122.458,,,,,
dataflow,ESTAT:NAMQ_10_GDP(1.0),"Gross domestic product (GDP) and main components (output, expenditure and income)",Q,Quarterly,PD20_EUR,"Price index (implicit deflator), 2020=100, euro",SCA,Seasonally and calendar adjusted data,B1G,"Value added, gross",AT,Austria,2025-Q3,,123.473,,,,,
dataflow,ESTAT:NAMQ_10_GDP(1.0),"Gross domestic product (GDP) and main components (output, expenditure and income)",Q,Quarterly,PD20_EUR,"Price index (implicit deflator), 2020=100, euro",SCA,Seasonally and calendar adjusted data,B1G,"Value added, gross",AT,Austria,2025-Q4,,123.660,,,,,
dataflow,ESTAT:NAMQ_10_GDP(1.0),"Gross domestic product (GDP) and main components (output, expenditure and income)",Q,Quarterly,PD20_EUR,"Price index (implicit deflator), 2020=100, euro",SCA,Seasonally and calendar adjusted data,B1G,"Value added, gross",BE,Belgium,2023-Q1,,115.660,,,,,
dataflow,ESTAT:NAMQ_10_GDP(1.0),"Gross domestic product (GDP) and main components (output, expenditure and income)",Q,Quarterly,PD20_EUR,"Price index (implicit deflator), 2020=100, euro",SCA,Seasonally and calendar adjusted data,B1G,"Value added, gross",BE,Belgium,2023-Q2,,116.120,,,,,
dataflow,ESTAT:NAMQ_10_GDP(1.0),"Gross domestic product (GDP) and main components (output, expenditure and income)",Q,Quarterly,PD20_EUR,"Price index (implicit deflator), 2020=100, euro",SCA,Seasonally and calendar adjusted data,B1G,"Value added, gross",BE,Belgium,2023-Q3,,116.473,,,,,
dataflow,ESTAT:NAMQ_10_GDP(1.0),"Gross domestic product (GDP) and main components (output, expenditure and income)",Q,Quarterly,PD20_EUR,"Price index (implicit deflator), 2020=100, euro",SCA,Seasonally and calendar adjusted data,B1G,"Value added, gross",BE,Belgium,2023-Q4,,116.764,,,,,
dataflow,ESTAT:NAMQ_10_GDP(1.0),"Gross domestic product (GDP) and main components (output, expenditure and income)",Q,Quarterly,PD20_EUR,"Price index (implicit deflator), 2020=100, euro",SCA,Seasonally and calendar adjusted data,B1G,"Value added, gross",BE,Belgium,2024-Q1,,117.252,,p,provisional,,
dataflow,ESTAT:NAMQ_10_GDP(1.0),"Gross domestic product (GDP) and main components (output, expenditure and income)",Q,Quarterly,PD20_EUR,"Price index (implicit deflator), 2020=100, euro",SCA,Seasonally and calendar adjusted data,B1G,"Value added, gross",BE,Belgium,2024-Q2,,118.222,,p,provisional,,
dataflow,ESTAT:NAMQ_10_GDP(1.0),"Gross domestic product (GDP) and main components (output, expenditure and income)",Q,Quarterly,PD20_EUR,"Price index (implicit deflator), 2020=100, euro",SCA,Seasonally and calendar adjusted data,B1G,"Value added, gross",BE,Belgium,2024-Q3,,119.165,,p,provisional,,
dataflow,ESTAT:NAMQ_10_GDP(1.0),"Gross domestic product (GDP) and main components (output, expenditure and income)",Q,Quarterly,PD20_EUR,"Price index (implicit deflator), 2020=100, euro",SCA,Seasonally and calendar adjusted data,B1G,"Value added, gross",BE,Belgium,2024-Q4,,119.718,,p,provisional,,
dataflow,ESTAT:NAMQ_10_GDP(1.0),"Gross domestic product (GDP) and main components (output, expenditure and income)",Q,Quarterly,PD20_EUR,"Price index (implicit deflator), 2020=100, euro",SCA,Seasonally and calendar adjusted data,B1G,"Value added, gross",BE,Belgium,2025-Q1,,120.736,,p,provisional,,
dataflow,ESTAT:NAMQ_10_GDP(1.0),"Gross domestic product (GDP) and main components (output, expenditure and income)",Q,Quarterly,PD20_EUR,"Price index (implicit deflator), 2020=100, euro",SCA,Seasonally and calendar adjusted data,B1G,"Value added, gross",BE,Belgium,2025-Q2,,121.322,,p,provisional,,
dataflow,ESTAT:NAMQ_10_GDP(1.0),"Gross domestic product (GDP) and main components (output, expenditure and income)",Q,Quarterly,PD20_EUR,"Price index (implicit deflator), 2020=100, euro",SCA,Seasonally and calendar adjusted data,B1G,"Value added, gross",BE,Belgium,2025-Q3,,122.084,,p,provisional,,
dataflow,ESTAT:NAMQ_10_GDP(1.0),"Gross domestic product (GDP) and main components (output, expenditure and income)",Q,Quarterly,PD20_EUR,"Price index (implicit deflator), 2020=100, euro",SCA,Seasonally and calendar adjusted data,B1G,"Value added, gross",BE,Belgium,2025-Q4,,122.699,,p,provisional,,
dataflow,ESTAT:NAMQ_10_GDP(1.0),"Gross domestic product (GDP) and main components (output, expenditure and income)",Q,Quarterly,PD20_EUR,"Price index (implicit deflator), 2020=100, euro",SCA,Seasonally and calendar adjusted data,B1G,"Value added, gross",CY,Cyprus,2023-Q1,,113.747,,,,,
dataflow,ESTAT:NAMQ_10_GDP(1.0),"Gross domestic product (GDP) and main components (output, expenditure and income)",Q,Quarterly,PD20_EUR,"Price index (implicit deflator), 2020=100, euro",SCA,Seasonally and calendar adjusted data,B1G,"Value added, gross",CY,Cyprus,2023-Q2,,114.626,,,,,
dataflow,ESTAT:NAMQ_10_GDP(1.0),"Gross domestic product (GDP) and main components (output, expenditure and income)",Q,Quarterly,PD20_EUR,"Price index (implicit deflator), 2020=100, euro",SCA,Seasonally and calendar adjusted data,B1G,"Value added, gross",CY,Cyprus,2023-Q3,,116.169,,,,,
dataflow,ESTAT:NAMQ_10_GDP(1.0),"Gross domestic product (GDP) and main components (output, expenditure and income)",Q,Quarterly,PD20_EUR,"Price index (implicit deflator), 2020=100, euro",SCA,Seasonally and calendar adjusted data,B1G,"Value added, gross",CY,Cyprus,2023-Q4,,116.901,,,,,
dataflow,ESTAT:NAMQ_10_GDP(1.0),"Gross domestic product (GDP) and main components (output, expenditure and income)",Q,Quarterly,PD20_EUR,"Price index (implicit deflator), 2020=100, euro",SCA,Seasonally and calendar adjusted data,B1G,"Value added, gross",CY,Cyprus,2024-Q1,,117.899,,,,,
dataflow,ESTAT:NAMQ_10_GDP(1.0),"Gross domestic product (GDP) and main components (output, expenditure and income)",Q,Quarterly,PD20_EUR,"Price index (implicit deflator), 2020=100, euro",SCA,Seasonally and calendar adjusted data,B1G,"Value added, gross",CY,Cyprus,2024-Q2,,118.744,,,,,
dataflow,ESTAT:NAMQ_10_GDP(1.0),"Gross domestic product (GDP) and main components (output, expenditure and income)",Q,Quarterly,PD20_EUR,"Price index (implicit deflator), 2020=100, euro",SCA,Seasonally and calendar adjusted data,B1G,"Value added, gross",CY,Cyprus,2024-Q3,,119.543,,,,,
dataflow,ESTAT:NAMQ_10_GDP(1.0),"Gross domestic product (GDP) and main components (output, expenditure and income)",Q,Quarterly,PD20_EUR,"Price index (implicit deflator), 2020=100, euro",SCA,Seasonally and calendar adjusted data,B1G,"Value added, gross",CY,Cyprus,2024-Q4,,119.996,,,,,
dataflow,ESTAT:NAMQ_10_GDP(1.0),"Gross domestic product (GDP) and main components (output, expenditure and income)",Q,Quarterly,PD20_EUR,"Price index (implicit deflator), 2020=100, euro",SCA,Seasonally and calendar adjusted data,B1G,"Value added, gross",CY,Cyprus,2025-Q1,,119.910,,,,,
dataflow,ESTAT:NAMQ_10_GDP(1.0),"Gross domestic product (GDP) and main components (output, expenditure and income)",Q,Quarterly,PD20_EUR,"Price index (implicit deflator), 2020=100, euro",SCA,Seasonally and calendar adjusted data,B1G,"Value added, gross",CY,Cyprus,2025-Q2,,119.773,,,,,
dataflow,ESTAT:NAMQ_10_GDP(1.0),"Gross domestic product (GDP) and main components (output, expenditure and income)",Q,Quarterly,PD20_EUR,"Price index (implicit deflator), 2020=100, euro",SCA,Seasonally and calendar adjusted data,B1G,"Value added, gross",CY,Cyprus,2025-Q3,,120.006,,,,,
dataflow,ESTAT:NAMQ_10_GDP(1.0),"Gross domestic product (GDP) and main components (output, expenditure and income)",Q,Quarterly,PD20_EUR,"Price index (implicit deflator), 2020=100, euro",SCA,Seasonally and calendar adjusted data,B1G,"Value added, gross",CY,Cyprus,2025-Q4,,121.338,,,,,
dataflow,ESTAT:NAMQ_10_GDP(1.0),"Gross domestic product (GDP) and main components (output, expenditure and income)",Q,Quarterly,PD20_EUR,"Price index (implicit deflator), 2020=100, euro",SCA,Seasonally and calendar adjusted data,B1G,"Value added, gross",DE,Germany,2023-Q1,,115.606,,p,provisional,,
dataflow,ESTAT:NAMQ_10_GDP(1.0),"Gross domestic product (GDP) and main components (output, expenditure and income)",Q,Quarterly,PD20_EUR,"Price index (implicit deflator), 2020=100, euro",SCA,Seasonally and calendar adjusted data,B1G,"Value added, gross",DE,Germany,2023-Q2,,117.463,,p,provisional,,
dataflow,ESTAT:NAMQ_10_GDP(1.0),"Gross domestic product (GDP) and main components (output, expenditure and income)",Q,Quarterly,PD20_EUR,"Price index (implicit deflator), 2020=100, euro",SCA,Seasonally and calendar adjusted data,B1G,"Value added, gross",DE,Germany,2023-Q3,,118.249,,p,provisional,,
dataflow,ESTAT:NAMQ_10_GDP(1.0),"Gross domestic product (GDP) and main components (output, expenditure and income)",Q,Quarterly,PD20_EUR,"Price index (implicit deflator), 2020=100, euro",SCA,Seasonally and calendar adjusted data,B1G,"Value added, gross",DE,Germany,2023-Q4,,118.905,,p,provisional,,
dataflow,ESTAT:NAMQ_10_GDP(1.0),"Gross domestic product (GDP) and main components (output, expenditure and income)",Q,Quarterly,PD20_EUR,"Price index (implicit deflator), 2020=100, euro",SCA,Seasonally and calendar adjusted data,B1G,"Value added, gross",DE,Germany,2024-Q1,,118.963,,p,provisional,,
dataflow,ESTAT:NAMQ_10_GDP(1.0),"Gross domestic product (GDP) and main components (output, expenditure and income)",Q,Quarterly,PD20_EUR,"Price index (implicit deflator), 2020=100, euro",SCA,Seasonally and calendar adjusted data,B1G,"Value added, gross",DE,Germany,2024-Q2,,119.850,,p,provisional,,
dataflow,ESTAT:NAMQ_10_GDP(1.0),"Gross domestic product (GDP) and main components (output, expenditure and income)",Q,Quarterly,PD20_EUR,"Price index (implicit deflator), 2020=100, euro",SCA,Seasonally and calendar adjusted data,B1G,"Value added, gross",DE,Germany,2024-Q3,,120.307,,p,provisional,,
dataflow,ESTAT:NAMQ_10_GDP(1.0),"Gross domestic product (GDP) and main components (output, expenditure and income)",Q,Quarterly,PD20_EUR,"Price index (implicit deflator), 2020=100, euro",SCA,Seasonally and calendar adjusted data,B1G,"Value added, gross",DE,Germany,2024-Q4,,122.100,,p,provisional,,
dataflow,ESTAT:NAMQ_10_GDP(1.0),"Gross domestic product (GDP) and main components (output, expenditure and income)",Q,Quarterly,PD20_EUR,"Price index (implicit deflator), 2020=100, euro",SCA,Seasonally and calendar adjusted data,B1G,"Value added, gross",DE,Germany,2025-Q1,,122.237,,p,provisional,,
dataflow,ESTAT:NAMQ_10_GDP(1.0),"Gross domestic product (GDP) and main components (output, expenditure and income)",Q,Quarterly,PD20_EUR,"Price index (implicit deflator), 2020=100, euro",SCA,Seasonally and calendar adjusted data,B1G,"Value added, gross",DE,Germany,2025-Q2,,123.785,,p,provisional,,
dataflow,ESTAT:NAMQ_10_GDP(1.0),"Gross domestic product (GDP) and main components (output, expenditure and income)",Q,Quarterly,PD20_EUR,"Price index (implicit deflator), 2020=100, euro",SCA,Seasonally and calendar adjusted data,B1G,"Value added, gross",DE,Germany,2025-Q3,,124.083,,p,provisional,,
dataflow,ESTAT:NAMQ_10_GDP(1.0),"Gross domestic product (GDP) and main components (output, expenditure and income)",Q,Quarterly,PD20_EUR,"Price index (implicit deflator), 2020=100, euro",SCA,Seasonally and calendar adjusted data,B1G,"Value added, gross",DE,Germany,2025-Q4,,125.847,,p,provisional,,
dataflow,ESTAT:NAMQ_10_GDP(1.0),"Gross domestic product (GDP) and main components (output, expenditure and income)",Q,Quarterly,PD20_EUR,"Price index (implicit deflator), 2020=100, euro",SCA,Seasonally and calendar adjusted data,B1G,"Value added, gross",EE,Estonia,2023-Q1,,131.492,,,,,
dataflow,ESTAT:NAMQ_10_GDP(1.0),"Gross domestic product (GDP) and main components (output, expenditure and income)",Q,Quarterly,PD20_EUR,"Price index (implicit deflator), 2020=100, euro",SCA,Seasonally and calendar adjusted data,B1G,"Value added, gross",EE,Estonia,2023-Q2,,133.865,,,,,
dataflow,ESTAT:NAMQ_10_GDP(1.0),"Gross domestic product (GDP) and main components (output, expenditure and income)",Q,Quarterly,PD20_EUR,"Price index (implicit deflator), 2020=100, euro",SCA,Seasonally and calendar adjusted data,B1G,"Value added, gross",EE,Estonia,2023-Q3,,132.659,,,,,
dataflow,ESTAT:NAMQ_10_GDP(1.0),"Gross domestic product (GDP) and main components (output, expenditure and income)",Q,Quarterly,PD20_EUR,"Price index (implicit deflator), 2020=100, euro",SCA,Seasonally and calendar adjusted data,B1G,"Value added, gross",EE,Estonia,2023-Q4,,134.651,,,,,
dataflow,ESTAT:NAMQ_10_GDP(1.0),"Gross domestic product (GDP) and main components (output, expenditure and income)",Q,Quarterly,PD20_EUR,"Price index (implicit deflator), 2020=100, euro",SCA,Seasonally and calendar adjusted data,B1G,"Value added, gross",EE,Estonia,2024-Q1,,135.564,,,,,
dataflow,ESTAT:NAMQ_10_GDP(1.0),"Gross domestic product (GDP) and main components (output, expenditure and income)",Q,Quarterly,PD20_EUR,"Price index (implicit deflator), 2020=100, euro",SCA,Seasonally and calendar adjusted data,B1G,"Value added, gross",EE,Estonia,2024-Q2,,138.000,,,,,
dataflow,ESTAT:NAMQ_10_GDP(1.0),"Gross domestic product (GDP) and main components (output, expenditure and income)",Q,Quarterly,PD20_EUR,"Price index (implicit deflator), 2020=100, euro",SCA,Seasonally and calendar adjusted data,B1G,"Value added, gross",EE,Estonia,2024-Q3,,140.106,,,,,
dataflow,ESTAT:NAMQ_10_GDP(1.0),"Gross domestic product (GDP) and main components (output, expenditure and income)",Q,Quarterly,PD20_EUR,"Price index (implicit deflator), 2020=100, euro",SCA,Seasonally and calendar adjusted data,B1G,"Value added, gross",EE,Estonia,2024-Q4,,141.178,,,,,
dataflow,ESTAT:NAMQ_10_GDP(1.0),"Gross domestic product (GDP) and main components (output, expenditure and income)",Q,Quarterly,PD20_EUR,"Price index (implicit deflator), 2020=100, euro",SCA,Seasonally and calendar adjusted data,B1G,"Value added, gross",EE,Estonia,2025-Q1,,143.193,,,,,
dataflow,ESTAT:NAMQ_10_GDP(1.0),"Gross domestic product (GDP) and main components (output, expenditure and income)",Q,Quarterly,PD20_EUR,"Price index (implicit deflator), 2020=100, euro",SCA,Seasonally and calendar adjusted data,B1G,"Value added, gross",EE,Estonia,2025-Q2,,143.225,,,,,
dataflow,ESTAT:NAMQ_10_GDP(1.0),"Gross domestic product (GDP) and main components (output, expenditure and income)",Q,Quarterly,PD20_EUR,"Price index (implicit deflator), 2020=100, euro",SCA,Seasonally and calendar adjusted data,B1G,"Value added, gross",EE,Estonia,2025-Q3,,144.370,,,,,
dataflow,ESTAT:NAMQ_10_GDP(1.0),"Gross domestic product (GDP) and main components (output, expenditure and income)",Q,Quarterly,PD20_EUR,"Price index (implicit deflator), 2020=100, euro",SCA,Seasonally and calendar adjusted data,B1G,"Value added, gross",EE,Estonia,2025-Q4,,145.032,,,,,
dataflow,ESTAT:NAMQ_10_GDP(1.0),"Gross domestic product (GDP) and main components (output, expenditure and income)",Q,Quarterly,PD20_EUR,"Price index (implicit deflator), 2020=100, euro",SCA,Seasonally and calendar adjusted data,B1G,"Value added, gross",EL,Greece,2023-Q1,,112.474,,p,provisional,,
dataflow,ESTAT:NAMQ_10_GDP(1.0),"Gross domestic product (GDP) and main components (output, expenditure and income)",Q,Quarterly,PD20_EUR,"Price index (implicit deflator), 2020=100, euro",SCA,Seasonally and calendar adjusted data,B1G,"Value added, gross",EL,Greece,2023-Q2,,113.918,,p,provisional,,
dataflow,ESTAT:NAMQ_10_GDP(1.0),"Gross domestic product (GDP) and main components (output, expenditure and income)",Q,Quarterly,PD20_EUR,"Price index (implicit deflator), 2020=100, euro",SCA,Seasonally and calendar adjusted data,B1G,"Value added, gross",EL,Greece,2023-Q3,,115.078,,p,provisional,,
dataflow,ESTAT:NAMQ_10_GDP(1.0),"Gross domestic product (GDP) and main components (output, expenditure and income)",Q,Quarterly,PD20_EUR,"Price index (implicit deflator), 2020=100, euro",SCA,Seasonally and calendar adjusted data,B1G,"Value added, gross",EL,Greece,2023-Q4,,116.016,,p,provisional,,
dataflow,ESTAT:NAMQ_10_GDP(1.0),"Gross domestic product (GDP) and main components (output, expenditure and income)",Q,Quarterly,PD20_EUR,"Price index (implicit deflator), 2020=100, euro",SCA,Seasonally and calendar adjusted data,B1G,"Value added, gross",EL,Greece,2024-Q1,,116.943,,p,provisional,,
dataflow,ESTAT:NAMQ_10_GDP(1.0),"Gross domestic product (GDP) and main components (output, expenditure and income)",Q,Quarterly,PD20_EUR,"Price index (implicit deflator), 2020=100, euro",SCA,Seasonally and calendar adjusted data,B1G,"Value added, gross",EL,Greece,2024-Q2,,117.673,,p,provisional,,
dataflow,ESTAT:NAMQ_10_GDP(1.0),"Gross domestic product (GDP) and main components (output, expenditure and income)",Q,Quarterly,PD20_EUR,"Price index (implicit deflator), 2020=100, euro",SCA,Seasonally and calendar adjusted data,B1G,"Value added, gross",EL,Greece,2024-Q3,,118.519,,p,provisional,,
dataflow,ESTAT:NAMQ_10_GDP(1.0),"Gross domestic product (GDP) and main components (output, expenditure and income)",Q,Quarterly,PD20_EUR,"Price index (implicit deflator), 2020=100, euro",SCA,Seasonally and calendar adjusted data,B1G,"Value added, gross",EL,Greece,2024-Q4,,118.917,,p,provisional,,
dataflow,ESTAT:NAMQ_10_GDP(1.0),"Gross domestic product (GDP) and main components (output, expenditure and income)",Q,Quarterly,PD20_EUR,"Price index (implicit deflator), 2020=100, euro",SCA,Seasonally and calendar adjusted data,B1G,"Value added, gross",EL,Greece,2025-Q1,,120.218,,p,provisional,,
dataflow,ESTAT:NAMQ_10_GDP(1.0),"Gross domestic product (GDP) and main components (output, expenditure and income)",Q,Quarterly,PD20_EUR,"Price index (implicit deflator), 2020=100, euro",SCA,Seasonally and calendar adjusted data,B1G,"Value added, gross",EL,Greece,2025-Q2,,121.310,,p,provisional,,
dataflow,ESTAT:NAMQ_10_GDP(1.0),"Gross domestic product (GDP) and main components (output, expenditure and income)",Q,Quarterly,PD20_EUR,"Price index (implicit deflator), 2020=100, euro",SCA,Seasonally and calendar adjusted data,B1G,"Value added, gross",EL,Greece,2025-Q3,,121.944,,p,provisional,,
dataflow,ESTAT:NAMQ_10_GDP(1.0),"Gross domestic product (GDP) and main components (output, expenditure and income)",Q,Quarterly,PD20_EUR,"Price index (implicit deflator), 2020=100, euro",SCA,Seasonally and calendar adjusted data,B1G,"Value added, gross",EL,Greece,2025-Q4,,121.623,,p,provisional,,
dataflow,ESTAT:NAMQ_10_GDP(1.0),"Gross domestic product (GDP) and main components (output, expenditure and income)",Q,Quarterly,PD20_EUR,"Price index (implicit deflator), 2020=100, euro",SCA,Seasonally and calendar adjusted data,B1G,"Value added, gross",ES,Spain,2023-Q1,,112.997,,p,provisional,,
dataflow,ESTAT:NAMQ_10_GDP(1.0),"Gross domestic product (GDP) and main components (output, expenditure and income)",Q,Quarterly,PD20_EUR,"Price index (implicit deflator), 2020=100, euro",SCA,Seasonally and calendar adjusted data,B1G,"Value added, gross",ES,Spain,2023-Q2,,112.434,,p,provisional,,
dataflow,ESTAT:NAMQ_10_GDP(1.0),"Gross domestic product (GDP) and main components (output, expenditure and income)",Q,Quarterly,PD20_EUR,"Price index (implicit deflator), 2020=100, euro",SCA,Seasonally and calendar adjusted data,B1G,"Value added, gross",ES,Spain,2023-Q3,,113.197,,p,provisional,,
dataflow,ESTAT:NAMQ_10_GDP(1.0),"Gross domestic product (GDP) and main components (output, expenditure and income)",Q,Quarterly,PD20_EUR,"Price index (implicit deflator), 2020=100, euro",SCA,Seasonally and calendar adjusted data,B1G,"Value added, gross",ES,Spain,2023-Q4,,116.066,,p,provisional,,
dataflow,ESTAT:NAMQ_10_GDP(1.0),"Gross domestic product (GDP) and main components (output, expenditure and income)",Q,Quarterly,PD20_EUR,"Price index (implicit deflator), 2020=100, euro",SCA,Seasonally and calendar adjusted data,B1G,"Value added, gross",ES,Spain,2024-Q1,,116.065,,p,provisional,,
dataflow,ESTAT:NAMQ_10_GDP(1.0),"Gross domestic product (GDP) and main components (output, expenditure and income)",Q,Quarterly,PD20_EUR,"Price index (implicit deflator), 2020=100, euro",SCA,Seasonally and calendar adjusted data,B1G,"Value added, gross",ES,Spain,2024-Q2,,115.584,,p,provisional,,
dataflow,ESTAT:NAMQ_10_GDP(1.0),"Gross domestic product (GDP) and main components (output, expenditure and income)",Q,Quarterly,PD20_EUR,"Price index (implicit deflator), 2020=100, euro",SCA,Seasonally and calendar adjusted data,B1G,"Value added, gross",ES,Spain,2024-Q3,,116.249,,p,provisional,,
dataflow,ESTAT:NAMQ_10_GDP(1.0),"Gross domestic product (GDP) and main components (output, expenditure and income)",Q,Quarterly,PD20_EUR,"Price index (implicit deflator), 2020=100, euro",SCA,Seasonally and calendar adjusted data,B1G,"Value added, gross",ES,Spain,2024-Q4,,117.205,,p,provisional,,
dataflow,ESTAT:NAMQ_10_GDP(1.0),"Gross domestic product (GDP) and main components (output, expenditure and income)",Q,Quarterly,PD20_EUR,"Price index (implicit deflator), 2020=100, euro",SCA,Seasonally and calendar adjusted data,B1G,"Value added, gross",ES,Spain,2025-Q1,,117.648,,p,provisional,,
dataflow,ESTAT:NAMQ_10_GDP(1.0),"Gross domestic product (GDP) and main components (output, expenditure and income)",Q,Quarterly,PD20_EUR,"Price index (implicit deflator), 2020=100, euro",SCA,Seasonally and calendar adjusted data,B1G,"Value added, gross",ES,Spain,2025-Q2,,117.987,,p,provisional,,
dataflow,ESTAT:NAMQ_10_GDP(1.0),"Gross domestic product (GDP) and main components (output, expenditure and income)",Q,Quarterly,PD20_EUR,"Price index (implicit deflator), 2020=100, euro",SCA,Seasonally and calendar adjusted data,B1G,"Value added, gross",ES,Spain,2025-Q3,,118.499,,p,provisional,,
dataflow,ESTAT:NAMQ_10_GDP(1.0),"Gross domestic product (GDP) and main components (output, expenditure and income)",Q,Quarterly,PD20_EUR,"Price index (implicit deflator), 2020=100, euro",SCA,Seasonally and calendar adjusted data,B1G,"Value added, gross",ES,Spain,2025-Q4,,121.017,,p,provisional,,
dataflow,ESTAT:NAMQ_10_GDP(1.0),"Gross domestic product (GDP) and main components (output, expenditure and income)",Q,Quarterly,PD20_EUR,"Price index (implicit deflator), 2020=100, euro",SCA,Seasonally and calendar adjusted data,B1G,"Value added, gross",FI,Finland,2023-Q1,,112.060,,,,,
dataflow,ESTAT:NAMQ_10_GDP(1.0),"Gross domestic product (GDP) and main components (output, expenditure and income)",Q,Quarterly,PD20_EUR,"Price index (implicit deflator), 2020=100, euro",SCA,Seasonally and calendar adjusted data,B1G,"Value added, gross",FI,Finland,2023-Q2,,112.893,,,,,
dataflow,ESTAT:NAMQ_10_GDP(1.0),"Gross domestic product (GDP) and main components (output, expenditure and income)",Q,Quarterly,PD20_EUR,"Price index (implicit deflator), 2020=100, euro",SCA,Seasonally and calendar adjusted data,B1G,"Value added, gross",FI,Finland,2023-Q3,,113.670,,,,,
dataflow,ESTAT:NAMQ_10_GDP(1.0),"Gross domestic product (GDP) and main components (output, expenditure and income)",Q,Quarterly,PD20_EUR,"Price index (implicit deflator), 2020=100, euro",SCA,Seasonally and calendar adjusted data,B1G,"Value added, gross",FI,Finland,2023-Q4,,113.174,,,,,
dataflow,ESTAT:NAMQ_10_GDP(1.0),"Gross domestic product (GDP) and main components (output, expenditure and income)",Q,Quarterly,PD20_EUR,"Price index (implicit deflator), 2020=100, euro",SCA,Seasonally and calendar adjusted data,B1G,"Value added, gross",FI,Finland,2024-Q1,,113.153,,,,,
dataflow,ESTAT:NAMQ_10_GDP(1.0),"Gross domestic product (GDP) and main components (output, expenditure and income)",Q,Quarterly,PD20_EUR,"Price index (implicit deflator), 2020=100, euro",SCA,Seasonally and calendar adjusted data,B1G,"Value added, gross",FI,Finland,2024-Q2,,113.499,,,,,
dataflow,ESTAT:NAMQ_10_GDP(1.0),"Gross domestic product (GDP) and main components (output, expenditure and income)",Q,Quarterly,PD20_EUR,"Price index (implicit deflator), 2020=100, euro",SCA,Seasonally and calendar adjusted data,B1G,"Value added, gross",FI,Finland,2024-Q3,,113.907,,,,,
dataflow,ESTAT:NAMQ_10_GDP(1.0),"Gross domestic product (GDP) and main components (output, expenditure and income)",Q,Quarterly,PD20_EUR,"Price index (implicit deflator), 2020=100, euro",SCA,Seasonally and calendar adjusted data,B1G,"Value added, gross",FI,Finland,2024-Q4,,114.187,,,,,
dataflow,ESTAT:NAMQ_10_GDP(1.0),"Gross domestic product (GDP) and main components (output, expenditure and income)",Q,Quarterly,PD20_EUR,"Price index (implicit deflator), 2020=100, euro",SCA,Seasonally and calendar adjusted data,B1G,"Value added, gross",FI,Finland,2025-Q1,,114.488,,,,,
dataflow,ESTAT:NAMQ_10_GDP(1.0),"Gross domestic product (GDP) and main components (output, expenditure and income)",Q,Quarterly,PD20_EUR,"Price index (implicit deflator), 2020=100, euro",SCA,Seasonally and calendar adjusted data,B1G,"Value added, gross",FI,Finland,2025-Q2,,114.484,,,,,
dataflow,ESTAT:NAMQ_10_GDP(1.0),"Gross domestic product (GDP) and main components (output, expenditure and income)",Q,Quarterly,PD20_EUR,"Price index (implicit deflator), 2020=100, euro",SCA,Seasonally and calendar adjusted data,B1G,"Value added, gross",FI,Finland,2025-Q3,,115.112,,,,,
dataflow,ESTAT:NAMQ_10_GDP(1.0),"Gross domestic product (GDP) and main components (output, expenditure and income)",Q,Quarterly,PD20_EUR,"Price index (implicit deflator), 2020=100, euro",SCA,Seasonally and calendar adjusted data,B1G,"Value added, gross",FI,Finland,2025-Q4,,116.138,,,,,
dataflow,ESTAT:NAMQ_10_GDP(1.0),"Gross domestic product (GDP) and main components (output, expenditure and income)",Q,Quarterly,PD20_EUR,"Price index (implicit deflator), 2020=100, euro",SCA,Seasonally and calendar adjusted data,B1G,"Value added, gross",FR,France,2023-Q1,,108.765,,,,,
dataflow,ESTAT:NAMQ_10_GDP(1.0),"Gross domestic product (GDP) and main components (output, expenditure and income)",Q,Quarterly,PD20_EUR,"Price index (implicit deflator), 2020=100, euro",SCA,Seasonally and calendar adjusted data,B1G,"Value added, gross",FR,France,2023-Q2,,110.146,,,,,
dataflow,ESTAT:NAMQ_10_GDP(1.0),"Gross domestic product (GDP) and main components (output, expenditure and income)",Q,Quarterly,PD20_EUR,"Price index (implicit deflator), 2020=100, euro",SCA,Seasonally and calendar adjusted data,B1G,"Value added, gross",FR,France,2023-Q3,,110.607,,,,,
dataflow,ESTAT:NAMQ_10_GDP(1.0),"Gross domestic product (GDP) and main components (output, expenditure and income)",Q,Quarterly,PD20_EUR,"Price index (implicit deflator), 2020=100, euro",SCA,Seasonally and calendar adjusted data,B1G,"Value added, gross",FR,France,2023-Q4,,111.673,,,,,
dataflow,ESTAT:NAMQ_10_GDP(1.0),"Gross domestic product (GDP) and main components (output, expenditure and income)",Q,Quarterly,PD20_EUR,"Price index (implicit deflator), 2020=100, euro",SCA,Seasonally and calendar adjusted data,B1G,"Value added, gross",FR,France,2024-Q1,,111.415,,,,,
dataflow,ESTAT:NAMQ_10_GDP(1.0),"Gross domestic product (GDP) and main components (output, expenditure and income)",Q,Quarterly,PD20_EUR,"Price index (implicit deflator), 2020=100, euro",SCA,Seasonally and calendar adjusted data,B1G,"Value added, gross",FR,France,2024-Q2,,110.966,,,,,
dataflow,ESTAT:NAMQ_10_GDP(1.0),"Gross domestic product (GDP) and main components (output, expenditure and income)",Q,Quarterly,PD20_EUR,"Price index (implicit deflator), 2020=100, euro",SCA,Seasonally and calendar adjusted data,B1G,"Value added, gross",FR,France,2024-Q3,,112.292,,,,,
dataflow,ESTAT:NAMQ_10_GDP(1.0),"Gross domestic product (GDP) and main components (output, expenditure and income)",Q,Quarterly,PD20_EUR,"Price index (implicit deflator), 2020=100, euro",SCA,Seasonally and calendar adjusted data,B1G,"Value added, gross",FR,France,2024-Q4,,112.301,,,,,
dataflow,ESTAT:NAMQ_10_GDP(1.0),"Gross domestic product (GDP) and main components (output, expenditure and income)",Q,Quarterly,PD20_EUR,"Price index (implicit deflator), 2020=100, euro",SCA,Seasonally and calendar adjusted data,B1G,"Value added, gross",FR,France,2025-Q1,,112.519,,,,,
dataflow,ESTAT:NAMQ_10_GDP(1.0),"Gross domestic product (GDP) and main components (output, expenditure and income)",Q,Quarterly,PD20_EUR,"Price index (implicit deflator), 2020=100, euro",SCA,Seasonally and calendar adjusted data,B1G,"Value added, gross",FR,France,2025-Q2,,112.437,,,,,
dataflow,ESTAT:NAMQ_10_GDP(1.0),"Gross domestic product (GDP) and main components (output, expenditure and income)",Q,Quarterly,PD20_EUR,"Price index (implicit deflator), 2020=100, euro",SCA,Seasonally and calendar adjusted data,B1G,"Value added, gross",FR,France,2025-Q3,,112.736,,,,,
dataflow,ESTAT:NAMQ_10_GDP(1.0),"Gross domestic product (GDP) and main components (output, expenditure and income)",Q,Quarterly,PD20_EUR,"Price index (implicit deflator), 2020=100, euro",SCA,Seasonally and calendar adjusted data,B1G,"Value added, gross",FR,France,2025-Q4,,113.302,,,,,
dataflow,ESTAT:NAMQ_10_GDP(1.0),"Gross domestic product (GDP) and main components (output, expenditure and income)",Q,Quarterly,PD20_EUR,"Price index (implicit deflator), 2020=100, euro",SCA,Seasonally and calendar adjusted data,B1G,"Value added, gross",HR,Croatia,2023-Q1,,123.348,,,,,
dataflow,ESTAT:NAMQ_10_GDP(1.0),"Gross domestic product (GDP) and main components (output, expenditure and income)",Q,Quarterly,PD20_EUR,"Price index (implicit deflator), 2020=100, euro",SCA,Seasonally and calendar adjusted data,B1G,"Value added, gross",HR,Croatia,2023-Q2,,124.451,,,,,
dataflow,ESTAT:NAMQ_10_GDP(1.0),"Gross domestic product (GDP) and main components (output, expenditure and income)",Q,Quarterly,PD20_EUR,"Price index (implicit deflator), 2020=100, euro",SCA,Seasonally and calendar adjusted data,B1G,"Value added, gross",HR,Croatia,2023-Q3,,125.910,,,,,
dataflow,ESTAT:NAMQ_10_GDP(1.0),"Gross domestic product (GDP) and main components (output, expenditure and income)",Q,Quarterly,PD20_EUR,"Price index (implicit deflator), 2020=100, euro",SCA,Seasonally and calendar adjusted data,B1G,"Value added, gross",HR,Croatia,2023-Q4,,126.979,,,,,
dataflow,ESTAT:NAMQ_10_GDP(1.0),"Gross domestic product (GDP) and main components (output, expenditure and income)",Q,Quarterly,PD20_EUR,"Price index (implicit deflator), 2020=100, euro",SCA,Seasonally and calendar adjusted data,B1G,"Value added, gross",HR,Croatia,2024-Q1,,130.394,,p,provisional,,
dataflow,ESTAT:NAMQ_10_GDP(1.0),"Gross domestic product (GDP) and main components (output, expenditure and income)",Q,Quarterly,PD20_EUR,"Price index (implicit deflator), 2020=100, euro",SCA,Seasonally and calendar adjusted data,B1G,"Value added, gross",HR,Croatia,2024-Q2,,130.580,,p,provisional,,
dataflow,ESTAT:NAMQ_10_GDP(1.0),"Gross domestic product (GDP) and main components (output, expenditure and income)",Q,Quarterly,PD20_EUR,"Price index (implicit deflator), 2020=100, euro",SCA,Seasonally and calendar adjusted data,B1G,"Value added, gross",HR,Croatia,2024-Q3,,130.050,,p,provisional,,
dataflow,ESTAT:NAMQ_10_GDP(1.0),"Gross domestic product (GDP) and main components (output, expenditure and income)",Q,Quarterly,PD20_EUR,"Price index (implicit deflator), 2020=100, euro",SCA,Seasonally and calendar adjusted data,B1G,"Value added, gross",HR,Croatia,2024-Q4,,130.658,,p,provisional,,
dataflow,ESTAT:NAMQ_10_GDP(1.0),"Gross domestic product (GDP) and main components (output, expenditure and income)",Q,Quarterly,PD20_EUR,"Price index (implicit deflator), 2020=100, euro",SCA,Seasonally and calendar adjusted data,B1G,"Value added, gross",HR,Croatia,2025-Q1,,132.571,,p,provisional,,
dataflow,ESTAT:NAMQ_10_GDP(1.0),"Gross domestic product (GDP) and main components (output, expenditure and income)",Q,Quarterly,PD20_EUR,"Price index (implicit deflator), 2020=100, euro",SCA,Seasonally and calendar adjusted data,B1G,"Value added, gross",HR,Croatia,2025-Q2,,135.405,,p,provisional,,
dataflow,ESTAT:NAMQ_10_GDP(1.0),"Gross domestic product (GDP) and main components (output, expenditure and income)",Q,Quarterly,PD20_EUR,"Price index (implicit deflator), 2020=100, euro",SCA,Seasonally and calendar adjusted data,B1G,"Value added, gross",HR,Croatia,2025-Q3,,137.716,,p,provisional,,
dataflow,ESTAT:NAMQ_10_GDP(1.0),"Gross domestic product (GDP) and main components (output, expenditure and income)",Q,Quarterly,PD20_EUR,"Price index (implicit deflator), 2020=100, euro",SCA,Seasonally and calendar adjusted data,B1G,"Value added, gross",HR,Croatia,2025-Q4,,141.170,,p,provisional,,
dataflow,ESTAT:NAMQ_10_GDP(1.0),"Gross domestic product (GDP) and main components (output, expenditure and income)",Q,Quarterly,PD20_EUR,"Price index (implicit deflator), 2020=100, euro",SCA,Seasonally and calendar adjusted data,B1G,"Value added, gross",IT,Italy,2023-Q1,,109.832,,,,,
dataflow,ESTAT:NAMQ_10_GDP(1.0),"Gross domestic product (GDP) and main components (output, expenditure and income)",Q,Quarterly,PD20_EUR,"Price index (implicit deflator), 2020=100, euro",SCA,Seasonally and calendar adjusted data,B1G,"Value added, gross",IT,Italy,2023-Q2,,111.580,,,,,
dataflow,ESTAT:NAMQ_10_GDP(1.0),"Gross domestic product (GDP) and main components (output, expenditure and income)",Q,Quarterly,PD20_EUR,"Price index (implicit deflator), 2020=100, euro",SCA,Seasonally and calendar adjusted data,B1G,"Value added, gross",IT,Italy,2023-Q3,,112.091,,,,,
dataflow,ESTAT:NAMQ_10_GDP(1.0),"Gross domestic product (GDP) and main components (output, expenditure and income)",Q,Quarterly,PD20_EUR,"Price index (implicit deflator), 2020=100, euro",SCA,Seasonally and calendar adjusted data,B1G,"Value added, gross",IT,Italy,2023-Q4,,112.360,,,,,
dataflow,ESTAT:NAMQ_10_GDP(1.0),"Gross domestic product (GDP) and main components (output, expenditure and income)",Q,Quarterly,PD20_EUR,"Price index (implicit deflator), 2020=100, euro",SCA,Seasonally and calendar adjusted data,B1G,"Value added, gross",IT,Italy,2024-Q1,,113.026,,,,,
dataflow,ESTAT:NAMQ_10_GDP(1.0),"Gross domestic product (GDP) and main components (output, expenditure and income)",Q,Quarterly,PD20_EUR,"Price index (implicit deflator), 2020=100, euro",SCA,Seasonally and calendar adjusted data,B1G,"Value added, gross",IT,Italy,2024-Q2,,112.902,,,,,
dataflow,ESTAT:NAMQ_10_GDP(1.0),"Gross domestic product (GDP) and main components (output, expenditure and income)",Q,Quarterly,PD20_EUR,"Price index (implicit deflator), 2020=100, euro",SCA,Seasonally and calendar adjusted data,B1G,"Value added, gross",IT,Italy,2024-Q3,,113.526,,,,,
dataflow,ESTAT:NAMQ_10_GDP(1.0),"Gross domestic product (GDP) and main components (output, expenditure and income)",Q,Quarterly,PD20_EUR,"Price index (implicit deflator), 2020=100, euro",SCA,Seasonally and calendar adjusted data,B1G,"Value added, gross",IT,Italy,2024-Q4,,114.189,,,,,
dataflow,ESTAT:NAMQ_10_GDP(1.0),"Gross domestic product (GDP) and main components (output, expenditure and income)",Q,Quarterly,PD20_EUR,"Price index (implicit deflator), 2020=100, euro",SCA,Seasonally and calendar adjusted data,B1G,"Value added, gross",IT,Italy,2025-Q1,,114.509,,,,,
dataflow,ESTAT:NAMQ_10_GDP(1.0),"Gross domestic product (GDP) and main components (output, expenditure and income)",Q,Quarterly,PD20_EUR,"Price index (implicit deflator), 2020=100, euro",SCA,Seasonally and calendar adjusted data,B1G,"Value added, gross",IT,Italy,2025-Q2,,115.411,,,,,
dataflow,ESTAT:NAMQ_10_GDP(1.0),"Gross domestic product (GDP) and main components (output, expenditure and income)",Q,Quarterly,PD20_EUR,"Price index (implicit deflator), 2020=100, euro",SCA,Seasonally and calendar adjusted data,B1G,"Value added, gross",IT,Italy,2025-Q3,,115.804,,,,,
dataflow,ESTAT:NAMQ_10_GDP(1.0),"Gross domestic product (GDP) and main components (output, expenditure and income)",Q,Quarterly,PD20_EUR,"Price index (implicit deflator), 2020=100, euro",SCA,Seasonally and calendar adjusted data,B1G,"Value added, gross",IT,Italy,2025-Q4,,116.611,,,,,
dataflow,ESTAT:NAMQ_10_GDP(1.0),"Gross domestic product (GDP) and main components (output, expenditure and income)",Q,Quarterly,PD20_EUR,"Price index (implicit deflator), 2020=100, euro",SCA,Seasonally and calendar adjusted data,B1G,"Value added, gross",LT,Lithuania,2023-Q1,,134.814,,,,,
dataflow,ESTAT:NAMQ_10_GDP(1.0),"Gross domestic product (GDP) and main components (output, expenditure and income)",Q,Quarterly,PD20_EUR,"Price index (implicit deflator), 2020=100, euro",SCA,Seasonally and calendar adjusted data,B1G,"Value added, gross",LT,Lithuania,2023-Q2,,135.734,,,,,
dataflow,ESTAT:NAMQ_10_GDP(1.0),"Gross domestic product (GDP) and main components (output, expenditure and income)",Q,Quarterly,PD20_EUR,"Price index (implicit deflator), 2020=100, euro",SCA,Seasonally and calendar adjusted data,B1G,"Value added, gross",LT,Lithuania,2023-Q3,,135.482,,,,,
dataflow,ESTAT:NAMQ_10_GDP(1.0),"Gross domestic product (GDP) and main components (output, expenditure and income)",Q,Quarterly,PD20_EUR,"Price index (implicit deflator), 2020=100, euro",SCA,Seasonally and calendar adjusted data,B1G,"Value added, gross",LT,Lithuania,2023-Q4,,137.469,,,,,
dataflow,ESTAT:NAMQ_10_GDP(1.0),"Gross domestic product (GDP) and main components (output, expenditure and income)",Q,Quarterly,PD20_EUR,"Price index (implicit deflator), 2020=100, euro",SCA,Seasonally and calendar adjusted data,B1G,"Value added, gross",LT,Lithuania,2024-Q1,,136.919,,,,,
dataflow,ESTAT:NAMQ_10_GDP(1.0),"Gross domestic product (GDP) and main components (output, expenditure and income)",Q,Quarterly,PD20_EUR,"Price index (implicit deflator), 2020=100, euro",SCA,Seasonally and calendar adjusted data,B1G,"Value added, gross",LT,Lithuania,2024-Q2,,139.125,,,,,
dataflow,ESTAT:NAMQ_10_GDP(1.0),"Gross domestic product (GDP) and main components (output, expenditure and income)",Q,Quarterly,PD20_EUR,"Price index (implicit deflator), 2020=100, euro",SCA,Seasonally and calendar adjusted data,B1G,"Value added, gross",LT,Lithuania,2024-Q3,,140.641,,,,,
dataflow,ESTAT:NAMQ_10_GDP(1.0),"Gross domestic product (GDP) and main components (output, expenditure and income)",Q,Quarterly,PD20_EUR,"Price index (implicit deflator), 2020=100, euro",SCA,Seasonally and calendar adjusted data,B1G,"Value added, gross",LT,Lithuania,2024-Q4,,140.342,,,,,
dataflow,ESTAT:NAMQ_10_GDP(1.0),"Gross domestic product (GDP) and main components (output, expenditure and income)",Q,Quarterly,PD20_EUR,"Price index (implicit deflator), 2020=100, euro",SCA,Seasonally and calendar adjusted data,B1G,"Value added, gross",LT,Lithuania,2025-Q1,,141.782,,,,,
dataflow,ESTAT:NAMQ_10_GDP(1.0),"Gross domestic product (GDP) and main components (output, expenditure and income)",Q,Quarterly,PD20_EUR,"Price index (implicit deflator), 2020=100, euro",SCA,Seasonally and calendar adjusted data,B1G,"Value added, gross",LT,Lithuania,2025-Q2,,143.131,,,,,
dataflow,ESTAT:NAMQ_10_GDP(1.0),"Gross domestic product (GDP) and main components (output, expenditure and income)",Q,Quarterly,PD20_EUR,"Price index (implicit deflator), 2020=100, euro",SCA,Seasonally and calendar adjusted data,B1G,"Value added, gross",LT,Lithuania,2025-Q3,,144.534,,,,,
dataflow,ESTAT:NAMQ_10_GDP(1.0),"Gross domestic product (GDP) and main components (output, expenditure and income)",Q,Quarterly,PD20_EUR,"Price index (implicit deflator), 2020=100, euro",SCA,Seasonally and calendar adjusted data,B1G,"Value added, gross",LT,Lithuania,2025-Q4,,144.371,,,,,
dataflow,ESTAT:NAMQ_10_GDP(1.0),"Gross domestic product (GDP) and main components (output, expenditure and income)",Q,Quarterly,PD20_EUR,"Price index (implicit deflator), 2020=100, euro",SCA,Seasonally and calendar adjusted data,B1G,"Value added, gross",LU,Luxembourg,2023-Q1,,119.146,,,,,
dataflow,ESTAT:NAMQ_10_GDP(1.0),"Gross domestic product (GDP) and main components (output, expenditure and income)",Q,Quarterly,PD20_EUR,"Price index (implicit deflator), 2020=100, euro",SCA,Seasonally and calendar adjusted data,B1G,"Value added, gross",LU,Luxembourg,2023-Q2,,122.424,,,,,
dataflow,ESTAT:NAMQ_10_GDP(1.0),"Gross domestic product (GDP) and main components (output, expenditure and income)",Q,Quarterly,PD20_EUR,"Price index (implicit deflator), 2020=100, euro",SCA,Seasonally and calendar adjusted data,B1G,"Value added, gross",LU,Luxembourg,2023-Q3,,122.314,,,,,
dataflow,ESTAT:NAMQ_10_GDP(1.0),"Gross domestic product (GDP) and main components (output, expenditure and income)",Q,Quarterly,PD20_EUR,"Price index (implicit deflator), 2020=100, euro",SCA,Seasonally and calendar adjusted data,B1G,"Value added, gross",LU,Luxembourg,2023-Q4,,123.389,,,,,
dataflow,ESTAT:NAMQ_10_GDP(1.0),"Gross domestic product (GDP) and main components (output, expenditure and income)",Q,Quarterly,PD20_EUR,"Price index (implicit deflator), 2020=100, euro",SCA,Seasonally and calendar adjusted data,B1G,"Value added, gross",LU,Luxembourg,2024-Q1,,122.395,,,,,
dataflow,ESTAT:NAMQ_10_GDP(1.0),"Gross domestic product (GDP) and main components (output, expenditure and income)",Q,Quarterly,PD20_EUR,"Price index (implicit deflator), 2020=100, euro",SCA,Seasonally and calendar adjusted data,B1G,"Value added, gross",LU,Luxembourg,2024-Q2,,125.583,,,,,
dataflow,ESTAT:NAMQ_10_GDP(1.0),"Gross domestic product (GDP) and main components (output, expenditure and income)",Q,Quarterly,PD20_EUR,"Price index (implicit deflator), 2020=100, euro",SCA,Seasonally and calendar adjusted data,B1G,"Value added, gross",LU,Luxembourg,2024-Q3,,127.443,,,,,
dataflow,ESTAT:NAMQ_10_GDP(1.0),"Gross domestic product (GDP) and main components (output, expenditure and income)",Q,Quarterly,PD20_EUR,"Price index (implicit deflator), 2020=100, euro",SCA,Seasonally and calendar adjusted data,B1G,"Value added, gross",LU,Luxembourg,2024-Q4,,128.645,,,,,
dataflow,ESTAT:NAMQ_10_GDP(1.0),"Gross domestic product (GDP) and main components (output, expenditure and income)",Q,Quarterly,PD20_EUR,"Price index (implicit deflator), 2020=100, euro",SCA,Seasonally and calendar adjusted data,B1G,"Value added, gross",LU,Luxembourg,2025-Q1,,128.789,,p,provisional,,
dataflow,ESTAT:NAMQ_10_GDP(1.0),"Gross domestic product (GDP) and main components (output, expenditure and income)",Q,Quarterly,PD20_EUR,"Price index (implicit deflator), 2020=100, euro",SCA,Seasonally and calendar adjusted data,B1G,"Value added, gross",LU,Luxembourg,2025-Q2,,128.872,,p,provisional,,
dataflow,ESTAT:NAMQ_10_GDP(1.0),"Gross domestic product (GDP) and main components (output, expenditure and income)",Q,Quarterly,PD20_EUR,"Price index (implicit deflator), 2020=100, euro",SCA,Seasonally and calendar adjusted data,B1G,"Value added, gross",LU,Luxembourg,2025-Q3,,130.767,,p,provisional,,
dataflow,ESTAT:NAMQ_10_GDP(1.0),"Gross domestic product (GDP) and main components (output, expenditure and income)",Q,Quarterly,PD20_EUR,"Price index (implicit deflator), 2020=100, euro",SCA,Seasonally and calendar adjusted data,B1G,"Value added, gross",LU,Luxembourg,2025-Q4,,133.613,,p,provisional,,
dataflow,ESTAT:NAMQ_10_GDP(1.0),"Gross domestic product (GDP) and main components (output, expenditure and income)",Q,Quarterly,PD20_EUR,"Price index (implicit deflator), 2020=100, euro",SCA,Seasonally and calendar adjusted data,B1G,"Value added, gross",LV,Latvia,2023-Q1,,128.550,,,,,
dataflow,ESTAT:NAMQ_10_GDP(1.0),"Gross domestic product (GDP) and main components (output, expenditure and income)",Q,Quarterly,PD20_EUR,"Price index (implicit deflator), 2020=100, euro",SCA,Seasonally and calendar adjusted data,B1G,"Value added, gross",LV,Latvia,2023-Q2,,125.357,,,,,
dataflow,ESTAT:NAMQ_10_GDP(1.0),"Gross domestic product (GDP) and main components (output, expenditure and income)",Q,Quarterly,PD20_EUR,"Price index (implicit deflator), 2020=100, euro",SCA,Seasonally and calendar adjusted data,B1G,"Value added, gross",LV,Latvia,2023-Q3,,124.777,,,,,
dataflow,ESTAT:NAMQ_10_GDP(1.0),"Gross domestic product (GDP) and main components (output, expenditure and income)",Q,Quarterly,PD20_EUR,"Price index (implicit deflator), 2020=100, euro",SCA,Seasonally and calendar adjusted data,B1G,"Value added, gross",LV,Latvia,2023-Q4,,126.364,,,,,
dataflow,ESTAT:NAMQ_10_GDP(1.0),"Gross domestic product (GDP) and main components (output, expenditure and income)",Q,Quarterly,PD20_EUR,"Price index (implicit deflator), 2020=100, euro",SCA,Seasonally and calendar adjusted data,B1G,"Value added, gross",LV,Latvia,2024-Q1,,127.091,,,,,
dataflow,ESTAT:NAMQ_10_GDP(1.0),"Gross domestic product (GDP) and main components (output, expenditure and income)",Q,Quarterly,PD20_EUR,"Price index (implicit deflator), 2020=100, euro",SCA,Seasonally and calendar adjusted data,B1G,"Value added, gross",LV,Latvia,2024-Q2,,129.320,,,,,
dataflow,ESTAT:NAMQ_10_GDP(1.0),"Gross domestic product (GDP) and main components (output, expenditure and income)",Q,Quarterly,PD20_EUR,"Price index (implicit deflator), 2020=100, euro",SCA,Seasonally and calendar adjusted data,B1G,"Value added, gross",LV,Latvia,2024-Q3,,127.963,,,,,
dataflow,ESTAT:NAMQ_10_GDP(1.0),"Gross domestic product (GDP) and main components (output, expenditure and income)",Q,Quarterly,PD20_EUR,"Price index (implicit deflator), 2020=100, euro",SCA,Seasonally and calendar adjusted data,B1G,"Value added, gross",LV,Latvia,2024-Q4,,130.565,,,,,
dataflow,ESTAT:NAMQ_10_GDP(1.0),"Gross domestic product (GDP) and main components (output, expenditure and income)",Q,Quarterly,PD20_EUR,"Price index (implicit deflator), 2020=100, euro",SCA,Seasonally and calendar adjusted data,B1G,"Value added, gross",LV,Latvia,2025-Q1,,131.059,,,,,
dataflow,ESTAT:NAMQ_10_GDP(1.0),"Gross domestic product (GDP) and main components (output, expenditure and income)",Q,Quarterly,PD20_EUR,"Price index (implicit deflator), 2020=100, euro",SCA,Seasonally and calendar adjusted data,B1G,"Value added, gross",LV,Latvia,2025-Q2,,132.506,,,,,
dataflow,ESTAT:NAMQ_10_GDP(1.0),"Gross domestic product (GDP) and main components (output, expenditure and income)",Q,Quarterly,PD20_EUR,"Price index (implicit deflator), 2020=100, euro",SCA,Seasonally and calendar adjusted data,B1G,"Value added, gross",LV,Latvia,2025-Q3,,133.991,,,,,
dataflow,ESTAT:NAMQ_10_GDP(1.0),"Gross domestic product (GDP) and main components (output, expenditure and income)",Q,Quarterly,PD20_EUR,"Price index (implicit deflator), 2020=100, euro",SCA,Seasonally and calendar adjusted data,B1G,"Value added, gross",LV,Latvia,2025-Q4,,135.354,,,,,
dataflow,ESTAT:NAMQ_10_GDP(1.0),"Gross domestic product (GDP) and main components (output, expenditure and income)",Q,Quarterly,PD20_EUR,"Price index (implicit deflator), 2020=100, euro",SCA,Seasonally and calendar adjusted data,B1G,"Value added, gross",MT,Malta,2023-Q1,,113.268,,,,,
dataflow,ESTAT:NAMQ_10_GDP(1.0),"Gross domestic product (GDP) and main components (output, expenditure and income)",Q,Quarterly,PD20_EUR,"Price index (implicit deflator), 2020=100, euro",SCA,Seasonally and calendar adjusted data,B1G,"Value added, gross",MT,Malta,2023-Q2,,114.998,,,,,
dataflow,ESTAT:NAMQ_10_GDP(1.0),"Gross domestic product (GDP) and main components (output, expenditure and income)",Q,Quarterly,PD20_EUR,"Price index (implicit deflator), 2020=100, euro",SCA,Seasonally and calendar adjusted data,B1G,"Value added, gross",MT,Malta,2023-Q3,,116.206,,,,,
dataflow,ESTAT:NAMQ_10_GDP(1.0),"Gross domestic product (GDP) and main components (output, expenditure and income)",Q,Quarterly,PD20_EUR,"Price index (implicit deflator), 2020=100, euro",SCA,Seasonally and calendar adjusted data,B1G,"Value added, gross",MT,Malta,2023-Q4,,116.596,,,,,
dataflow,ESTAT:NAMQ_10_GDP(1.0),"Gross domestic product (GDP) and main components (output, expenditure and income)",Q,Quarterly,PD20_EUR,"Price index (implicit deflator), 2020=100, euro",SCA,Seasonally and calendar adjusted data,B1G,"Value added, gross",MT,Malta,2024-Q1,,119.533,,,,,
dataflow,ESTAT:NAMQ_10_GDP(1.0),"Gross domestic product (GDP) and main components (output, expenditure and income)",Q,Quarterly,PD20_EUR,"Price index (implicit deflator), 2020=100, euro",SCA,Seasonally and calendar adjusted data,B1G,"Value added, gross",MT,Malta,2024-Q2,,119.773,,,,,
dataflow,ESTAT:NAMQ_10_GDP(1.0),"Gross domestic product (GDP) and main components (output, expenditure and income)",Q,Quarterly,PD20_EUR,"Price index (implicit deflator), 2020=100, euro",SCA,Seasonally and calendar adjusted data,B1G,"Value added, gross",MT,Malta,2024-Q3,,120.918,,,,,
dataflow,ESTAT:NAMQ_10_GDP(1.0),"Gross domestic product (GDP) and main components (output, expenditure and income)",Q,Quarterly,PD20_EUR,"Price index (implicit deflator), 2020=100, euro",SCA,Seasonally and calendar adjusted data,B1G,"Value added, gross",MT,Malta,2024-Q4,,123.360,,,,,
dataflow,ESTAT:NAMQ_10_GDP(1.0),"Gross domestic product (GDP) and main components (output, expenditure and income)",Q,Quarterly,PD20_EUR,"Price index (implicit deflator), 2020=100, euro",SCA,Seasonally and calendar adjusted data,B1G,"Value added, gross",MT,Malta,2025-Q1,,121.492,,,,,
dataflow,ESTAT:NAMQ_10_GDP(1.0),"Gross domestic product (GDP) and main components (output, expenditure and income)",Q,Quarterly,PD20_EUR,"Price index (implicit deflator), 2020=100, euro",SCA,Seasonally and calendar adjusted data,B1G,"Value added, gross",MT,Malta,2025-Q2,,122.690,,,,,
dataflow,ESTAT:NAMQ_10_GDP(1.0),"Gross domestic product (GDP) and main components (output, expenditure and income)",Q,Quarterly,PD20_EUR,"Price index (implicit deflator), 2020=100, euro",SCA,Seasonally and calendar adjusted data,B1G,"Value added, gross",MT,Malta,2025-Q3,,123.361,,,,,
dataflow,ESTAT:NAMQ_10_GDP(1.0),"Gross domestic product (GDP) and main components (output, expenditure and income)",Q,Quarterly,PD20_EUR,"Price index (implicit deflator), 2020=100, euro",SCA,Seasonally and calendar adjusted data,B1G,"Value added, gross",MT,Malta,2025-Q4,,123.506,,,,,
dataflow,ESTAT:NAMQ_10_GDP(1.0),"Gross domestic product (GDP) and main components (output, expenditure and income)",Q,Quarterly,PD20_EUR,"Price index (implicit deflator), 2020=100, euro",SCA,Seasonally and calendar adjusted data,B1G,"Value added, gross",NL,Netherlands,2023-Q1,,114.271,,p,provisional,,
dataflow,ESTAT:NAMQ_10_GDP(1.0),"Gross domestic product (GDP) and main components (output, expenditure and income)",Q,Quarterly,PD20_EUR,"Price index (implicit deflator), 2020=100, euro",SCA,Seasonally and calendar adjusted data,B1G,"Value added, gross",NL,Netherlands,2023-Q2,,115.193,,p,provisional,,
dataflow,ESTAT:NAMQ_10_GDP(1.0),"Gross domestic product (GDP) and main components (output, expenditure and income)",Q,Quarterly,PD20_EUR,"Price index (implicit deflator), 2020=100, euro",SCA,Seasonally and calendar adjusted data,B1G,"Value added, gross",NL,Netherlands,2023-Q3,,116.996,,p,provisional,,
dataflow,ESTAT:NAMQ_10_GDP(1.0),"Gross domestic product (GDP) and main components (output, expenditure and income)",Q,Quarterly,PD20_EUR,"Price index (implicit deflator), 2020=100, euro",SCA,Seasonally and calendar adjusted data,B1G,"Value added, gross",NL,Netherlands,2023-Q4,,117.825,,p,provisional,,
dataflow,ESTAT:NAMQ_10_GDP(1.0),"Gross domestic product (GDP) and main components (output, expenditure and income)",Q,Quarterly,PD20_EUR,"Price index (implicit deflator), 2020=100, euro",SCA,Seasonally and calendar adjusted data,B1G,"Value added, gross",NL,Netherlands,2024-Q1,,121.380,,p,provisional,,
dataflow,ESTAT:NAMQ_10_GDP(1.0),"Gross domestic product (GDP) and main components (output, expenditure and income)",Q,Quarterly,PD20_EUR,"Price index (implicit deflator), 2020=100, euro",SCA,Seasonally and calendar adjusted data,B1G,"Value added, gross",NL,Netherlands,2024-Q2,,121.794,,p,provisional,,
dataflow,ESTAT:NAMQ_10_GDP(1.0),"Gross domestic product (GDP) and main components (output, expenditure and income)",Q,Quarterly,PD20_EUR,"Price index (implicit deflator), 2020=100, euro",SCA,Seasonally and calendar adjusted data,B1G,"Value added, gross",NL,Netherlands,2024-Q3,,122.680,,p,provisional,,
dataflow,ESTAT:NAMQ_10_GDP(1.0),"Gross domestic product (GDP) and main components (output, expenditure and income)",Q,Quarterly,PD20_EUR,"Price index (implicit deflator), 2020=100, euro",SCA,Seasonally and calendar adjusted data,B1G,"Value added, gross",NL,Netherlands,2024-Q4,,123.819,,p,provisional,,
dataflow,ESTAT:NAMQ_10_GDP(1.0),"Gross domestic product (GDP) and main components (output, expenditure and income)",Q,Quarterly,PD20_EUR,"Price index (implicit deflator), 2020=100, euro",SCA,Seasonally and calendar adjusted data,B1G,"Value added, gross",NL,Netherlands,2025-Q1,,124.642,,p,provisional,,
dataflow,ESTAT:NAMQ_10_GDP(1.0),"Gross domestic product (GDP) and main components (output, expenditure and income)",Q,Quarterly,PD20_EUR,"Price index (implicit deflator), 2020=100, euro",SCA,Seasonally and calendar adjusted data,B1G,"Value added, gross",NL,Netherlands,2025-Q2,,125.881,,p,provisional,,
dataflow,ESTAT:NAMQ_10_GDP(1.0),"Gross domestic product (GDP) and main components (output, expenditure and income)",Q,Quarterly,PD20_EUR,"Price index (implicit deflator), 2020=100, euro",SCA,Seasonally and calendar adjusted data,B1G,"Value added, gross",NL,Netherlands,2025-Q3,,126.943,,p,provisional,,
dataflow,ESTAT:NAMQ_10_GDP(1.0),"Gross domestic product (GDP) and main components (output, expenditure and income)",Q,Quarterly,PD20_EUR,"Price index (implicit deflator), 2020=100, euro",SCA,Seasonally and calendar adjusted data,B1G,"Value added, gross",NL,Netherlands,2025-Q4,,127.961,,p,provisional,,
dataflow,ESTAT:NAMQ_10_GDP(1.0),"Gross domestic product (GDP) and main components (output, expenditure and income)",Q,Quarterly,PD20_EUR,"Price index (implicit deflator), 2020=100, euro",SCA,Seasonally and calendar adjusted data,B1G,"Value added, gross",PT,Portugal,2023-Q1,,113.570,,,,,
dataflow,ESTAT:NAMQ_10_GDP(1.0),"Gross domestic product (GDP) and main components (output, expenditure and income)",Q,Quarterly,PD20_EUR,"Price index (implicit deflator), 2020=100, euro",SCA,Seasonally and calendar adjusted data,B1G,"Value added, gross",PT,Portugal,2023-Q2,,115.203,,,,,
dataflow,ESTAT:NAMQ_10_GDP(1.0),"Gross domestic product (GDP) and main components (output, expenditure and income)",Q,Quarterly,PD20_EUR,"Price index (implicit deflator), 2020=100, euro",SCA,Seasonally and calendar adjusted data,B1G,"Value added, gross",PT,Portugal,2023-Q3,,116.580,,,,,
dataflow,ESTAT:NAMQ_10_GDP(1.0),"Gross domestic product (GDP) and main components (output, expenditure and income)",Q,Quarterly,PD20_EUR,"Price index (implicit deflator), 2020=100, euro",SCA,Seasonally and calendar adjusted data,B1G,"Value added, gross",PT,Portugal,2023-Q4,,118.282,,,,,
dataflow,ESTAT:NAMQ_10_GDP(1.0),"Gross domestic product (GDP) and main components (output, expenditure and income)",Q,Quarterly,PD20_EUR,"Price index (implicit deflator), 2020=100, euro",SCA,Seasonally and calendar adjusted data,B1G,"Value added, gross",PT,Portugal,2024-Q1,,120.036,,p,provisional,,
dataflow,ESTAT:NAMQ_10_GDP(1.0),"Gross domestic product (GDP) and main components (output, expenditure and income)",Q,Quarterly,PD20_EUR,"Price index (implicit deflator), 2020=100, euro",SCA,Seasonally and calendar adjusted data,B1G,"Value added, gross",PT,Portugal,2024-Q2,,120.658,,p,provisional,,
dataflow,ESTAT:NAMQ_10_GDP(1.0),"Gross domestic product (GDP) and main components (output, expenditure and income)",Q,Quarterly,PD20_EUR,"Price index (implicit deflator), 2020=100, euro",SCA,Seasonally and calendar adjusted data,B1G,"Value added, gross",PT,Portugal,2024-Q3,,122.085,,p,provisional,,
dataflow,ESTAT:NAMQ_10_GDP(1.0),"Gross domestic product (GDP) and main components (output, expenditure and income)",Q,Quarterly,PD20_EUR,"Price index (implicit deflator), 2020=100, euro",SCA,Seasonally and calendar adjusted data,B1G,"Value added, gross",PT,Portugal,2024-Q4,,123.346,,p,provisional,,
dataflow,ESTAT:NAMQ_10_GDP(1.0),"Gross domestic product (GDP) and main components (output, expenditure and income)",Q,Quarterly,PD20_EUR,"Price index (implicit deflator), 2020=100, euro",SCA,Seasonally and calendar adjusted data,B1G,"Value added, gross",PT,Portugal,2025-Q1,,123.898,,p,provisional,,
dataflow,ESTAT:NAMQ_10_GDP(1.0),"Gross domestic product (GDP) and main components (output, expenditure and income)",Q,Quarterly,PD20_EUR,"Price index (implicit deflator), 2020=100, euro",SCA,Seasonally and calendar adjusted data,B1G,"Value added, gross",PT,Portugal,2025-Q2,,125.025,,p,provisional,,
dataflow,ESTAT:NAMQ_10_GDP(1.0),"Gross domestic product (GDP) and main components (output, expenditure and income)",Q,Quarterly,PD20_EUR,"Price index (implicit deflator), 2020=100, euro",SCA,Seasonally and calendar adjusted data,B1G,"Value added, gross",PT,Portugal,2025-Q3,,126.980,,p,provisional,,
dataflow,ESTAT:NAMQ_10_GDP(1.0),"Gross domestic product (GDP) and main components (output, expenditure and income)",Q,Quarterly,PD20_EUR,"Price index (implicit deflator), 2020=100, euro",SCA,Seasonally and calendar adjusted data,B1G,"Value added, gross",PT,Portugal,2025-Q4,,128.234,,p,provisional,,
dataflow,ESTAT:NAMQ_10_GDP(1.0),"Gross domestic product (GDP) and main components (output, expenditure and income)",Q,Quarterly,PD20_EUR,"Price index (implicit deflator), 2020=100, euro",SCA,Seasonally and calendar adjusted data,B1G,"Value added, gross",SI,Slovenia,2023-Q1,,120.048,,,,,
dataflow,ESTAT:NAMQ_10_GDP(1.0),"Gross domestic product (GDP) and main components (output, expenditure and income)",Q,Quarterly,PD20_EUR,"Price index (implicit deflator), 2020=100, euro",SCA,Seasonally and calendar adjusted data,B1G,"Value added, gross",SI,Slovenia,2023-Q2,,121.563,,,,,
dataflow,ESTAT:NAMQ_10_GDP(1.0),"Gross domestic product (GDP) and main components (output, expenditure and income)",Q,Quarterly,PD20_EUR,"Price index (implicit deflator), 2020=100, euro",SCA,Seasonally and calendar adjusted data,B1G,"Value added, gross",SI,Slovenia,2023-Q3,,121.476,,,,,
dataflow,ESTAT:NAMQ_10_GDP(1.0),"Gross domestic product (GDP) and main components (output, expenditure and income)",Q,Quarterly,PD20_EUR,"Price index (implicit deflator), 2020=100, euro",SCA,Seasonally and calendar adjusted data,B1G,"Value added, gross",SI,Slovenia,2023-Q4,,124.171,,,,,
dataflow,ESTAT:NAMQ_10_GDP(1.0),"Gross domestic product (GDP) and main components (output, expenditure and income)",Q,Quarterly,PD20_EUR,"Price index (implicit deflator), 2020=100, euro",SCA,Seasonally and calendar adjusted data,B1G,"Value added, gross",SI,Slovenia,2024-Q1,,124.699,,,,,
dataflow,ESTAT:NAMQ_10_GDP(1.0),"Gross domestic product (GDP) and main components (output, expenditure and income)",Q,Quarterly,PD20_EUR,"Price index (implicit deflator), 2020=100, euro",SCA,Seasonally and calendar adjusted data,B1G,"Value added, gross",SI,Slovenia,2024-Q2,,125.018,,,,,
dataflow,ESTAT:NAMQ_10_GDP(1.0),"Gross domestic product (GDP) and main components (output, expenditure and income)",Q,Quarterly,PD20_EUR,"Price index (implicit deflator), 2020=100, euro",SCA,Seasonally and calendar adjusted data,B1G,"Value added, gross",SI,Slovenia,2024-Q3,,125.188,,,,,
dataflow,ESTAT:NAMQ_10_GDP(1.0),"Gross domestic product (GDP) and main components (output, expenditure and income)",Q,Quarterly,PD20_EUR,"Price index (implicit deflator), 2020=100, euro",SCA,Seasonally and calendar adjusted data,B1G,"Value added, gross",SI,Slovenia,2024-Q4,,126.888,,,,,
dataflow,ESTAT:NAMQ_10_GDP(1.0),"Gross domestic product (GDP) and main components (output, expenditure and income)",Q,Quarterly,PD20_EUR,"Price index (implicit deflator), 2020=100, euro",SCA,Seasonally and calendar adjusted data,B1G,"Value added, gross",SI,Slovenia,2025-Q1,,128.092,,,,,
dataflow,ESTAT:NAMQ_10_GDP(1.0),"Gross domestic product (GDP) and main components (output, expenditure and income)",Q,Quarterly,PD20_EUR,"Price index (implicit deflator), 2020=100, euro",SCA,Seasonally and calendar adjusted data,B1G,"Value added, gross",SI,Slovenia,2025-Q2,,129.070,,,,,
dataflow,ESTAT:NAMQ_10_GDP(1.0),"Gross domestic product (GDP) and main components (output, expenditure and income)",Q,Quarterly,PD20_EUR,"Price index (implicit deflator), 2020=100, euro",SCA,Seasonally and calendar adjusted data,B1G,"Value added, gross",SI,Slovenia,2025-Q3,,130.223,,,,,
dataflow,ESTAT:NAMQ_10_GDP(1.0),"Gross domestic product (GDP) and main components (output, expenditure and income)",Q,Quarterly,PD20_EUR,"Price index (implicit deflator), 2020=100, euro",SCA,Seasonally and calendar adjusted data,B1G,"Value added, gross",SI,Slovenia,2025-Q4,,131.885,,,,,
dataflow,ESTAT:NAMQ_10_GDP(1.0),"Gross domestic product (GDP) and main components (output, expenditure and income)",Q,Quarterly,PD20_EUR,"Price index (implicit deflator), 2020=100, euro",SCA,Seasonally and calendar adjusted data,B1G,"Value added, gross",SK,Slovakia,2023-Q1,,118.937,,,,,
dataflow,ESTAT:NAMQ_10_GDP(1.0),"Gross domestic product (GDP) and main components (output, expenditure and income)",Q,Quarterly,PD20_EUR,"Price index (implicit deflator), 2020=100, euro",SCA,Seasonally and calendar adjusted data,B1G,"Value added, gross",SK,Slovakia,2023-Q2,,119.834,,,,,
dataflow,ESTAT:NAMQ_10_GDP(1.0),"Gross domestic product (GDP) and main components (output, expenditure and income)",Q,Quarterly,PD20_EUR,"Price index (implicit deflator), 2020=100, euro",SCA,Seasonally and calendar adjusted data,B1G,"Value added, gross",SK,Slovakia,2023-Q3,,122.570,,,,,
dataflow,ESTAT:NAMQ_10_GDP(1.0),"Gross domestic product (GDP) and main components (output, expenditure and income)",Q,Quarterly,PD20_EUR,"Price index (implicit deflator), 2020=100, euro",SCA,Seasonally and calendar adjusted data,B1G,"Value added, gross",SK,Slovakia,2023-Q4,,124.060,,,,,
dataflow,ESTAT:NAMQ_10_GDP(1.0),"Gross domestic product (GDP) and main components (output, expenditure and income)",Q,Quarterly,PD20_EUR,"Price index (implicit deflator), 2020=100, euro",SCA,Seasonally and calendar adjusted data,B1G,"Value added, gross",SK,Slovakia,2024-Q1,,124.732,,,,,
dataflow,ESTAT:NAMQ_10_GDP(1.0),"Gross domestic product (GDP) and main components (output, expenditure and income)",Q,Quarterly,PD20_EUR,"Price index (implicit deflator), 2020=100, euro",SCA,Seasonally and calendar adjusted data,B1G,"Value added, gross",SK,Slovakia,2024-Q2,,124.566,,,,,
dataflow,ESTAT:NAMQ_10_GDP(1.0),"Gross domestic product (GDP) and main components (output, expenditure and income)",Q,Quarterly,PD20_EUR,"Price index (implicit deflator), 2020=100, euro",SCA,Seasonally and calendar adjusted data,B1G,"Value added, gross",SK,Slovakia,2024-Q3,,124.794,,,,,
dataflow,ESTAT:NAMQ_10_GDP(1.0),"Gross domestic product (GDP) and main components (output, expenditure and income)",Q,Quarterly,PD20_EUR,"Price index (implicit deflator), 2020=100, euro",SCA,Seasonally and calendar adjusted data,B1G,"Value added, gross",SK,Slovakia,2024-Q4,,126.798,,,,,
dataflow,ESTAT:NAMQ_10_GDP(1.0),"Gross domestic product (GDP) and main components (output, expenditure and income)",Q,Quarterly,PD20_EUR,"Price index (implicit deflator), 2020=100, euro",SCA,Seasonally and calendar adjusted data,B1G,"Value added, gross",SK,Slovakia,2025-Q1,,126.201,,,,,
dataflow,ESTAT:NAMQ_10_GDP(1.0),"Gross domestic product (GDP) and main components (output, expenditure and income)",Q,Quarterly,PD20_EUR,"Price index (implicit deflator), 2020=100, euro",SCA,Seasonally and calendar adjusted data,B1G,"Value added, gross",SK,Slovakia,2025-Q2,,129.497,,,,,
dataflow,ESTAT:NAMQ_10_GDP(1.0),"Gross domestic product (GDP) and main components (output, expenditure and income)",Q,Quarterly,PD20_EUR,"Price index (implicit deflator), 2020=100, euro",SCA,Seasonally and calendar adjusted data,B1G,"Value added, gross",SK,Slovakia,2025-Q3,,130.593,,,,,
dataflow,ESTAT:NAMQ_10_GDP(1.0),"Gross domestic product (GDP) and main components (output, expenditure and income)",Q,Quarterly,PD20_EUR,"Price index (implicit deflator), 2020=100, euro",SCA,Seasonally and calendar adjusted data,B1G,"Value added, gross",SK,Slovakia,2025-Q4,,132.464,,,,,
