"STATISTIC","Statistic Label","TLIST(Q1)","Quarter","C02937V03552","Sector","UNIT","VALUE"
"NAQ06C01","GVA at Current Basic Prices","19951","1995Q1","-","All sectors","Euro Million","11982"
"NAQ06C01","GVA at Current Basic Prices","19951","1995Q1","1","Foreign-owned multinational enterprise dominated","Euro Million","2253"
"NAQ06C01","GVA at Current Basic Prices","19951","1995Q1","2","Other sectors excluding the foreign-owned multinational enterprise dominated sector","Euro Million","9729"
"NAQ06C01","GVA at Current Basic Prices","19952","1995Q2","-","All sectors","Euro Million","12727"
"NAQ06C01","GVA at Current Basic Prices","19952","1995Q2","1","Foreign-owned multinational enterprise dominated","Euro Million","2332"
"NAQ06C01","GVA at Current Basic Prices","19952","1995Q2","2","Other sectors excluding the foreign-owned multinational enterprise dominated sector","Euro Million","10396"
"NAQ06C01","GVA at Current Basic Prices","19953","1995Q3","-","All sectors","Euro Million","12305"
"NAQ06C01","GVA at Current Basic Prices","19953","1995Q3","1","Foreign-owned multinational enterprise dominated","Euro Million","2225"
"NAQ06C01","GVA at Current Basic Prices","19953","1995Q3","2","Other sectors excluding the foreign-owned multinational enterprise dominated sector","Euro Million","10080"
"NAQ06C01","GVA at Current Basic Prices","19954","1995Q4","-","All sectors","Euro Million","12437"
"NAQ06C01","GVA at Current Basic Prices","19954","1995Q4","1","Foreign-owned multinational enterprise dominated","Euro Million","2456"
"NAQ06C01","GVA at Current Basic Prices","19954","1995Q4","2","Other sectors excluding the foreign-owned multinational enterprise dominated sector","Euro Million","9981"
"NAQ06C01","GVA at Current Basic Prices","19961","1996Q1","-","All sectors","Euro Million","13135"
"NAQ06C01","GVA at Current Basic Prices","19961","1996Q1","1","Foreign-owned multinational enterprise dominated","Euro Million","2591"
"NAQ06C01","GVA at Current Basic Prices","19961","1996Q1","2","Other sectors excluding the foreign-owned multinational enterprise dominated sector","Euro Million","10544"
"NAQ06C01","GVA at Current Basic Prices","19962","1996Q2","-","All sectors","Euro Million","13709"
"NAQ06C01","GVA at Current Basic Prices","19962","1996Q2","1","Foreign-owned multinational enterprise dominated","Euro Million","2573"
"NAQ06C01","GVA at Current Basic Prices","19962","1996Q2","2","Other sectors excluding the foreign-owned multinational enterprise dominated sector","Euro Million","11137"
"NAQ06C01","GVA at Current Basic Prices","19963","1996Q3","-","All sectors","Euro Million","13113"
"NAQ06C01","GVA at Current Basic Prices","19963","1996Q3","1","Foreign-owned multinational enterprise dominated","Euro Million","2199"
"NAQ06C01","GVA at Current Basic Prices","19963","1996Q3","2","Other sectors excluding the foreign-owned multinational enterprise dominated sector","Euro Million","10914"
"NAQ06C01","GVA at Current Basic Prices","19964","1996Q4","-","All sectors","Euro Million","13559"
"NAQ06C01","GVA at Current Basic Prices","19964","1996Q4","1","Foreign-owned multinational enterprise dominated","Euro Million","2717"
"NAQ06C01","GVA at Current Basic Prices","19964","1996Q4","2","Other sectors excluding the foreign-owned multinational enterprise dominated sector","Euro Million","10842"
"NAQ06C01","GVA at Current Basic Prices","19971","1997Q1","-","All sectors","Euro Million","14810"
"NAQ06C01","GVA at Current Basic Prices","19971","1997Q1","1","Foreign-owned multinational enterprise dominated","Euro Million","3140"
"NAQ06C01","GVA at Current Basic Prices","19971","1997Q1","2","Other sectors excluding the foreign-owned multinational enterprise dominated sector","Euro Million","11670"
"NAQ06C01","GVA at Current Basic Prices","19972","1997Q2","-","All sectors","Euro Million","15679"
"NAQ06C01","GVA at Current Basic Prices","19972","1997Q2","1","Foreign-owned multinational enterprise dominated","Euro Million","3289"
"NAQ06C01","GVA at Current Basic Prices","19972","1997Q2","2","Other sectors excluding the foreign-owned multinational enterprise dominated sector","Euro Million","12389"
"NAQ06C01","GVA at Current Basic Prices","19973","1997Q3","-","All sectors","Euro Million","15599"
"NAQ06C01","GVA at Current Basic Prices","19973","1997Q3","1","Foreign-owned multinational enterprise dominated","Euro Million","3349"
"NAQ06C01","GVA at Current Basic Prices","19973","1997Q3","2","Other sectors excluding the foreign-owned multinational enterprise dominated sector","Euro Million","12250"
"NAQ06C01","GVA at Current Basic Prices","19974","1997Q4","-","All sectors","Euro Million","15758"
"NAQ06C01","GVA at Current Basic Prices","19974","1997Q4","1","Foreign-owned multinational enterprise dominated","Euro Million","3521"
"NAQ06C01","GVA at Current Basic Prices","19974","1997Q4","2","Other sectors excluding the foreign-owned multinational enterprise dominated sector","Euro Million","12236"
"NAQ06C01","GVA at Current Basic Prices","19981","1998Q1","-","All sectors","Euro Million","17879"
"NAQ06C01","GVA at Current Basic Prices","19981","1998Q1","1","Foreign-owned multinational enterprise dominated","Euro Million","4325"
"NAQ06C01","GVA at Current Basic Prices","19981","1998Q1","2","Other sectors excluding the foreign-owned multinational enterprise dominated sector","Euro Million","13554"
"NAQ06C01","GVA at Current Basic Prices","19982","1998Q2","-","All sectors","Euro Million","18275"
"NAQ06C01","GVA at Current Basic Prices","19982","1998Q2","1","Foreign-owned multinational enterprise dominated","Euro Million","4193"
"NAQ06C01","GVA at Current Basic Prices","19982","1998Q2","2","Other sectors excluding the foreign-owned multinational enterprise dominated sector","Euro Million","14081"
"NAQ06C01","GVA at Current Basic Prices","19983","1998Q3","-","All sectors","Euro Million","18372"
"NAQ06C01","GVA at Current Basic Prices","19983","1998Q3","1","Foreign-owned multinational enterprise dominated","Euro Million","4294"
"NAQ06C01","GVA at Current Basic Prices","19983","1998Q3","2","Other sectors excluding the foreign-owned multinational enterprise dominated sector","Euro Million","14078"
"NAQ06C01","GVA at Current Basic Prices","19984","1998Q4","-","All sectors","Euro Million","18229"
"NAQ06C01","GVA at Current Basic Prices","19984","1998Q4","1","Foreign-owned multinational enterprise dominated","Euro Million","4133"
"NAQ06C01","GVA at Current Basic Prices","19984","1998Q4","2","Other sectors excluding the foreign-owned multinational enterprise dominated sector","Euro Million","14096"
"NAQ06C01","GVA at Current Basic Prices","19991","1999Q1","-","All sectors","Euro Million","19904"
"NAQ06C01","GVA at Current Basic Prices","19991","1999Q1","1","Foreign-owned multinational enterprise dominated","Euro Million","5124"
"NAQ06C01","GVA at Current Basic Prices","19991","1999Q1","2","Other sectors excluding the foreign-owned multinational enterprise dominated sector","Euro Million","14780"
"NAQ06C01","GVA at Current Basic Prices","19992","1999Q2","-","All sectors","Euro Million","20528"
"NAQ06C01","GVA at Current Basic Prices","19992","1999Q2","1","Foreign-owned multinational enterprise dominated","Euro Million","4931"
"NAQ06C01","GVA at Current Basic Prices","19992","1999Q2","2","Other sectors excluding the foreign-owned multinational enterprise dominated sector","Euro Million","15598"
"NAQ06C01","GVA at Current Basic Prices","19993","1999Q3","-","All sectors","Euro Million","20615"
"NAQ06C01","GVA at Current Basic Prices","19993","1999Q3","1","Foreign-owned multinational enterprise dominated","Euro Million","4920"
"NAQ06C01","GVA at Current Basic Prices","19993","1999Q3","2","Other sectors excluding the foreign-owned multinational enterprise dominated sector","Euro Million","15695"
"NAQ06C01","GVA at Current Basic Prices","19994","1999Q4","-","All sectors","Euro Million","21624"
"NAQ06C01","GVA at Current Basic Prices","19994","1999Q4","1","Foreign-owned multinational enterprise dominated","Euro Million","5789"
"NAQ06C01","GVA at Current Basic Prices","19994","1999Q4","2","Other sectors excluding the foreign-owned multinational enterprise dominated sector","Euro Million","15835"
"NAQ06C01","GVA at Current Basic Prices","20001","2000Q1","-","All sectors","Euro Million","22791"
"NAQ06C01","GVA at Current Basic Prices","20001","2000Q1","1","Foreign-owned multinational enterprise dominated","Euro Million","5365"
"NAQ06C01","GVA at Current Basic Prices","20001","2000Q1","2","Other sectors excluding the foreign-owned multinational enterprise dominated sector","Euro Million","17426"
"NAQ06C01","GVA at Current Basic Prices","20002","2000Q2","-","All sectors","Euro Million","24285"
"NAQ06C01","GVA at Current Basic Prices","20002","2000Q2","1","Foreign-owned multinational enterprise dominated","Euro Million","5867"
"NAQ06C01","GVA at Current Basic Prices","20002","2000Q2","2","Other sectors excluding the foreign-owned multinational enterprise dominated sector","Euro Million","18418"
"NAQ06C01","GVA at Current Basic Prices","20003","2000Q3","-","All sectors","Euro Million","24090"
"NAQ06C01","GVA at Current Basic Prices","20003","2000Q3","1","Foreign-owned multinational enterprise dominated","Euro Million","5606"
"NAQ06C01","GVA at Current Basic Prices","20003","2000Q3","2","Other sectors excluding the foreign-owned multinational enterprise dominated sector","Euro Million","18484"
"NAQ06C01","GVA at Current Basic Prices","20004","2000Q4","-","All sectors","Euro Million","25556"
"NAQ06C01","GVA at Current Basic Prices","20004","2000Q4","1","Foreign-owned multinational enterprise dominated","Euro Million","7030"
"NAQ06C01","GVA at Current Basic Prices","20004","2000Q4","2","Other sectors excluding the foreign-owned multinational enterprise dominated sector","Euro Million","18526"
"NAQ06C01","GVA at Current Basic Prices","20011","2001Q1","-","All sectors","Euro Million","26869"
"NAQ06C01","GVA at Current Basic Prices","20011","2001Q1","1","Foreign-owned multinational enterprise dominated","Euro Million","7679"
"NAQ06C01","GVA at Current Basic Prices","20011","2001Q1","2","Other sectors excluding the foreign-owned multinational enterprise dominated sector","Euro Million","19190"
"NAQ06C01","GVA at Current Basic Prices","20012","2001Q2","-","All sectors","Euro Million","27690"
"NAQ06C01","GVA at Current Basic Prices","20012","2001Q2","1","Foreign-owned multinational enterprise dominated","Euro Million","7113"
"NAQ06C01","GVA at Current Basic Prices","20012","2001Q2","2","Other sectors excluding the foreign-owned multinational enterprise dominated sector","Euro Million","20577"
"NAQ06C01","GVA at Current Basic Prices","20013","2001Q3","-","All sectors","Euro Million","26467"
"NAQ06C01","GVA at Current Basic Prices","20013","2001Q3","1","Foreign-owned multinational enterprise dominated","Euro Million","6198"
"NAQ06C01","GVA at Current Basic Prices","20013","2001Q3","2","Other sectors excluding the foreign-owned multinational enterprise dominated sector","Euro Million","20269"
"NAQ06C01","GVA at Current Basic Prices","20014","2001Q4","-","All sectors","Euro Million","27788"
"NAQ06C01","GVA at Current Basic Prices","20014","2001Q4","1","Foreign-owned multinational enterprise dominated","Euro Million","7279"
"NAQ06C01","GVA at Current Basic Prices","20014","2001Q4","2","Other sectors excluding the foreign-owned multinational enterprise dominated sector","Euro Million","20509"
"NAQ06C01","GVA at Current Basic Prices","20021","2002Q1","-","All sectors","Euro Million","28908"
"NAQ06C01","GVA at Current Basic Prices","20021","2002Q1","1","Foreign-owned multinational enterprise dominated","Euro Million","7947"
"NAQ06C01","GVA at Current Basic Prices","20021","2002Q1","2","Other sectors excluding the foreign-owned multinational enterprise dominated sector","Euro Million","20962"
"NAQ06C01","GVA at Current Basic Prices","20022","2002Q2","-","All sectors","Euro Million","30918"
"NAQ06C01","GVA at Current Basic Prices","20022","2002Q2","1","Foreign-owned multinational enterprise dominated","Euro Million","8778"
"NAQ06C01","GVA at Current Basic Prices","20022","2002Q2","2","Other sectors excluding the foreign-owned multinational enterprise dominated sector","Euro Million","22141"
"NAQ06C01","GVA at Current Basic Prices","20023","2002Q3","-","All sectors","Euro Million","29735"
"NAQ06C01","GVA at Current Basic Prices","20023","2002Q3","1","Foreign-owned multinational enterprise dominated","Euro Million","7752"
"NAQ06C01","GVA at Current Basic Prices","20023","2002Q3","2","Other sectors excluding the foreign-owned multinational enterprise dominated sector","Euro Million","21983"
"NAQ06C01","GVA at Current Basic Prices","20024","2002Q4","-","All sectors","Euro Million","31043"
"NAQ06C01","GVA at Current Basic Prices","20024","2002Q4","1","Foreign-owned multinational enterprise dominated","Euro Million","8545"
"NAQ06C01","GVA at Current Basic Prices","20024","2002Q4","2","Other sectors excluding the foreign-owned multinational enterprise dominated sector","Euro Million","22498"
"NAQ06C01","GVA at Current Basic Prices","20031","2003Q1","-","All sectors","Euro Million","30952"
"NAQ06C01","GVA at Current Basic Prices","20031","2003Q1","1","Foreign-owned multinational enterprise dominated","Euro Million","7357"
"NAQ06C01","GVA at Current Basic Prices","20031","2003Q1","2","Other sectors excluding the foreign-owned multinational enterprise dominated sector","Euro Million","23595"
"NAQ06C01","GVA at Current Basic Prices","20032","2003Q2","-","All sectors","Euro Million","32738"
"NAQ06C01","GVA at Current Basic Prices","20032","2003Q2","1","Foreign-owned multinational enterprise dominated","Euro Million","7984"
"NAQ06C01","GVA at Current Basic Prices","20032","2003Q2","2","Other sectors excluding the foreign-owned multinational enterprise dominated sector","Euro Million","24754"
"NAQ06C01","GVA at Current Basic Prices","20033","2003Q3","-","All sectors","Euro Million","31350"
"NAQ06C01","GVA at Current Basic Prices","20033","2003Q3","1","Foreign-owned multinational enterprise dominated","Euro Million","6274"
"NAQ06C01","GVA at Current Basic Prices","20033","2003Q3","2","Other sectors excluding the foreign-owned multinational enterprise dominated sector","Euro Million","25076"
"NAQ06C01","GVA at Current Basic Prices","20034","2003Q4","-","All sectors","Euro Million","33948"
"NAQ06C01","GVA at Current Basic Prices","20034","2003Q4","1","Foreign-owned multinational enterprise dominated","Euro Million","8530"
"NAQ06C01","GVA at Current Basic Prices","20034","2003Q4","2","Other sectors excluding the foreign-owned multinational enterprise dominated sector","Euro Million","25417"
"NAQ06C01","GVA at Current Basic Prices","20041","2004Q1","-","All sectors","Euro Million","33778"
"NAQ06C01","GVA at Current Basic Prices","20041","2004Q1","1","Foreign-owned multinational enterprise dominated","Euro Million","7667"
"NAQ06C01","GVA at Current Basic Prices","20041","2004Q1","2","Other sectors excluding the foreign-owned multinational enterprise dominated sector","Euro Million","26111"
"NAQ06C01","GVA at Current Basic Prices","20042","2004Q2","-","All sectors","Euro Million","35276"
"NAQ06C01","GVA at Current Basic Prices","20042","2004Q2","1","Foreign-owned multinational enterprise dominated","Euro Million","8051"
"NAQ06C01","GVA at Current Basic Prices","20042","2004Q2","2","Other sectors excluding the foreign-owned multinational enterprise dominated sector","Euro Million","27224"
"NAQ06C01","GVA at Current Basic Prices","20043","2004Q3","-","All sectors","Euro Million","33109"
"NAQ06C01","GVA at Current Basic Prices","20043","2004Q3","1","Foreign-owned multinational enterprise dominated","Euro Million","6479"
"NAQ06C01","GVA at Current Basic Prices","20043","2004Q3","2","Other sectors excluding the foreign-owned multinational enterprise dominated sector","Euro Million","26631"
"NAQ06C01","GVA at Current Basic Prices","20044","2004Q4","-","All sectors","Euro Million","35266"
"NAQ06C01","GVA at Current Basic Prices","20044","2004Q4","1","Foreign-owned multinational enterprise dominated","Euro Million","8008"
"NAQ06C01","GVA at Current Basic Prices","20044","2004Q4","2","Other sectors excluding the foreign-owned multinational enterprise dominated sector","Euro Million","27258"
"NAQ06C01","GVA at Current Basic Prices","20051","2005Q1","-","All sectors","Euro Million","36517"
"NAQ06C01","GVA at Current Basic Prices","20051","2005Q1","1","Foreign-owned multinational enterprise dominated","Euro Million","8048"
"NAQ06C01","GVA at Current Basic Prices","20051","2005Q1","2","Other sectors excluding the foreign-owned multinational enterprise dominated sector","Euro Million","28469"
"NAQ06C01","GVA at Current Basic Prices","20052","2005Q2","-","All sectors","Euro Million","38074"
"NAQ06C01","GVA at Current Basic Prices","20052","2005Q2","1","Foreign-owned multinational enterprise dominated","Euro Million","8010"
"NAQ06C01","GVA at Current Basic Prices","20052","2005Q2","2","Other sectors excluding the foreign-owned multinational enterprise dominated sector","Euro Million","30064"
"NAQ06C01","GVA at Current Basic Prices","20053","2005Q3","-","All sectors","Euro Million","36432"
"NAQ06C01","GVA at Current Basic Prices","20053","2005Q3","1","Foreign-owned multinational enterprise dominated","Euro Million","6741"
"NAQ06C01","GVA at Current Basic Prices","20053","2005Q3","2","Other sectors excluding the foreign-owned multinational enterprise dominated sector","Euro Million","29691"
"NAQ06C01","GVA at Current Basic Prices","20054","2005Q4","-","All sectors","Euro Million","38500"
"NAQ06C01","GVA at Current Basic Prices","20054","2005Q4","1","Foreign-owned multinational enterprise dominated","Euro Million","7966"
"NAQ06C01","GVA at Current Basic Prices","20054","2005Q4","2","Other sectors excluding the foreign-owned multinational enterprise dominated sector","Euro Million","30534"
"NAQ06C01","GVA at Current Basic Prices","20061","2006Q1","-","All sectors","Euro Million","39733"
"NAQ06C01","GVA at Current Basic Prices","20061","2006Q1","1","Foreign-owned multinational enterprise dominated","Euro Million","7453"
"NAQ06C01","GVA at Current Basic Prices","20061","2006Q1","2","Other sectors excluding the foreign-owned multinational enterprise dominated sector","Euro Million","32279"
"NAQ06C01","GVA at Current Basic Prices","20062","2006Q2","-","All sectors","Euro Million","41429"
"NAQ06C01","GVA at Current Basic Prices","20062","2006Q2","1","Foreign-owned multinational enterprise dominated","Euro Million","8500"
"NAQ06C01","GVA at Current Basic Prices","20062","2006Q2","2","Other sectors excluding the foreign-owned multinational enterprise dominated sector","Euro Million","32929"
"NAQ06C01","GVA at Current Basic Prices","20063","2006Q3","-","All sectors","Euro Million","39616"
"NAQ06C01","GVA at Current Basic Prices","20063","2006Q3","1","Foreign-owned multinational enterprise dominated","Euro Million","7358"
"NAQ06C01","GVA at Current Basic Prices","20063","2006Q3","2","Other sectors excluding the foreign-owned multinational enterprise dominated sector","Euro Million","32258"
"NAQ06C01","GVA at Current Basic Prices","20064","2006Q4","-","All sectors","Euro Million","41800"
"NAQ06C01","GVA at Current Basic Prices","20064","2006Q4","1","Foreign-owned multinational enterprise dominated","Euro Million","7578"
"NAQ06C01","GVA at Current Basic Prices","20064","2006Q4","2","Other sectors excluding the foreign-owned multinational enterprise dominated sector","Euro Million","34222"
"NAQ06C01","GVA at Current Basic Prices","20071","2007Q1","-","All sectors","Euro Million","43362"
"NAQ06C01","GVA at Current Basic Prices","20071","2007Q1","1","Foreign-owned multinational enterprise dominated","Euro Million","8892"
"NAQ06C01","GVA at Current Basic Prices","20071","2007Q1","2","Other sectors excluding the foreign-owned multinational enterprise dominated sector","Euro Million","34470"
"NAQ06C01","GVA at Current Basic Prices","20072","2007Q2","-","All sectors","Euro Million","44364"
"NAQ06C01","GVA at Current Basic Prices","20072","2007Q2","1","Foreign-owned multinational enterprise dominated","Euro Million","8254"
"NAQ06C01","GVA at Current Basic Prices","20072","2007Q2","2","Other sectors excluding the foreign-owned multinational enterprise dominated sector","Euro Million","36110"
"NAQ06C01","GVA at Current Basic Prices","20073","2007Q3","-","All sectors","Euro Million","42894"
"NAQ06C01","GVA at Current Basic Prices","20073","2007Q3","1","Foreign-owned multinational enterprise dominated","Euro Million","7208"
"NAQ06C01","GVA at Current Basic Prices","20073","2007Q3","2","Other sectors excluding the foreign-owned multinational enterprise dominated sector","Euro Million","35686"
"NAQ06C01","GVA at Current Basic Prices","20074","2007Q4","-","All sectors","Euro Million","44445"
"NAQ06C01","GVA at Current Basic Prices","20074","2007Q4","1","Foreign-owned multinational enterprise dominated","Euro Million","8400"
"NAQ06C01","GVA at Current Basic Prices","20074","2007Q4","2","Other sectors excluding the foreign-owned multinational enterprise dominated sector","Euro Million","36046"
"NAQ06C01","GVA at Current Basic Prices","20081","2008Q1","-","All sectors","Euro Million","42639"
"NAQ06C01","GVA at Current Basic Prices","20081","2008Q1","1","Foreign-owned multinational enterprise dominated","Euro Million","8710"
"NAQ06C01","GVA at Current Basic Prices","20081","2008Q1","2","Other sectors excluding the foreign-owned multinational enterprise dominated sector","Euro Million","33929"
"NAQ06C01","GVA at Current Basic Prices","20082","2008Q2","-","All sectors","Euro Million","43189"
"NAQ06C01","GVA at Current Basic Prices","20082","2008Q2","1","Foreign-owned multinational enterprise dominated","Euro Million","8899"
"NAQ06C01","GVA at Current Basic Prices","20082","2008Q2","2","Other sectors excluding the foreign-owned multinational enterprise dominated sector","Euro Million","34290"
"NAQ06C01","GVA at Current Basic Prices","20083","2008Q3","-","All sectors","Euro Million","41480"
"NAQ06C01","GVA at Current Basic Prices","20083","2008Q3","1","Foreign-owned multinational enterprise dominated","Euro Million","8276"
"NAQ06C01","GVA at Current Basic Prices","20083","2008Q3","2","Other sectors excluding the foreign-owned multinational enterprise dominated sector","Euro Million","33204"
"NAQ06C01","GVA at Current Basic Prices","20084","2008Q4","-","All sectors","Euro Million","40028"
"NAQ06C01","GVA at Current Basic Prices","20084","2008Q4","1","Foreign-owned multinational enterprise dominated","Euro Million","7051"
"NAQ06C01","GVA at Current Basic Prices","20084","2008Q4","2","Other sectors excluding the foreign-owned multinational enterprise dominated sector","Euro Million","32977"
"NAQ06C01","GVA at Current Basic Prices","20091","2009Q1","-","All sectors","Euro Million","38746"
"NAQ06C01","GVA at Current Basic Prices","20091","2009Q1","1","Foreign-owned multinational enterprise dominated","Euro Million","9928"
"NAQ06C01","GVA at Current Basic Prices","20091","2009Q1","2","Other sectors excluding the foreign-owned multinational enterprise dominated sector","Euro Million","28818"
"NAQ06C01","GVA at Current Basic Prices","20092","2009Q2","-","All sectors","Euro Million","39215"
"NAQ06C01","GVA at Current Basic Prices","20092","2009Q2","1","Foreign-owned multinational enterprise dominated","Euro Million","9958"
"NAQ06C01","GVA at Current Basic Prices","20092","2009Q2","2","Other sectors excluding the foreign-owned multinational enterprise dominated sector","Euro Million","29257"
"NAQ06C01","GVA at Current Basic Prices","20093","2009Q3","-","All sectors","Euro Million","37390"
"NAQ06C01","GVA at Current Basic Prices","20093","2009Q3","1","Foreign-owned multinational enterprise dominated","Euro Million","8551"
"NAQ06C01","GVA at Current Basic Prices","20093","2009Q3","2","Other sectors excluding the foreign-owned multinational enterprise dominated sector","Euro Million","28839"
"NAQ06C01","GVA at Current Basic Prices","20094","2009Q4","-","All sectors","Euro Million","36985"
"NAQ06C01","GVA at Current Basic Prices","20094","2009Q4","1","Foreign-owned multinational enterprise dominated","Euro Million","8171"
"NAQ06C01","GVA at Current Basic Prices","20094","2009Q4","2","Other sectors excluding the foreign-owned multinational enterprise dominated sector","Euro Million","28814"
"NAQ06C01","GVA at Current Basic Prices","20101","2010Q1","-","All sectors","Euro Million","37866"
"NAQ06C01","GVA at Current Basic Prices","20101","2010Q1","1","Foreign-owned multinational enterprise dominated","Euro Million","9469"
"NAQ06C01","GVA at Current Basic Prices","20101","2010Q1","2","Other sectors excluding the foreign-owned multinational enterprise dominated sector","Euro Million","28397"
"NAQ06C01","GVA at Current Basic Prices","20102","2010Q2","-","All sectors","Euro Million","38012"
"NAQ06C01","GVA at Current Basic Prices","20102","2010Q2","1","Foreign-owned multinational enterprise dominated","Euro Million","8961"
"NAQ06C01","GVA at Current Basic Prices","20102","2010Q2","2","Other sectors excluding the foreign-owned multinational enterprise dominated sector","Euro Million","29051"
"NAQ06C01","GVA at Current Basic Prices","20103","2010Q3","-","All sectors","Euro Million","37611"
"NAQ06C01","GVA at Current Basic Prices","20103","2010Q3","1","Foreign-owned multinational enterprise dominated","Euro Million","8646"
"NAQ06C01","GVA at Current Basic Prices","20103","2010Q3","2","Other sectors excluding the foreign-owned multinational enterprise dominated sector","Euro Million","28965"
"NAQ06C01","GVA at Current Basic Prices","20104","2010Q4","-","All sectors","Euro Million","38835"
"NAQ06C01","GVA at Current Basic Prices","20104","2010Q4","1","Foreign-owned multinational enterprise dominated","Euro Million","9229"
"NAQ06C01","GVA at Current Basic Prices","20104","2010Q4","2","Other sectors excluding the foreign-owned multinational enterprise dominated sector","Euro Million","29606"
"NAQ06C01","GVA at Current Basic Prices","20111","2011Q1","-","All sectors","Euro Million","38731"
"NAQ06C01","GVA at Current Basic Prices","20111","2011Q1","1","Foreign-owned multinational enterprise dominated","Euro Million","9832"
"NAQ06C01","GVA at Current Basic Prices","20111","2011Q1","2","Other sectors excluding the foreign-owned multinational enterprise dominated sector","Euro Million","28899"
"NAQ06C01","GVA at Current Basic Prices","20112","2011Q2","-","All sectors","Euro Million","40379"
"NAQ06C01","GVA at Current Basic Prices","20112","2011Q2","1","Foreign-owned multinational enterprise dominated","Euro Million","10456"
"NAQ06C01","GVA at Current Basic Prices","20112","2011Q2","2","Other sectors excluding the foreign-owned multinational enterprise dominated sector","Euro Million","29923"
"NAQ06C01","GVA at Current Basic Prices","20113","2011Q3","-","All sectors","Euro Million","39122"
"NAQ06C01","GVA at Current Basic Prices","20113","2011Q3","1","Foreign-owned multinational enterprise dominated","Euro Million","9232"
"NAQ06C01","GVA at Current Basic Prices","20113","2011Q3","2","Other sectors excluding the foreign-owned multinational enterprise dominated sector","Euro Million","29889"
"NAQ06C01","GVA at Current Basic Prices","20114","2011Q4","-","All sectors","Euro Million","40046"
"NAQ06C01","GVA at Current Basic Prices","20114","2011Q4","1","Foreign-owned multinational enterprise dominated","Euro Million","9700"
"NAQ06C01","GVA at Current Basic Prices","20114","2011Q4","2","Other sectors excluding the foreign-owned multinational enterprise dominated sector","Euro Million","30347"
"NAQ06C01","GVA at Current Basic Prices","20121","2012Q1","-","All sectors","Euro Million","40424"
"NAQ06C01","GVA at Current Basic Prices","20121","2012Q1","1","Foreign-owned multinational enterprise dominated","Euro Million","10697"
"NAQ06C01","GVA at Current Basic Prices","20121","2012Q1","2","Other sectors excluding the foreign-owned multinational enterprise dominated sector","Euro Million","29727"
"NAQ06C01","GVA at Current Basic Prices","20122","2012Q2","-","All sectors","Euro Million","40725"
"NAQ06C01","GVA at Current Basic Prices","20122","2012Q2","1","Foreign-owned multinational enterprise dominated","Euro Million","10369"
"NAQ06C01","GVA at Current Basic Prices","20122","2012Q2","2","Other sectors excluding the foreign-owned multinational enterprise dominated sector","Euro Million","30356"
"NAQ06C01","GVA at Current Basic Prices","20123","2012Q3","-","All sectors","Euro Million","39697"
"NAQ06C01","GVA at Current Basic Prices","20123","2012Q3","1","Foreign-owned multinational enterprise dominated","Euro Million","9150"
"NAQ06C01","GVA at Current Basic Prices","20123","2012Q3","2","Other sectors excluding the foreign-owned multinational enterprise dominated sector","Euro Million","30547"
"NAQ06C01","GVA at Current Basic Prices","20124","2012Q4","-","All sectors","Euro Million","40614"
"NAQ06C01","GVA at Current Basic Prices","20124","2012Q4","1","Foreign-owned multinational enterprise dominated","Euro Million","9081"
"NAQ06C01","GVA at Current Basic Prices","20124","2012Q4","2","Other sectors excluding the foreign-owned multinational enterprise dominated sector","Euro Million","31533"
"NAQ06C01","GVA at Current Basic Prices","20131","2013Q1","-","All sectors","Euro Million","40703"
"NAQ06C01","GVA at Current Basic Prices","20131","2013Q1","1","Foreign-owned multinational enterprise dominated","Euro Million","10016"
"NAQ06C01","GVA at Current Basic Prices","20131","2013Q1","2","Other sectors excluding the foreign-owned multinational enterprise dominated sector","Euro Million","30687"
"NAQ06C01","GVA at Current Basic Prices","20132","2013Q2","-","All sectors","Euro Million","42307"
"NAQ06C01","GVA at Current Basic Prices","20132","2013Q2","1","Foreign-owned multinational enterprise dominated","Euro Million","10171"
"NAQ06C01","GVA at Current Basic Prices","20132","2013Q2","2","Other sectors excluding the foreign-owned multinational enterprise dominated sector","Euro Million","32136"
"NAQ06C01","GVA at Current Basic Prices","20133","2013Q3","-","All sectors","Euro Million","42532"
"NAQ06C01","GVA at Current Basic Prices","20133","2013Q3","1","Foreign-owned multinational enterprise dominated","Euro Million","9515"
"NAQ06C01","GVA at Current Basic Prices","20133","2013Q3","2","Other sectors excluding the foreign-owned multinational enterprise dominated sector","Euro Million","33016"
"NAQ06C01","GVA at Current Basic Prices","20134","2013Q4","-","All sectors","Euro Million","43553"
"NAQ06C01","GVA at Current Basic Prices","20134","2013Q4","1","Foreign-owned multinational enterprise dominated","Euro Million","9856"
"NAQ06C01","GVA at Current Basic Prices","20134","2013Q4","2","Other sectors excluding the foreign-owned multinational enterprise dominated sector","Euro Million","33697"
"NAQ06C01","GVA at Current Basic Prices","20141","2014Q1","-","All sectors","Euro Million","44479"
"NAQ06C01","GVA at Current Basic Prices","20141","2014Q1","1","Foreign-owned multinational enterprise dominated","Euro Million","10948"
"NAQ06C01","GVA at Current Basic Prices","20141","2014Q1","2","Other sectors excluding the foreign-owned multinational enterprise dominated sector","Euro Million","33532"
"NAQ06C01","GVA at Current Basic Prices","20142","2014Q2","-","All sectors","Euro Million","47276"
"NAQ06C01","GVA at Current Basic Prices","20142","2014Q2","1","Foreign-owned multinational enterprise dominated","Euro Million","12260"
"NAQ06C01","GVA at Current Basic Prices","20142","2014Q2","2","Other sectors excluding the foreign-owned multinational enterprise dominated sector","Euro Million","35016"
"NAQ06C01","GVA at Current Basic Prices","20143","2014Q3","-","All sectors","Euro Million","46516"
"NAQ06C01","GVA at Current Basic Prices","20143","2014Q3","1","Foreign-owned multinational enterprise dominated","Euro Million","10262"
"NAQ06C01","GVA at Current Basic Prices","20143","2014Q3","2","Other sectors excluding the foreign-owned multinational enterprise dominated sector","Euro Million","36254"
"NAQ06C01","GVA at Current Basic Prices","20144","2014Q4","-","All sectors","Euro Million","47897"
"NAQ06C01","GVA at Current Basic Prices","20144","2014Q4","1","Foreign-owned multinational enterprise dominated","Euro Million","11181"
"NAQ06C01","GVA at Current Basic Prices","20144","2014Q4","2","Other sectors excluding the foreign-owned multinational enterprise dominated sector","Euro Million","36716"
"NAQ06C01","GVA at Current Basic Prices","20151","2015Q1","-","All sectors","Euro Million","61540"
"NAQ06C01","GVA at Current Basic Prices","20151","2015Q1","1","Foreign-owned multinational enterprise dominated","Euro Million","25365"
"NAQ06C01","GVA at Current Basic Prices","20151","2015Q1","2","Other sectors excluding the foreign-owned multinational enterprise dominated sector","Euro Million","36175"
"NAQ06C01","GVA at Current Basic Prices","20152","2015Q2","-","All sectors","Euro Million","62271"
"NAQ06C01","GVA at Current Basic Prices","20152","2015Q2","1","Foreign-owned multinational enterprise dominated","Euro Million","24981"
"NAQ06C01","GVA at Current Basic Prices","20152","2015Q2","2","Other sectors excluding the foreign-owned multinational enterprise dominated sector","Euro Million","37290"
"NAQ06C01","GVA at Current Basic Prices","20153","2015Q3","-","All sectors","Euro Million","63394"
"NAQ06C01","GVA at Current Basic Prices","20153","2015Q3","1","Foreign-owned multinational enterprise dominated","Euro Million","24744"
"NAQ06C01","GVA at Current Basic Prices","20153","2015Q3","2","Other sectors excluding the foreign-owned multinational enterprise dominated sector","Euro Million","38650"
"NAQ06C01","GVA at Current Basic Prices","20154","2015Q4","-","All sectors","Euro Million","67458"
"NAQ06C01","GVA at Current Basic Prices","20154","2015Q4","1","Foreign-owned multinational enterprise dominated","Euro Million","28360"
"NAQ06C01","GVA at Current Basic Prices","20154","2015Q4","2","Other sectors excluding the foreign-owned multinational enterprise dominated sector","Euro Million","39098"
"NAQ06C01","GVA at Current Basic Prices","20161","2016Q1","-","All sectors","Euro Million","61699"
"NAQ06C01","GVA at Current Basic Prices","20161","2016Q1","1","Foreign-owned multinational enterprise dominated","Euro Million","23721"
"NAQ06C01","GVA at Current Basic Prices","20161","2016Q1","2","Other sectors excluding the foreign-owned multinational enterprise dominated sector","Euro Million","37979"
"NAQ06C01","GVA at Current Basic Prices","20162","2016Q2","-","All sectors","Euro Million","61756"
"NAQ06C01","GVA at Current Basic Prices","20162","2016Q2","1","Foreign-owned multinational enterprise dominated","Euro Million","22577"
"NAQ06C01","GVA at Current Basic Prices","20162","2016Q2","2","Other sectors excluding the foreign-owned multinational enterprise dominated sector","Euro Million","39178"
"NAQ06C01","GVA at Current Basic Prices","20163","2016Q3","-","All sectors","Euro Million","63470"
"NAQ06C01","GVA at Current Basic Prices","20163","2016Q3","1","Foreign-owned multinational enterprise dominated","Euro Million","23505"
"NAQ06C01","GVA at Current Basic Prices","20163","2016Q3","2","Other sectors excluding the foreign-owned multinational enterprise dominated sector","Euro Million","39965"
"NAQ06C01","GVA at Current Basic Prices","20164","2016Q4","-","All sectors","Euro Million","70141"
"NAQ06C01","GVA at Current Basic Prices","20164","2016Q4","1","Foreign-owned multinational enterprise dominated","Euro Million","30132"
"NAQ06C01","GVA at Current Basic Prices","20164","2016Q4","2","Other sectors excluding the foreign-owned multinational enterprise dominated sector","Euro Million","40009"
"NAQ06C01","GVA at Current Basic Prices","20171","2017Q1","-","All sectors","Euro Million","68027"
"NAQ06C01","GVA at Current Basic Prices","20171","2017Q1","1","Foreign-owned multinational enterprise dominated","Euro Million","26939"
"NAQ06C01","GVA at Current Basic Prices","20171","2017Q1","2","Other sectors excluding the foreign-owned multinational enterprise dominated sector","Euro Million","41088"
"NAQ06C01","GVA at Current Basic Prices","20172","2017Q2","-","All sectors","Euro Million","67269"
"NAQ06C01","GVA at Current Basic Prices","20172","2017Q2","1","Foreign-owned multinational enterprise dominated","Euro Million","25032"
"NAQ06C01","GVA at Current Basic Prices","20172","2017Q2","2","Other sectors excluding the foreign-owned multinational enterprise dominated sector","Euro Million","42237"
"NAQ06C01","GVA at Current Basic Prices","20173","2017Q3","-","All sectors","Euro Million","72073"
"NAQ06C01","GVA at Current Basic Prices","20173","2017Q3","1","Foreign-owned multinational enterprise dominated","Euro Million","28658"
"NAQ06C01","GVA at Current Basic Prices","20173","2017Q3","2","Other sectors excluding the foreign-owned multinational enterprise dominated sector","Euro Million","43415"
"NAQ06C01","GVA at Current Basic Prices","20174","2017Q4","-","All sectors","Euro Million","79344"
"NAQ06C01","GVA at Current Basic Prices","20174","2017Q4","1","Foreign-owned multinational enterprise dominated","Euro Million","35111"
"NAQ06C01","GVA at Current Basic Prices","20174","2017Q4","2","Other sectors excluding the foreign-owned multinational enterprise dominated sector","Euro Million","44234"
"NAQ06C01","GVA at Current Basic Prices","20181","2018Q1","-","All sectors","Euro Million","74904"
"NAQ06C01","GVA at Current Basic Prices","20181","2018Q1","1","Foreign-owned multinational enterprise dominated","Euro Million","32175"
"NAQ06C01","GVA at Current Basic Prices","20181","2018Q1","2","Other sectors excluding the foreign-owned multinational enterprise dominated sector","Euro Million","42729"
"NAQ06C01","GVA at Current Basic Prices","20182","2018Q2","-","All sectors","Euro Million","75572"
"NAQ06C01","GVA at Current Basic Prices","20182","2018Q2","1","Foreign-owned multinational enterprise dominated","Euro Million","30715"
"NAQ06C01","GVA at Current Basic Prices","20182","2018Q2","2","Other sectors excluding the foreign-owned multinational enterprise dominated sector","Euro Million","44857"
"NAQ06C01","GVA at Current Basic Prices","20183","2018Q3","-","All sectors","Euro Million","80337"
"NAQ06C01","GVA at Current Basic Prices","20183","2018Q3","1","Foreign-owned multinational enterprise dominated","Euro Million","34191"
"NAQ06C01","GVA at Current Basic Prices","20183","2018Q3","2","Other sectors excluding the foreign-owned multinational enterprise dominated sector","Euro Million","46146"
"NAQ06C01","GVA at Current Basic Prices","20184","2018Q4","-","All sectors","Euro Million","84255"
"NAQ06C01","GVA at Current Basic Prices","20184","2018Q4","1","Foreign-owned multinational enterprise dominated","Euro Million","36685"
"NAQ06C01","GVA at Current Basic Prices","20184","2018Q4","2","Other sectors excluding the foreign-owned multinational enterprise dominated sector","Euro Million","47570"
"NAQ06C01","GVA at Current Basic Prices","20191","2019Q1","-","All sectors","Euro Million","81458"
"NAQ06C01","GVA at Current Basic Prices","20191","2019Q1","1","Foreign-owned multinational enterprise dominated","Euro Million","35748"
"NAQ06C01","GVA at Current Basic Prices","20191","2019Q1","2","Other sectors excluding the foreign-owned multinational enterprise dominated sector","Euro Million","45710"
"NAQ06C01","GVA at Current Basic Prices","20192","2019Q2","-","All sectors","Euro Million","82309"
"NAQ06C01","GVA at Current Basic Prices","20192","2019Q2","1","Foreign-owned multinational enterprise dominated","Euro Million","35626"
"NAQ06C01","GVA at Current Basic Prices","20192","2019Q2","2","Other sectors excluding the foreign-owned multinational enterprise dominated sector","Euro Million","46683"
"NAQ06C01","GVA at Current Basic Prices","20193","2019Q3","-","All sectors","Euro Million","86721"
"NAQ06C01","GVA at Current Basic Prices","20193","2019Q3","1","Foreign-owned multinational enterprise dominated","Euro Million","38305"
"NAQ06C01","GVA at Current Basic Prices","20193","2019Q3","2","Other sectors excluding the foreign-owned multinational enterprise dominated sector","Euro Million","48416"
"NAQ06C01","GVA at Current Basic Prices","20194","2019Q4","-","All sectors","Euro Million","92562"
"NAQ06C01","GVA at Current Basic Prices","20194","2019Q4","1","Foreign-owned multinational enterprise dominated","Euro Million","42278"
"NAQ06C01","GVA at Current Basic Prices","20194","2019Q4","2","Other sectors excluding the foreign-owned multinational enterprise dominated sector","Euro Million","50284"
"NAQ06C01","GVA at Current Basic Prices","20201","2020Q1","-","All sectors","Euro Million","91159"
"NAQ06C01","GVA at Current Basic Prices","20201","2020Q1","1","Foreign-owned multinational enterprise dominated","Euro Million","43628"
"NAQ06C01","GVA at Current Basic Prices","20201","2020Q1","2","Other sectors excluding the foreign-owned multinational enterprise dominated sector","Euro Million","47531"
"NAQ06C01","GVA at Current Basic Prices","20202","2020Q2","-","All sectors","Euro Million","81676"
"NAQ06C01","GVA at Current Basic Prices","20202","2020Q2","1","Foreign-owned multinational enterprise dominated","Euro Million","40592"
"NAQ06C01","GVA at Current Basic Prices","20202","2020Q2","2","Other sectors excluding the foreign-owned multinational enterprise dominated sector","Euro Million","41083"
"NAQ06C01","GVA at Current Basic Prices","20203","2020Q3","-","All sectors","Euro Million","93624"
"NAQ06C01","GVA at Current Basic Prices","20203","2020Q3","1","Foreign-owned multinational enterprise dominated","Euro Million","46853"
"NAQ06C01","GVA at Current Basic Prices","20203","2020Q3","2","Other sectors excluding the foreign-owned multinational enterprise dominated sector","Euro Million","46770"
"NAQ06C01","GVA at Current Basic Prices","20204","2020Q4","-","All sectors","Euro Million","92207"
"NAQ06C01","GVA at Current Basic Prices","20204","2020Q4","1","Foreign-owned multinational enterprise dominated","Euro Million","43715"
"NAQ06C01","GVA at Current Basic Prices","20204","2020Q4","2","Other sectors excluding the foreign-owned multinational enterprise dominated sector","Euro Million","48492"
"NAQ06C01","GVA at Current Basic Prices","20211","2021Q1","-","All sectors","Euro Million","100728"
"NAQ06C01","GVA at Current Basic Prices","20211","2021Q1","1","Foreign-owned multinational enterprise dominated","Euro Million","53580"
"NAQ06C01","GVA at Current Basic Prices","20211","2021Q1","2","Other sectors excluding the foreign-owned multinational enterprise dominated sector","Euro Million","47148"
"NAQ06C01","GVA at Current Basic Prices","20212","2021Q2","-","All sectors","Euro Million","100278"
"NAQ06C01","GVA at Current Basic Prices","20212","2021Q2","1","Foreign-owned multinational enterprise dominated","Euro Million","50443"
"NAQ06C01","GVA at Current Basic Prices","20212","2021Q2","2","Other sectors excluding the foreign-owned multinational enterprise dominated sector","Euro Million","49835"
"NAQ06C01","GVA at Current Basic Prices","20213","2021Q3","-","All sectors","Euro Million","110129"
"NAQ06C01","GVA at Current Basic Prices","20213","2021Q3","1","Foreign-owned multinational enterprise dominated","Euro Million","57630"
"NAQ06C01","GVA at Current Basic Prices","20213","2021Q3","2","Other sectors excluding the foreign-owned multinational enterprise dominated sector","Euro Million","52499"
"NAQ06C01","GVA at Current Basic Prices","20214","2021Q4","-","All sectors","Euro Million","111508"
"NAQ06C01","GVA at Current Basic Prices","20214","2021Q4","1","Foreign-owned multinational enterprise dominated","Euro Million","56132"
"NAQ06C01","GVA at Current Basic Prices","20214","2021Q4","2","Other sectors excluding the foreign-owned multinational enterprise dominated sector","Euro Million","55376"
"NAQ06C01","GVA at Current Basic Prices","20221","2022Q1","-","All sectors","Euro Million","115553"
"NAQ06C01","GVA at Current Basic Prices","20221","2022Q1","1","Foreign-owned multinational enterprise dominated","Euro Million","61414"
"NAQ06C01","GVA at Current Basic Prices","20221","2022Q1","2","Other sectors excluding the foreign-owned multinational enterprise dominated sector","Euro Million","54139"
"NAQ06C01","GVA at Current Basic Prices","20222","2022Q2","-","All sectors","Euro Million","118682"
"NAQ06C01","GVA at Current Basic Prices","20222","2022Q2","1","Foreign-owned multinational enterprise dominated","Euro Million","60802"
"NAQ06C01","GVA at Current Basic Prices","20222","2022Q2","2","Other sectors excluding the foreign-owned multinational enterprise dominated sector","Euro Million","57879"
"NAQ06C01","GVA at Current Basic Prices","20223","2022Q3","-","All sectors","Euro Million","131253"
"NAQ06C01","GVA at Current Basic Prices","20223","2022Q3","1","Foreign-owned multinational enterprise dominated","Euro Million","71538"
"NAQ06C01","GVA at Current Basic Prices","20223","2022Q3","2","Other sectors excluding the foreign-owned multinational enterprise dominated sector","Euro Million","59715"
"NAQ06C01","GVA at Current Basic Prices","20224","2022Q4","-","All sectors","Euro Million","131491"
"NAQ06C01","GVA at Current Basic Prices","20224","2022Q4","1","Foreign-owned multinational enterprise dominated","Euro Million","69290"
"NAQ06C01","GVA at Current Basic Prices","20224","2022Q4","2","Other sectors excluding the foreign-owned multinational enterprise dominated sector","Euro Million","62201"
"NAQ06C01","GVA at Current Basic Prices","20231","2023Q1","-","All sectors","Euro Million","122801"
"NAQ06C01","GVA at Current Basic Prices","20231","2023Q1","1","Foreign-owned multinational enterprise dominated","Euro Million","60042"
"NAQ06C01","GVA at Current Basic Prices","20231","2023Q1","2","Other sectors excluding the foreign-owned multinational enterprise dominated sector","Euro Million","62760"
"NAQ06C01","GVA at Current Basic Prices","20232","2023Q2","-","All sectors","Euro Million","124969"
"NAQ06C01","GVA at Current Basic Prices","20232","2023Q2","1","Foreign-owned multinational enterprise dominated","Euro Million","59253"
"NAQ06C01","GVA at Current Basic Prices","20232","2023Q2","2","Other sectors excluding the foreign-owned multinational enterprise dominated sector","Euro Million","65715"
"NAQ06C01","GVA at Current Basic Prices","20233","2023Q3","-","All sectors","Euro Million","127026"
"NAQ06C01","GVA at Current Basic Prices","20233","2023Q3","1","Foreign-owned multinational enterprise dominated","Euro Million","60774"
"NAQ06C01","GVA at Current Basic Prices","20233","2023Q3","2","Other sectors excluding the foreign-owned multinational enterprise dominated sector","Euro Million","66252"
"NAQ06C01","GVA at Current Basic Prices","20234","2023Q4","-","All sectors","Euro Million","124478"
"NAQ06C01","GVA at Current Basic Prices","20234","2023Q4","1","Foreign-owned multinational enterprise dominated","Euro Million","57341"
"NAQ06C01","GVA at Current Basic Prices","20234","2023Q4","2","Other sectors excluding the foreign-owned multinational enterprise dominated sector","Euro Million","67137"
"NAQ06C01","GVA at Current Basic Prices","20241","2024Q1","-","All sectors","Euro Million","126897"
"NAQ06C01","GVA at Current Basic Prices","20241","2024Q1","1","Foreign-owned multinational enterprise dominated","Euro Million","59376"
"NAQ06C01","GVA at Current Basic Prices","20241","2024Q1","2","Other sectors excluding the foreign-owned multinational enterprise dominated sector","Euro Million","67521"
"NAQ06C01","GVA at Current Basic Prices","20242","2024Q2","-","All sectors","Euro Million","130389"
"NAQ06C01","GVA at Current Basic Prices","20242","2024Q2","1","Foreign-owned multinational enterprise dominated","Euro Million","61011"
"NAQ06C01","GVA at Current Basic Prices","20242","2024Q2","2","Other sectors excluding the foreign-owned multinational enterprise dominated sector","Euro Million","69378"
"NAQ06C01","GVA at Current Basic Prices","20243","2024Q3","-","All sectors","Euro Million","136901"
"NAQ06C01","GVA at Current Basic Prices","20243","2024Q3","1","Foreign-owned multinational enterprise dominated","Euro Million","65501"
"NAQ06C01","GVA at Current Basic Prices","20243","2024Q3","2","Other sectors excluding the foreign-owned multinational enterprise dominated sector","Euro Million","71400"
"NAQ06C01","GVA at Current Basic Prices","20244","2024Q4","-","All sectors","Euro Million","141691"
"NAQ06C01","GVA at Current Basic Prices","20244","2024Q4","1","Foreign-owned multinational enterprise dominated","Euro Million","70393"
"NAQ06C01","GVA at Current Basic Prices","20244","2024Q4","2","Other sectors excluding the foreign-owned multinational enterprise dominated sector","Euro Million","71298"
"NAQ06C01","GVA at Current Basic Prices","20251","2025Q1","-","All sectors","Euro Million","159030"
"NAQ06C01","GVA at Current Basic Prices","20251","2025Q1","1","Foreign-owned multinational enterprise dominated","Euro Million","87366"
"NAQ06C01","GVA at Current Basic Prices","20251","2025Q1","2","Other sectors excluding the foreign-owned multinational enterprise dominated sector","Euro Million","71664"
"NAQ06C01","GVA at Current Basic Prices","20252","2025Q2","-","All sectors","Euro Million","152531"
"NAQ06C01","GVA at Current Basic Prices","20252","2025Q2","1","Foreign-owned multinational enterprise dominated","Euro Million","80127"
"NAQ06C01","GVA at Current Basic Prices","20252","2025Q2","2","Other sectors excluding the foreign-owned multinational enterprise dominated sector","Euro Million","72403"
"NAQ06C01","GVA at Current Basic Prices","20253","2025Q3","-","All sectors","Euro Million","148807"
"NAQ06C01","GVA at Current Basic Prices","20253","2025Q3","1","Foreign-owned multinational enterprise dominated","Euro Million","77634"
"NAQ06C01","GVA at Current Basic Prices","20253","2025Q3","2","Other sectors excluding the foreign-owned multinational enterprise dominated sector","Euro Million","71174"
"NAQ06C01","GVA at Current Basic Prices","20254","2025Q4","-","All sectors","Euro Million","149892"
"NAQ06C01","GVA at Current Basic Prices","20254","2025Q4","1","Foreign-owned multinational enterprise dominated","Euro Million","74176"
"NAQ06C01","GVA at Current Basic Prices","20254","2025Q4","2","Other sectors excluding the foreign-owned multinational enterprise dominated sector","Euro Million","75716"
"NAQ06C02","GVA at Constant Basic Prices","19951","1995Q1","-","All sectors","Euro Million","27504"
"NAQ06C02","GVA at Constant Basic Prices","19951","1995Q1","1","Foreign-owned multinational enterprise dominated","Euro Million","4032"
"NAQ06C02","GVA at Constant Basic Prices","19951","1995Q1","2","Other sectors excluding the foreign-owned multinational enterprise dominated sector","Euro Million","24622"
"NAQ06C02","GVA at Constant Basic Prices","19952","1995Q2","-","All sectors","Euro Million","29055"
"NAQ06C02","GVA at Constant Basic Prices","19952","1995Q2","1","Foreign-owned multinational enterprise dominated","Euro Million","4006"
"NAQ06C02","GVA at Constant Basic Prices","19952","1995Q2","2","Other sectors excluding the foreign-owned multinational enterprise dominated sector","Euro Million","26351"
"NAQ06C02","GVA at Constant Basic Prices","19953","1995Q3","-","All sectors","Euro Million","27934"
"NAQ06C02","GVA at Constant Basic Prices","19953","1995Q3","1","Foreign-owned multinational enterprise dominated","Euro Million","3435"
"NAQ06C02","GVA at Constant Basic Prices","19953","1995Q3","2","Other sectors excluding the foreign-owned multinational enterprise dominated sector","Euro Million","25895"
"NAQ06C02","GVA at Constant Basic Prices","19954","1995Q4","-","All sectors","Euro Million","28224"
"NAQ06C02","GVA at Constant Basic Prices","19954","1995Q4","1","Foreign-owned multinational enterprise dominated","Euro Million","4247"
"NAQ06C02","GVA at Constant Basic Prices","19954","1995Q4","2","Other sectors excluding the foreign-owned multinational enterprise dominated sector","Euro Million","25120"
"NAQ06C02","GVA at Constant Basic Prices","19961","1996Q1","-","All sectors","Euro Million","29378"
"NAQ06C02","GVA at Constant Basic Prices","19961","1996Q1","1","Foreign-owned multinational enterprise dominated","Euro Million","4377"
"NAQ06C02","GVA at Constant Basic Prices","19961","1996Q1","2","Other sectors excluding the foreign-owned multinational enterprise dominated sector","Euro Million","26163"
"NAQ06C02","GVA at Constant Basic Prices","19962","1996Q2","-","All sectors","Euro Million","30756"
"NAQ06C02","GVA at Constant Basic Prices","19962","1996Q2","1","Foreign-owned multinational enterprise dominated","Euro Million","4343"
"NAQ06C02","GVA at Constant Basic Prices","19962","1996Q2","2","Other sectors excluding the foreign-owned multinational enterprise dominated sector","Euro Million","27748"
"NAQ06C02","GVA at Constant Basic Prices","19963","1996Q3","-","All sectors","Euro Million","29172"
"NAQ06C02","GVA at Constant Basic Prices","19963","1996Q3","1","Foreign-owned multinational enterprise dominated","Euro Million","3691"
"NAQ06C02","GVA at Constant Basic Prices","19963","1996Q3","2","Other sectors excluding the foreign-owned multinational enterprise dominated sector","Euro Million","26960"
"NAQ06C02","GVA at Constant Basic Prices","19964","1996Q4","-","All sectors","Euro Million","30181"
"NAQ06C02","GVA at Constant Basic Prices","19964","1996Q4","1","Foreign-owned multinational enterprise dominated","Euro Million","4550"
"NAQ06C02","GVA at Constant Basic Prices","19964","1996Q4","2","Other sectors excluding the foreign-owned multinational enterprise dominated sector","Euro Million","26799"
"NAQ06C02","GVA at Constant Basic Prices","19971","1997Q1","-","All sectors","Euro Million","31643"
"NAQ06C02","GVA at Constant Basic Prices","19971","1997Q1","1","Foreign-owned multinational enterprise dominated","Euro Million","4994"
"NAQ06C02","GVA at Constant Basic Prices","19971","1997Q1","2","Other sectors excluding the foreign-owned multinational enterprise dominated sector","Euro Million","27773"
"NAQ06C02","GVA at Constant Basic Prices","19972","1997Q2","-","All sectors","Euro Million","33523"
"NAQ06C02","GVA at Constant Basic Prices","19972","1997Q2","1","Foreign-owned multinational enterprise dominated","Euro Million","5240"
"NAQ06C02","GVA at Constant Basic Prices","19972","1997Q2","2","Other sectors excluding the foreign-owned multinational enterprise dominated sector","Euro Million","29498"
"NAQ06C02","GVA at Constant Basic Prices","19973","1997Q3","-","All sectors","Euro Million","33269"
"NAQ06C02","GVA at Constant Basic Prices","19973","1997Q3","1","Foreign-owned multinational enterprise dominated","Euro Million","5344"
"NAQ06C02","GVA at Constant Basic Prices","19973","1997Q3","2","Other sectors excluding the foreign-owned multinational enterprise dominated sector","Euro Million","29064"
"NAQ06C02","GVA at Constant Basic Prices","19974","1997Q4","-","All sectors","Euro Million","33552"
"NAQ06C02","GVA at Constant Basic Prices","19974","1997Q4","1","Foreign-owned multinational enterprise dominated","Euro Million","5606"
"NAQ06C02","GVA at Constant Basic Prices","19974","1997Q4","2","Other sectors excluding the foreign-owned multinational enterprise dominated sector","Euro Million","28992"
"NAQ06C02","GVA at Constant Basic Prices","19981","1998Q1","-","All sectors","Euro Million","35324"
"NAQ06C02","GVA at Constant Basic Prices","19981","1998Q1","1","Foreign-owned multinational enterprise dominated","Euro Million","6447"
"NAQ06C02","GVA at Constant Basic Prices","19981","1998Q1","2","Other sectors excluding the foreign-owned multinational enterprise dominated sector","Euro Million","29705"
"NAQ06C02","GVA at Constant Basic Prices","19982","1998Q2","-","All sectors","Euro Million","36036"
"NAQ06C02","GVA at Constant Basic Prices","19982","1998Q2","1","Foreign-owned multinational enterprise dominated","Euro Million","6268"
"NAQ06C02","GVA at Constant Basic Prices","19982","1998Q2","2","Other sectors excluding the foreign-owned multinational enterprise dominated sector","Euro Million","30766"
"NAQ06C02","GVA at Constant Basic Prices","19983","1998Q3","-","All sectors","Euro Million","36343"
"NAQ06C02","GVA at Constant Basic Prices","19983","1998Q3","1","Foreign-owned multinational enterprise dominated","Euro Million","6424"
"NAQ06C02","GVA at Constant Basic Prices","19983","1998Q3","2","Other sectors excluding the foreign-owned multinational enterprise dominated sector","Euro Million","30875"
"NAQ06C02","GVA at Constant Basic Prices","19984","1998Q4","-","All sectors","Euro Million","36045"
"NAQ06C02","GVA at Constant Basic Prices","19984","1998Q4","1","Foreign-owned multinational enterprise dominated","Euro Million","6094"
"NAQ06C02","GVA at Constant Basic Prices","19984","1998Q4","2","Other sectors excluding the foreign-owned multinational enterprise dominated sector","Euro Million","31035"
"NAQ06C02","GVA at Constant Basic Prices","19991","1999Q1","-","All sectors","Euro Million","37623"
"NAQ06C02","GVA at Constant Basic Prices","19991","1999Q1","1","Foreign-owned multinational enterprise dominated","Euro Million","7344"
"NAQ06C02","GVA at Constant Basic Prices","19991","1999Q1","2","Other sectors excluding the foreign-owned multinational enterprise dominated sector","Euro Million","30942"
"NAQ06C02","GVA at Constant Basic Prices","19992","1999Q2","-","All sectors","Euro Million","38619"
"NAQ06C02","GVA at Constant Basic Prices","19992","1999Q2","1","Foreign-owned multinational enterprise dominated","Euro Million","7054"
"NAQ06C02","GVA at Constant Basic Prices","19992","1999Q2","2","Other sectors excluding the foreign-owned multinational enterprise dominated sector","Euro Million","32474"
"NAQ06C02","GVA at Constant Basic Prices","19993","1999Q3","-","All sectors","Euro Million","38794"
"NAQ06C02","GVA at Constant Basic Prices","19993","1999Q3","1","Foreign-owned multinational enterprise dominated","Euro Million","7080"
"NAQ06C02","GVA at Constant Basic Prices","19993","1999Q3","2","Other sectors excluding the foreign-owned multinational enterprise dominated sector","Euro Million","32630"
"NAQ06C02","GVA at Constant Basic Prices","19994","1999Q4","-","All sectors","Euro Million","40750"
"NAQ06C02","GVA at Constant Basic Prices","19994","1999Q4","1","Foreign-owned multinational enterprise dominated","Euro Million","8376"
"NAQ06C02","GVA at Constant Basic Prices","19994","1999Q4","2","Other sectors excluding the foreign-owned multinational enterprise dominated sector","Euro Million","32892"
"NAQ06C02","GVA at Constant Basic Prices","20001","2000Q1","-","All sectors","Euro Million","39672"
"NAQ06C02","GVA at Constant Basic Prices","20001","2000Q1","1","Foreign-owned multinational enterprise dominated","Euro Million","7582"
"NAQ06C02","GVA at Constant Basic Prices","20001","2000Q1","2","Other sectors excluding the foreign-owned multinational enterprise dominated sector","Euro Million","32865"
"NAQ06C02","GVA at Constant Basic Prices","20002","2000Q2","-","All sectors","Euro Million","42204"
"NAQ06C02","GVA at Constant Basic Prices","20002","2000Q2","1","Foreign-owned multinational enterprise dominated","Euro Million","8253"
"NAQ06C02","GVA at Constant Basic Prices","20002","2000Q2","2","Other sectors excluding the foreign-owned multinational enterprise dominated sector","Euro Million","34691"
"NAQ06C02","GVA at Constant Basic Prices","20003","2000Q3","-","All sectors","Euro Million","41940"
"NAQ06C02","GVA at Constant Basic Prices","20003","2000Q3","1","Foreign-owned multinational enterprise dominated","Euro Million","7977"
"NAQ06C02","GVA at Constant Basic Prices","20003","2000Q3","2","Other sectors excluding the foreign-owned multinational enterprise dominated sector","Euro Million","34799"
"NAQ06C02","GVA at Constant Basic Prices","20004","2000Q4","-","All sectors","Euro Million","44686"
"NAQ06C02","GVA at Constant Basic Prices","20004","2000Q4","1","Foreign-owned multinational enterprise dominated","Euro Million","10013"
"NAQ06C02","GVA at Constant Basic Prices","20004","2000Q4","2","Other sectors excluding the foreign-owned multinational enterprise dominated sector","Euro Million","34884"
"NAQ06C02","GVA at Constant Basic Prices","20011","2001Q1","-","All sectors","Euro Million","42913"
"NAQ06C02","GVA at Constant Basic Prices","20011","2001Q1","1","Foreign-owned multinational enterprise dominated","Euro Million","9590"
"NAQ06C02","GVA at Constant Basic Prices","20011","2001Q1","2","Other sectors excluding the foreign-owned multinational enterprise dominated sector","Euro Million","33655"
"NAQ06C02","GVA at Constant Basic Prices","20012","2001Q2","-","All sectors","Euro Million","44432"
"NAQ06C02","GVA at Constant Basic Prices","20012","2001Q2","1","Foreign-owned multinational enterprise dominated","Euro Million","9033"
"NAQ06C02","GVA at Constant Basic Prices","20012","2001Q2","2","Other sectors excluding the foreign-owned multinational enterprise dominated sector","Euro Million","36038"
"NAQ06C02","GVA at Constant Basic Prices","20013","2001Q3","-","All sectors","Euro Million","42732"
"NAQ06C02","GVA at Constant Basic Prices","20013","2001Q3","1","Foreign-owned multinational enterprise dominated","Euro Million","7948"
"NAQ06C02","GVA at Constant Basic Prices","20013","2001Q3","2","Other sectors excluding the foreign-owned multinational enterprise dominated sector","Euro Million","35641"
"NAQ06C02","GVA at Constant Basic Prices","20014","2001Q4","-","All sectors","Euro Million","44844"
"NAQ06C02","GVA at Constant Basic Prices","20014","2001Q4","1","Foreign-owned multinational enterprise dominated","Euro Million","9261"
"NAQ06C02","GVA at Constant Basic Prices","20014","2001Q4","2","Other sectors excluding the foreign-owned multinational enterprise dominated sector","Euro Million","36180"
"NAQ06C02","GVA at Constant Basic Prices","20021","2002Q1","-","All sectors","Euro Million","44728"
"NAQ06C02","GVA at Constant Basic Prices","20021","2002Q1","1","Foreign-owned multinational enterprise dominated","Euro Million","10041"
"NAQ06C02","GVA at Constant Basic Prices","20021","2002Q1","2","Other sectors excluding the foreign-owned multinational enterprise dominated sector","Euro Million","34967"
"NAQ06C02","GVA at Constant Basic Prices","20022","2002Q2","-","All sectors","Euro Million","47649"
"NAQ06C02","GVA at Constant Basic Prices","20022","2002Q2","1","Foreign-owned multinational enterprise dominated","Euro Million","11030"
"NAQ06C02","GVA at Constant Basic Prices","20022","2002Q2","2","Other sectors excluding the foreign-owned multinational enterprise dominated sector","Euro Million","36789"
"NAQ06C02","GVA at Constant Basic Prices","20023","2002Q3","-","All sectors","Euro Million","45545"
"NAQ06C02","GVA at Constant Basic Prices","20023","2002Q3","1","Foreign-owned multinational enterprise dominated","Euro Million","9704"
"NAQ06C02","GVA at Constant Basic Prices","20023","2002Q3","2","Other sectors excluding the foreign-owned multinational enterprise dominated sector","Euro Million","36328"
"NAQ06C02","GVA at Constant Basic Prices","20024","2002Q4","-","All sectors","Euro Million","47657"
"NAQ06C02","GVA at Constant Basic Prices","20024","2002Q4","1","Foreign-owned multinational enterprise dominated","Euro Million","10731"
"NAQ06C02","GVA at Constant Basic Prices","20024","2002Q4","2","Other sectors excluding the foreign-owned multinational enterprise dominated sector","Euro Million","37212"
"NAQ06C02","GVA at Constant Basic Prices","20031","2003Q1","-","All sectors","Euro Million","45427"
"NAQ06C02","GVA at Constant Basic Prices","20031","2003Q1","1","Foreign-owned multinational enterprise dominated","Euro Million","9816"
"NAQ06C02","GVA at Constant Basic Prices","20031","2003Q1","2","Other sectors excluding the foreign-owned multinational enterprise dominated sector","Euro Million","36021"
"NAQ06C02","GVA at Constant Basic Prices","20032","2003Q2","-","All sectors","Euro Million","47874"
"NAQ06C02","GVA at Constant Basic Prices","20032","2003Q2","1","Foreign-owned multinational enterprise dominated","Euro Million","10548"
"NAQ06C02","GVA at Constant Basic Prices","20032","2003Q2","2","Other sectors excluding the foreign-owned multinational enterprise dominated sector","Euro Million","37692"
"NAQ06C02","GVA at Constant Basic Prices","20033","2003Q3","-","All sectors","Euro Million","45275"
"NAQ06C02","GVA at Constant Basic Prices","20033","2003Q3","1","Foreign-owned multinational enterprise dominated","Euro Million","8153"
"NAQ06C02","GVA at Constant Basic Prices","20033","2003Q3","2","Other sectors excluding the foreign-owned multinational enterprise dominated sector","Euro Million","38051"
"NAQ06C02","GVA at Constant Basic Prices","20034","2003Q4","-","All sectors","Euro Million","49411"
"NAQ06C02","GVA at Constant Basic Prices","20034","2003Q4","1","Foreign-owned multinational enterprise dominated","Euro Million","11060"
"NAQ06C02","GVA at Constant Basic Prices","20034","2003Q4","2","Other sectors excluding the foreign-owned multinational enterprise dominated sector","Euro Million","38673"
"NAQ06C02","GVA at Constant Basic Prices","20041","2004Q1","-","All sectors","Euro Million","48593"
"NAQ06C02","GVA at Constant Basic Prices","20041","2004Q1","1","Foreign-owned multinational enterprise dominated","Euro Million","10247"
"NAQ06C02","GVA at Constant Basic Prices","20041","2004Q1","2","Other sectors excluding the foreign-owned multinational enterprise dominated sector","Euro Million","38867"
"NAQ06C02","GVA at Constant Basic Prices","20042","2004Q2","-","All sectors","Euro Million","50474"
"NAQ06C02","GVA at Constant Basic Prices","20042","2004Q2","1","Foreign-owned multinational enterprise dominated","Euro Million","10751"
"NAQ06C02","GVA at Constant Basic Prices","20042","2004Q2","2","Other sectors excluding the foreign-owned multinational enterprise dominated sector","Euro Million","40248"
"NAQ06C02","GVA at Constant Basic Prices","20043","2004Q3","-","All sectors","Euro Million","47536"
"NAQ06C02","GVA at Constant Basic Prices","20043","2004Q3","1","Foreign-owned multinational enterprise dominated","Euro Million","8628"
"NAQ06C02","GVA at Constant Basic Prices","20043","2004Q3","2","Other sectors excluding the foreign-owned multinational enterprise dominated sector","Euro Million","39641"
"NAQ06C02","GVA at Constant Basic Prices","20044","2004Q4","-","All sectors","Euro Million","51157"
"NAQ06C02","GVA at Constant Basic Prices","20044","2004Q4","1","Foreign-owned multinational enterprise dominated","Euro Million","10766"
"NAQ06C02","GVA at Constant Basic Prices","20044","2004Q4","2","Other sectors excluding the foreign-owned multinational enterprise dominated sector","Euro Million","40944"
"NAQ06C02","GVA at Constant Basic Prices","20051","2005Q1","-","All sectors","Euro Million","51553"
"NAQ06C02","GVA at Constant Basic Prices","20051","2005Q1","1","Foreign-owned multinational enterprise dominated","Euro Million","11514"
"NAQ06C02","GVA at Constant Basic Prices","20051","2005Q1","2","Other sectors excluding the foreign-owned multinational enterprise dominated sector","Euro Million","40535"
"NAQ06C02","GVA at Constant Basic Prices","20052","2005Q2","-","All sectors","Euro Million","53121"
"NAQ06C02","GVA at Constant Basic Prices","20052","2005Q2","1","Foreign-owned multinational enterprise dominated","Euro Million","11370"
"NAQ06C02","GVA at Constant Basic Prices","20052","2005Q2","2","Other sectors excluding the foreign-owned multinational enterprise dominated sector","Euro Million","42318"
"NAQ06C02","GVA at Constant Basic Prices","20053","2005Q3","-","All sectors","Euro Million","50999"
"NAQ06C02","GVA at Constant Basic Prices","20053","2005Q3","1","Foreign-owned multinational enterprise dominated","Euro Million","9744"
"NAQ06C02","GVA at Constant Basic Prices","20053","2005Q3","2","Other sectors excluding the foreign-owned multinational enterprise dominated sector","Euro Million","41932"
"NAQ06C02","GVA at Constant Basic Prices","20054","2005Q4","-","All sectors","Euro Million","54134"
"NAQ06C02","GVA at Constant Basic Prices","20054","2005Q4","1","Foreign-owned multinational enterprise dominated","Euro Million","11468"
"NAQ06C02","GVA at Constant Basic Prices","20054","2005Q4","2","Other sectors excluding the foreign-owned multinational enterprise dominated sector","Euro Million","43258"
"NAQ06C02","GVA at Constant Basic Prices","20061","2006Q1","-","All sectors","Euro Million","53661"
"NAQ06C02","GVA at Constant Basic Prices","20061","2006Q1","1","Foreign-owned multinational enterprise dominated","Euro Million","11216"
"NAQ06C02","GVA at Constant Basic Prices","20061","2006Q1","2","Other sectors excluding the foreign-owned multinational enterprise dominated sector","Euro Million","43041"
"NAQ06C02","GVA at Constant Basic Prices","20062","2006Q2","-","All sectors","Euro Million","55877"
"NAQ06C02","GVA at Constant Basic Prices","20062","2006Q2","1","Foreign-owned multinational enterprise dominated","Euro Million","12758"
"NAQ06C02","GVA at Constant Basic Prices","20062","2006Q2","2","Other sectors excluding the foreign-owned multinational enterprise dominated sector","Euro Million","43753"
"NAQ06C02","GVA at Constant Basic Prices","20063","2006Q3","-","All sectors","Euro Million","53915"
"NAQ06C02","GVA at Constant Basic Prices","20063","2006Q3","1","Foreign-owned multinational enterprise dominated","Euro Million","11036"
"NAQ06C02","GVA at Constant Basic Prices","20063","2006Q3","2","Other sectors excluding the foreign-owned multinational enterprise dominated sector","Euro Million","43475"
"NAQ06C02","GVA at Constant Basic Prices","20064","2006Q4","-","All sectors","Euro Million","55984"
"NAQ06C02","GVA at Constant Basic Prices","20064","2006Q4","1","Foreign-owned multinational enterprise dominated","Euro Million","11486"
"NAQ06C02","GVA at Constant Basic Prices","20064","2006Q4","2","Other sectors excluding the foreign-owned multinational enterprise dominated sector","Euro Million","45117"
"NAQ06C02","GVA at Constant Basic Prices","20071","2007Q1","-","All sectors","Euro Million","58712"
"NAQ06C02","GVA at Constant Basic Prices","20071","2007Q1","1","Foreign-owned multinational enterprise dominated","Euro Million","13902"
"NAQ06C02","GVA at Constant Basic Prices","20071","2007Q1","2","Other sectors excluding the foreign-owned multinational enterprise dominated sector","Euro Million","45633"
"NAQ06C02","GVA at Constant Basic Prices","20072","2007Q2","-","All sectors","Euro Million","59269"
"NAQ06C02","GVA at Constant Basic Prices","20072","2007Q2","1","Foreign-owned multinational enterprise dominated","Euro Million","13000"
"NAQ06C02","GVA at Constant Basic Prices","20072","2007Q2","2","Other sectors excluding the foreign-owned multinational enterprise dominated sector","Euro Million","46980"
"NAQ06C02","GVA at Constant Basic Prices","20073","2007Q3","-","All sectors","Euro Million","58207"
"NAQ06C02","GVA at Constant Basic Prices","20073","2007Q3","1","Foreign-owned multinational enterprise dominated","Euro Million","11367"
"NAQ06C02","GVA at Constant Basic Prices","20073","2007Q3","2","Other sectors excluding the foreign-owned multinational enterprise dominated sector","Euro Million","47377"
"NAQ06C02","GVA at Constant Basic Prices","20074","2007Q4","-","All sectors","Euro Million","60408"
"NAQ06C02","GVA at Constant Basic Prices","20074","2007Q4","1","Foreign-owned multinational enterprise dominated","Euro Million","13202"
"NAQ06C02","GVA at Constant Basic Prices","20074","2007Q4","2","Other sectors excluding the foreign-owned multinational enterprise dominated sector","Euro Million","47925"
"NAQ06C02","GVA at Constant Basic Prices","20081","2008Q1","-","All sectors","Euro Million","59009"
"NAQ06C02","GVA at Constant Basic Prices","20081","2008Q1","1","Foreign-owned multinational enterprise dominated","Euro Million","13122"
"NAQ06C02","GVA at Constant Basic Prices","20081","2008Q1","2","Other sectors excluding the foreign-owned multinational enterprise dominated sector","Euro Million","46629"
"NAQ06C02","GVA at Constant Basic Prices","20082","2008Q2","-","All sectors","Euro Million","59184"
"NAQ06C02","GVA at Constant Basic Prices","20082","2008Q2","1","Foreign-owned multinational enterprise dominated","Euro Million","13347"
"NAQ06C02","GVA at Constant Basic Prices","20082","2008Q2","2","Other sectors excluding the foreign-owned multinational enterprise dominated sector","Euro Million","46610"
"NAQ06C02","GVA at Constant Basic Prices","20083","2008Q3","-","All sectors","Euro Million","57590"
"NAQ06C02","GVA at Constant Basic Prices","20083","2008Q3","1","Foreign-owned multinational enterprise dominated","Euro Million","12483"
"NAQ06C02","GVA at Constant Basic Prices","20083","2008Q3","2","Other sectors excluding the foreign-owned multinational enterprise dominated sector","Euro Million","45779"
"NAQ06C02","GVA at Constant Basic Prices","20084","2008Q4","-","All sectors","Euro Million","55501"
"NAQ06C02","GVA at Constant Basic Prices","20084","2008Q4","1","Foreign-owned multinational enterprise dominated","Euro Million","11012"
"NAQ06C02","GVA at Constant Basic Prices","20084","2008Q4","2","Other sectors excluding the foreign-owned multinational enterprise dominated sector","Euro Million","44974"
"NAQ06C02","GVA at Constant Basic Prices","20091","2009Q1","-","All sectors","Euro Million","55065"
"NAQ06C02","GVA at Constant Basic Prices","20091","2009Q1","1","Foreign-owned multinational enterprise dominated","Euro Million","14043"
"NAQ06C02","GVA at Constant Basic Prices","20091","2009Q1","2","Other sectors excluding the foreign-owned multinational enterprise dominated sector","Euro Million","41867"
"NAQ06C02","GVA at Constant Basic Prices","20092","2009Q2","-","All sectors","Euro Million","55634"
"NAQ06C02","GVA at Constant Basic Prices","20092","2009Q2","1","Foreign-owned multinational enterprise dominated","Euro Million","14182"
"NAQ06C02","GVA at Constant Basic Prices","20092","2009Q2","2","Other sectors excluding the foreign-owned multinational enterprise dominated sector","Euro Million","42306"
"NAQ06C02","GVA at Constant Basic Prices","20093","2009Q3","-","All sectors","Euro Million","53317"
"NAQ06C02","GVA at Constant Basic Prices","20093","2009Q3","1","Foreign-owned multinational enterprise dominated","Euro Million","12350"
"NAQ06C02","GVA at Constant Basic Prices","20093","2009Q3","2","Other sectors excluding the foreign-owned multinational enterprise dominated sector","Euro Million","41664"
"NAQ06C02","GVA at Constant Basic Prices","20094","2009Q4","-","All sectors","Euro Million","52527"
"NAQ06C02","GVA at Constant Basic Prices","20094","2009Q4","1","Foreign-owned multinational enterprise dominated","Euro Million","11481"
"NAQ06C02","GVA at Constant Basic Prices","20094","2009Q4","2","Other sectors excluding the foreign-owned multinational enterprise dominated sector","Euro Million","41666"
"NAQ06C02","GVA at Constant Basic Prices","20101","2010Q1","-","All sectors","Euro Million","54959"
"NAQ06C02","GVA at Constant Basic Prices","20101","2010Q1","1","Foreign-owned multinational enterprise dominated","Euro Million","14533"
"NAQ06C02","GVA at Constant Basic Prices","20101","2010Q1","2","Other sectors excluding the foreign-owned multinational enterprise dominated sector","Euro Million","41168"
"NAQ06C02","GVA at Constant Basic Prices","20102","2010Q2","-","All sectors","Euro Million","54887"
"NAQ06C02","GVA at Constant Basic Prices","20102","2010Q2","1","Foreign-owned multinational enterprise dominated","Euro Million","13615"
"NAQ06C02","GVA at Constant Basic Prices","20102","2010Q2","2","Other sectors excluding the foreign-owned multinational enterprise dominated sector","Euro Million","42028"
"NAQ06C02","GVA at Constant Basic Prices","20103","2010Q3","-","All sectors","Euro Million","54553"
"NAQ06C02","GVA at Constant Basic Prices","20103","2010Q3","1","Foreign-owned multinational enterprise dominated","Euro Million","13202"
"NAQ06C02","GVA at Constant Basic Prices","20103","2010Q3","2","Other sectors excluding the foreign-owned multinational enterprise dominated sector","Euro Million","42109"
"NAQ06C02","GVA at Constant Basic Prices","20104","2010Q4","-","All sectors","Euro Million","56038"
"NAQ06C02","GVA at Constant Basic Prices","20104","2010Q4","1","Foreign-owned multinational enterprise dominated","Euro Million","13815"
"NAQ06C02","GVA at Constant Basic Prices","20104","2010Q4","2","Other sectors excluding the foreign-owned multinational enterprise dominated sector","Euro Million","42997"
"NAQ06C02","GVA at Constant Basic Prices","20111","2011Q1","-","All sectors","Euro Million","55173"
"NAQ06C02","GVA at Constant Basic Prices","20111","2011Q1","1","Foreign-owned multinational enterprise dominated","Euro Million","13860"
"NAQ06C02","GVA at Constant Basic Prices","20111","2011Q1","2","Other sectors excluding the foreign-owned multinational enterprise dominated sector","Euro Million","42074"
"NAQ06C02","GVA at Constant Basic Prices","20112","2011Q2","-","All sectors","Euro Million","57581"
"NAQ06C02","GVA at Constant Basic Prices","20112","2011Q2","1","Foreign-owned multinational enterprise dominated","Euro Million","14783"
"NAQ06C02","GVA at Constant Basic Prices","20112","2011Q2","2","Other sectors excluding the foreign-owned multinational enterprise dominated sector","Euro Million","43607"
"NAQ06C02","GVA at Constant Basic Prices","20113","2011Q3","-","All sectors","Euro Million","55906"
"NAQ06C02","GVA at Constant Basic Prices","20113","2011Q3","1","Foreign-owned multinational enterprise dominated","Euro Million","13084"
"NAQ06C02","GVA at Constant Basic Prices","20113","2011Q3","2","Other sectors excluding the foreign-owned multinational enterprise dominated sector","Euro Million","43550"
"NAQ06C02","GVA at Constant Basic Prices","20114","2011Q4","-","All sectors","Euro Million","57077"
"NAQ06C02","GVA at Constant Basic Prices","20114","2011Q4","1","Foreign-owned multinational enterprise dominated","Euro Million","13820"
"NAQ06C02","GVA at Constant Basic Prices","20114","2011Q4","2","Other sectors excluding the foreign-owned multinational enterprise dominated sector","Euro Million","44020"
"NAQ06C02","GVA at Constant Basic Prices","20121","2012Q1","-","All sectors","Euro Million","55022"
"NAQ06C02","GVA at Constant Basic Prices","20121","2012Q1","1","Foreign-owned multinational enterprise dominated","Euro Million","15077"
"NAQ06C02","GVA at Constant Basic Prices","20121","2012Q1","2","Other sectors excluding the foreign-owned multinational enterprise dominated sector","Euro Million","40648"
"NAQ06C02","GVA at Constant Basic Prices","20122","2012Q2","-","All sectors","Euro Million","55291"
"NAQ06C02","GVA at Constant Basic Prices","20122","2012Q2","1","Foreign-owned multinational enterprise dominated","Euro Million","14480"
"NAQ06C02","GVA at Constant Basic Prices","20122","2012Q2","2","Other sectors excluding the foreign-owned multinational enterprise dominated sector","Euro Million","41537"
"NAQ06C02","GVA at Constant Basic Prices","20123","2012Q3","-","All sectors","Euro Million","54065"
"NAQ06C02","GVA at Constant Basic Prices","20123","2012Q3","1","Foreign-owned multinational enterprise dominated","Euro Million","12996"
"NAQ06C02","GVA at Constant Basic Prices","20123","2012Q3","2","Other sectors excluding the foreign-owned multinational enterprise dominated sector","Euro Million","41810"
"NAQ06C02","GVA at Constant Basic Prices","20124","2012Q4","-","All sectors","Euro Million","55063"
"NAQ06C02","GVA at Constant Basic Prices","20124","2012Q4","1","Foreign-owned multinational enterprise dominated","Euro Million","12630"
"NAQ06C02","GVA at Constant Basic Prices","20124","2012Q4","2","Other sectors excluding the foreign-owned multinational enterprise dominated sector","Euro Million","43205"
"NAQ06C02","GVA at Constant Basic Prices","20131","2013Q1","-","All sectors","Euro Million","53741"
"NAQ06C02","GVA at Constant Basic Prices","20131","2013Q1","1","Foreign-owned multinational enterprise dominated","Euro Million","13707"
"NAQ06C02","GVA at Constant Basic Prices","20131","2013Q1","2","Other sectors excluding the foreign-owned multinational enterprise dominated sector","Euro Million","40760"
"NAQ06C02","GVA at Constant Basic Prices","20132","2013Q2","-","All sectors","Euro Million","55932"
"NAQ06C02","GVA at Constant Basic Prices","20132","2013Q2","1","Foreign-owned multinational enterprise dominated","Euro Million","13820"
"NAQ06C02","GVA at Constant Basic Prices","20132","2013Q2","2","Other sectors excluding the foreign-owned multinational enterprise dominated sector","Euro Million","42856"
"NAQ06C02","GVA at Constant Basic Prices","20133","2013Q3","-","All sectors","Euro Million","56612"
"NAQ06C02","GVA at Constant Basic Prices","20133","2013Q3","1","Foreign-owned multinational enterprise dominated","Euro Million","12976"
"NAQ06C02","GVA at Constant Basic Prices","20133","2013Q3","2","Other sectors excluding the foreign-owned multinational enterprise dominated sector","Euro Million","44364"
"NAQ06C02","GVA at Constant Basic Prices","20134","2013Q4","-","All sectors","Euro Million","57944"
"NAQ06C02","GVA at Constant Basic Prices","20134","2013Q4","1","Foreign-owned multinational enterprise dominated","Euro Million","13382"
"NAQ06C02","GVA at Constant Basic Prices","20134","2013Q4","2","Other sectors excluding the foreign-owned multinational enterprise dominated sector","Euro Million","45308"
"NAQ06C02","GVA at Constant Basic Prices","20141","2014Q1","-","All sectors","Euro Million","58258"
"NAQ06C02","GVA at Constant Basic Prices","20141","2014Q1","1","Foreign-owned multinational enterprise dominated","Euro Million","15116"
"NAQ06C02","GVA at Constant Basic Prices","20141","2014Q1","2","Other sectors excluding the foreign-owned multinational enterprise dominated sector","Euro Million","43927"
"NAQ06C02","GVA at Constant Basic Prices","20142","2014Q2","-","All sectors","Euro Million","61804"
"NAQ06C02","GVA at Constant Basic Prices","20142","2014Q2","1","Foreign-owned multinational enterprise dominated","Euro Million","16930"
"NAQ06C02","GVA at Constant Basic Prices","20142","2014Q2","2","Other sectors excluding the foreign-owned multinational enterprise dominated sector","Euro Million","45722"
"NAQ06C02","GVA at Constant Basic Prices","20143","2014Q3","-","All sectors","Euro Million","60880"
"NAQ06C02","GVA at Constant Basic Prices","20143","2014Q3","1","Foreign-owned multinational enterprise dominated","Euro Million","14230"
"NAQ06C02","GVA at Constant Basic Prices","20143","2014Q3","2","Other sectors excluding the foreign-owned multinational enterprise dominated sector","Euro Million","47442"
"NAQ06C02","GVA at Constant Basic Prices","20144","2014Q4","-","All sectors","Euro Million","62643"
"NAQ06C02","GVA at Constant Basic Prices","20144","2014Q4","1","Foreign-owned multinational enterprise dominated","Euro Million","15611"
"NAQ06C02","GVA at Constant Basic Prices","20144","2014Q4","2","Other sectors excluding the foreign-owned multinational enterprise dominated sector","Euro Million","47864"
"NAQ06C02","GVA at Constant Basic Prices","20151","2015Q1","-","All sectors","Euro Million","75470"
"NAQ06C02","GVA at Constant Basic Prices","20151","2015Q1","1","Foreign-owned multinational enterprise dominated","Euro Million","30605"
"NAQ06C02","GVA at Constant Basic Prices","20151","2015Q1","2","Other sectors excluding the foreign-owned multinational enterprise dominated sector","Euro Million","46527"
"NAQ06C02","GVA at Constant Basic Prices","20152","2015Q2","-","All sectors","Euro Million","71964"
"NAQ06C02","GVA at Constant Basic Prices","20152","2015Q2","1","Foreign-owned multinational enterprise dominated","Euro Million","25618"
"NAQ06C02","GVA at Constant Basic Prices","20152","2015Q2","2","Other sectors excluding the foreign-owned multinational enterprise dominated sector","Euro Million","47726"
"NAQ06C02","GVA at Constant Basic Prices","20153","2015Q3","-","All sectors","Euro Million","73842"
"NAQ06C02","GVA at Constant Basic Prices","20153","2015Q3","1","Foreign-owned multinational enterprise dominated","Euro Million","25537"
"NAQ06C02","GVA at Constant Basic Prices","20153","2015Q3","2","Other sectors excluding the foreign-owned multinational enterprise dominated sector","Euro Million","49680"
"NAQ06C02","GVA at Constant Basic Prices","20154","2015Q4","-","All sectors","Euro Million","77115"
"NAQ06C02","GVA at Constant Basic Prices","20154","2015Q4","1","Foreign-owned multinational enterprise dominated","Euro Million","28647"
"NAQ06C02","GVA at Constant Basic Prices","20154","2015Q4","2","Other sectors excluding the foreign-owned multinational enterprise dominated sector","Euro Million","50017"
"NAQ06C02","GVA at Constant Basic Prices","20161","2016Q1","-","All sectors","Euro Million","73809"
"NAQ06C02","GVA at Constant Basic Prices","20161","2016Q1","1","Foreign-owned multinational enterprise dominated","Euro Million","27886"
"NAQ06C02","GVA at Constant Basic Prices","20161","2016Q1","2","Other sectors excluding the foreign-owned multinational enterprise dominated sector","Euro Million","47283"
"NAQ06C02","GVA at Constant Basic Prices","20162","2016Q2","-","All sectors","Euro Million","72976"
"NAQ06C02","GVA at Constant Basic Prices","20162","2016Q2","1","Foreign-owned multinational enterprise dominated","Euro Million","25849"
"NAQ06C02","GVA at Constant Basic Prices","20162","2016Q2","2","Other sectors excluding the foreign-owned multinational enterprise dominated sector","Euro Million","48818"
"NAQ06C02","GVA at Constant Basic Prices","20163","2016Q3","-","All sectors","Euro Million","71608"
"NAQ06C02","GVA at Constant Basic Prices","20163","2016Q3","1","Foreign-owned multinational enterprise dominated","Euro Million","23478"
"NAQ06C02","GVA at Constant Basic Prices","20163","2016Q3","2","Other sectors excluding the foreign-owned multinational enterprise dominated sector","Euro Million","50171"
"NAQ06C02","GVA at Constant Basic Prices","20164","2016Q4","-","All sectors","Euro Million","82928"
"NAQ06C02","GVA at Constant Basic Prices","20164","2016Q4","1","Foreign-owned multinational enterprise dominated","Euro Million","34212"
"NAQ06C02","GVA at Constant Basic Prices","20164","2016Q4","2","Other sectors excluding the foreign-owned multinational enterprise dominated sector","Euro Million","49663"
"NAQ06C02","GVA at Constant Basic Prices","20171","2017Q1","-","All sectors","Euro Million","76988"
"NAQ06C02","GVA at Constant Basic Prices","20171","2017Q1","1","Foreign-owned multinational enterprise dominated","Euro Million","28209"
"NAQ06C02","GVA at Constant Basic Prices","20171","2017Q1","2","Other sectors excluding the foreign-owned multinational enterprise dominated sector","Euro Million","50352"
"NAQ06C02","GVA at Constant Basic Prices","20172","2017Q2","-","All sectors","Euro Million","77412"
"NAQ06C02","GVA at Constant Basic Prices","20172","2017Q2","1","Foreign-owned multinational enterprise dominated","Euro Million","27930"
"NAQ06C02","GVA at Constant Basic Prices","20172","2017Q2","2","Other sectors excluding the foreign-owned multinational enterprise dominated sector","Euro Million","51116"
"NAQ06C02","GVA at Constant Basic Prices","20173","2017Q3","-","All sectors","Euro Million","82817"
"NAQ06C02","GVA at Constant Basic Prices","20173","2017Q3","1","Foreign-owned multinational enterprise dominated","Euro Million","31488"
"NAQ06C02","GVA at Constant Basic Prices","20173","2017Q3","2","Other sectors excluding the foreign-owned multinational enterprise dominated sector","Euro Million","52886"
"NAQ06C02","GVA at Constant Basic Prices","20174","2017Q4","-","All sectors","Euro Million","87366"
"NAQ06C02","GVA at Constant Basic Prices","20174","2017Q4","1","Foreign-owned multinational enterprise dominated","Euro Million","35527"
"NAQ06C02","GVA at Constant Basic Prices","20174","2017Q4","2","Other sectors excluding the foreign-owned multinational enterprise dominated sector","Euro Million","53208"
"NAQ06C02","GVA at Constant Basic Prices","20181","2018Q1","-","All sectors","Euro Million","84020"
"NAQ06C02","GVA at Constant Basic Prices","20181","2018Q1","1","Foreign-owned multinational enterprise dominated","Euro Million","33728"
"NAQ06C02","GVA at Constant Basic Prices","20181","2018Q1","2","Other sectors excluding the foreign-owned multinational enterprise dominated sector","Euro Million","51619"
"NAQ06C02","GVA at Constant Basic Prices","20182","2018Q2","-","All sectors","Euro Million","87939"
"NAQ06C02","GVA at Constant Basic Prices","20182","2018Q2","1","Foreign-owned multinational enterprise dominated","Euro Million","35425"
"NAQ06C02","GVA at Constant Basic Prices","20182","2018Q2","2","Other sectors excluding the foreign-owned multinational enterprise dominated sector","Euro Million","53885"
"NAQ06C02","GVA at Constant Basic Prices","20183","2018Q3","-","All sectors","Euro Million","90265"
"NAQ06C02","GVA at Constant Basic Prices","20183","2018Q3","1","Foreign-owned multinational enterprise dominated","Euro Million","36169"
"NAQ06C02","GVA at Constant Basic Prices","20183","2018Q3","2","Other sectors excluding the foreign-owned multinational enterprise dominated sector","Euro Million","55531"
"NAQ06C02","GVA at Constant Basic Prices","20184","2018Q4","-","All sectors","Euro Million","92699"
"NAQ06C02","GVA at Constant Basic Prices","20184","2018Q4","1","Foreign-owned multinational enterprise dominated","Euro Million","37540"
"NAQ06C02","GVA at Constant Basic Prices","20184","2018Q4","2","Other sectors excluding the foreign-owned multinational enterprise dominated sector","Euro Million","56576"
"NAQ06C02","GVA at Constant Basic Prices","20191","2019Q1","-","All sectors","Euro Million","87392"
"NAQ06C02","GVA at Constant Basic Prices","20191","2019Q1","1","Foreign-owned multinational enterprise dominated","Euro Million","34443"
"NAQ06C02","GVA at Constant Basic Prices","20191","2019Q1","2","Other sectors excluding the foreign-owned multinational enterprise dominated sector","Euro Million","54407"
"NAQ06C02","GVA at Constant Basic Prices","20192","2019Q2","-","All sectors","Euro Million","92527"
"NAQ06C02","GVA at Constant Basic Prices","20192","2019Q2","1","Foreign-owned multinational enterprise dominated","Euro Million","37979"
"NAQ06C02","GVA at Constant Basic Prices","20192","2019Q2","2","Other sectors excluding the foreign-owned multinational enterprise dominated sector","Euro Million","55904"
"NAQ06C02","GVA at Constant Basic Prices","20193","2019Q3","-","All sectors","Euro Million","95531"
"NAQ06C02","GVA at Constant Basic Prices","20193","2019Q3","1","Foreign-owned multinational enterprise dominated","Euro Million","39277"
"NAQ06C02","GVA at Constant Basic Prices","20193","2019Q3","2","Other sectors excluding the foreign-owned multinational enterprise dominated sector","Euro Million","57647"
"NAQ06C02","GVA at Constant Basic Prices","20194","2019Q4","-","All sectors","Euro Million","98196"
"NAQ06C02","GVA at Constant Basic Prices","20194","2019Q4","1","Foreign-owned multinational enterprise dominated","Euro Million","40676"
"NAQ06C02","GVA at Constant Basic Prices","20194","2019Q4","2","Other sectors excluding the foreign-owned multinational enterprise dominated sector","Euro Million","58913"
"NAQ06C02","GVA at Constant Basic Prices","20201","2020Q1","-","All sectors","Euro Million","99017"
"NAQ06C02","GVA at Constant Basic Prices","20201","2020Q1","1","Foreign-owned multinational enterprise dominated","Euro Million","44272"
"NAQ06C02","GVA at Constant Basic Prices","20201","2020Q1","2","Other sectors excluding the foreign-owned multinational enterprise dominated sector","Euro Million","55514"
"NAQ06C02","GVA at Constant Basic Prices","20202","2020Q2","-","All sectors","Euro Million","93679"
"NAQ06C02","GVA at Constant Basic Prices","20202","2020Q2","1","Foreign-owned multinational enterprise dominated","Euro Million","45635"
"NAQ06C02","GVA at Constant Basic Prices","20202","2020Q2","2","Other sectors excluding the foreign-owned multinational enterprise dominated sector","Euro Million","48081"
"NAQ06C02","GVA at Constant Basic Prices","20203","2020Q3","-","All sectors","Euro Million","104601"
"NAQ06C02","GVA at Constant Basic Prices","20203","2020Q3","1","Foreign-owned multinational enterprise dominated","Euro Million","50259"
"NAQ06C02","GVA at Constant Basic Prices","20203","2020Q3","2","Other sectors excluding the foreign-owned multinational enterprise dominated sector","Euro Million","54511"
"NAQ06C02","GVA at Constant Basic Prices","20204","2020Q4","-","All sectors","Euro Million","105100"
"NAQ06C02","GVA at Constant Basic Prices","20204","2020Q4","1","Foreign-owned multinational enterprise dominated","Euro Million","49291"
"NAQ06C02","GVA at Constant Basic Prices","20204","2020Q4","2","Other sectors excluding the foreign-owned multinational enterprise dominated sector","Euro Million","56201"
"NAQ06C02","GVA at Constant Basic Prices","20211","2021Q1","-","All sectors","Euro Million","110323"
"NAQ06C02","GVA at Constant Basic Prices","20211","2021Q1","1","Foreign-owned multinational enterprise dominated","Euro Million","56929"
"NAQ06C02","GVA at Constant Basic Prices","20211","2021Q1","2","Other sectors excluding the foreign-owned multinational enterprise dominated sector","Euro Million","53394"
"NAQ06C02","GVA at Constant Basic Prices","20212","2021Q2","-","All sectors","Euro Million","114009"
"NAQ06C02","GVA at Constant Basic Prices","20212","2021Q2","1","Foreign-owned multinational enterprise dominated","Euro Million","57283"
"NAQ06C02","GVA at Constant Basic Prices","20212","2021Q2","2","Other sectors excluding the foreign-owned multinational enterprise dominated sector","Euro Million","56842"
"NAQ06C02","GVA at Constant Basic Prices","20213","2021Q3","-","All sectors","Euro Million","121863"
"NAQ06C02","GVA at Constant Basic Prices","20213","2021Q3","1","Foreign-owned multinational enterprise dominated","Euro Million","62876"
"NAQ06C02","GVA at Constant Basic Prices","20213","2021Q3","2","Other sectors excluding the foreign-owned multinational enterprise dominated sector","Euro Million","58987"
"NAQ06C02","GVA at Constant Basic Prices","20214","2021Q4","-","All sectors","Euro Million","122509"
"NAQ06C02","GVA at Constant Basic Prices","20214","2021Q4","1","Foreign-owned multinational enterprise dominated","Euro Million","60417"
"NAQ06C02","GVA at Constant Basic Prices","20214","2021Q4","2","Other sectors excluding the foreign-owned multinational enterprise dominated sector","Euro Million","62302"
"NAQ06C02","GVA at Constant Basic Prices","20221","2022Q1","-","All sectors","Euro Million","119537"
"NAQ06C02","GVA at Constant Basic Prices","20221","2022Q1","1","Foreign-owned multinational enterprise dominated","Euro Million","62667"
"NAQ06C02","GVA at Constant Basic Prices","20221","2022Q1","2","Other sectors excluding the foreign-owned multinational enterprise dominated sector","Euro Million","56877"
"NAQ06C02","GVA at Constant Basic Prices","20222","2022Q2","-","All sectors","Euro Million","123528"
"NAQ06C02","GVA at Constant Basic Prices","20222","2022Q2","1","Foreign-owned multinational enterprise dominated","Euro Million","63734"
"NAQ06C02","GVA at Constant Basic Prices","20222","2022Q2","2","Other sectors excluding the foreign-owned multinational enterprise dominated sector","Euro Million","59838"
"NAQ06C02","GVA at Constant Basic Prices","20223","2022Q3","-","All sectors","Euro Million","132299"
"NAQ06C02","GVA at Constant Basic Prices","20223","2022Q3","1","Foreign-owned multinational enterprise dominated","Euro Million","71451"
"NAQ06C02","GVA at Constant Basic Prices","20223","2022Q3","2","Other sectors excluding the foreign-owned multinational enterprise dominated sector","Euro Million","60780"
"NAQ06C02","GVA at Constant Basic Prices","20224","2022Q4","-","All sectors","Euro Million","134507"
"NAQ06C02","GVA at Constant Basic Prices","20224","2022Q4","1","Foreign-owned multinational enterprise dominated","Euro Million","71734"
"NAQ06C02","GVA at Constant Basic Prices","20224","2022Q4","2","Other sectors excluding the foreign-owned multinational enterprise dominated sector","Euro Million","62736"
"NAQ06C02","GVA at Constant Basic Prices","20231","2023Q1","-","All sectors","Euro Million","121223"
"NAQ06C02","GVA at Constant Basic Prices","20231","2023Q1","1","Foreign-owned multinational enterprise dominated","Euro Million","58439"
"NAQ06C02","GVA at Constant Basic Prices","20231","2023Q1","2","Other sectors excluding the foreign-owned multinational enterprise dominated sector","Euro Million","62782"
"NAQ06C02","GVA at Constant Basic Prices","20232","2023Q2","-","All sectors","Euro Million","126253"
"NAQ06C02","GVA at Constant Basic Prices","20232","2023Q2","1","Foreign-owned multinational enterprise dominated","Euro Million","60492"
"NAQ06C02","GVA at Constant Basic Prices","20232","2023Q2","2","Other sectors excluding the foreign-owned multinational enterprise dominated sector","Euro Million","65760"
"NAQ06C02","GVA at Constant Basic Prices","20233","2023Q3","-","All sectors","Euro Million","127182"
"NAQ06C02","GVA at Constant Basic Prices","20233","2023Q3","1","Foreign-owned multinational enterprise dominated","Euro Million","61000"
"NAQ06C02","GVA at Constant Basic Prices","20233","2023Q3","2","Other sectors excluding the foreign-owned multinational enterprise dominated sector","Euro Million","66182"
"NAQ06C02","GVA at Constant Basic Prices","20234","2023Q4","-","All sectors","Euro Million","124616"
"NAQ06C02","GVA at Constant Basic Prices","20234","2023Q4","1","Foreign-owned multinational enterprise dominated","Euro Million","57480"
"NAQ06C02","GVA at Constant Basic Prices","20234","2023Q4","2","Other sectors excluding the foreign-owned multinational enterprise dominated sector","Euro Million","67140"
"NAQ06C02","GVA at Constant Basic Prices","20241","2024Q1","-","All sectors","Euro Million","119305"
"NAQ06C02","GVA at Constant Basic Prices","20241","2024Q1","1","Foreign-owned multinational enterprise dominated","Euro Million","53614"
"NAQ06C02","GVA at Constant Basic Prices","20241","2024Q1","2","Other sectors excluding the foreign-owned multinational enterprise dominated sector","Euro Million","65691"
"NAQ06C02","GVA at Constant Basic Prices","20242","2024Q2","-","All sectors","Euro Million","122245"
"NAQ06C02","GVA at Constant Basic Prices","20242","2024Q2","1","Foreign-owned multinational enterprise dominated","Euro Million","55029"
"NAQ06C02","GVA at Constant Basic Prices","20242","2024Q2","2","Other sectors excluding the foreign-owned multinational enterprise dominated sector","Euro Million","67217"
"NAQ06C02","GVA at Constant Basic Prices","20243","2024Q3","-","All sectors","Euro Million","134613"
"NAQ06C02","GVA at Constant Basic Prices","20243","2024Q3","1","Foreign-owned multinational enterprise dominated","Euro Million","65572"
"NAQ06C02","GVA at Constant Basic Prices","20243","2024Q3","2","Other sectors excluding the foreign-owned multinational enterprise dominated sector","Euro Million","69041"
"NAQ06C02","GVA at Constant Basic Prices","20244","2024Q4","-","All sectors","Euro Million","136161"
"NAQ06C02","GVA at Constant Basic Prices","20244","2024Q4","1","Foreign-owned multinational enterprise dominated","Euro Million","66798"
"NAQ06C02","GVA at Constant Basic Prices","20244","2024Q4","2","Other sectors excluding the foreign-owned multinational enterprise dominated sector","Euro Million","69363"
"NAQ06C02","GVA at Constant Basic Prices","20251","2025Q1","-","All sectors","Euro Million","142173"
"NAQ06C02","GVA at Constant Basic Prices","20251","2025Q1","1","Foreign-owned multinational enterprise dominated","Euro Million","74928"
"NAQ06C02","GVA at Constant Basic Prices","20251","2025Q1","2","Other sectors excluding the foreign-owned multinational enterprise dominated sector","Euro Million","67245"
"NAQ06C02","GVA at Constant Basic Prices","20252","2025Q2","-","All sectors","Euro Million","142176"
"NAQ06C02","GVA at Constant Basic Prices","20252","2025Q2","1","Foreign-owned multinational enterprise dominated","Euro Million","74073"
"NAQ06C02","GVA at Constant Basic Prices","20252","2025Q2","2","Other sectors excluding the foreign-owned multinational enterprise dominated sector","Euro Million","68103"
"NAQ06C02","GVA at Constant Basic Prices","20253","2025Q3","-","All sectors","Euro Million","147899"
"NAQ06C02","GVA at Constant Basic Prices","20253","2025Q3","1","Foreign-owned multinational enterprise dominated","Euro Million","79525"
"NAQ06C02","GVA at Constant Basic Prices","20253","2025Q3","2","Other sectors excluding the foreign-owned multinational enterprise dominated sector","Euro Million","68374"
"NAQ06C02","GVA at Constant Basic Prices","20254","2025Q4","-","All sectors","Euro Million","143026"
"NAQ06C02","GVA at Constant Basic Prices","20254","2025Q4","1","Foreign-owned multinational enterprise dominated","Euro Million","72876"
"NAQ06C02","GVA at Constant Basic Prices","20254","2025Q4","2","Other sectors excluding the foreign-owned multinational enterprise dominated sector","Euro Million","70150"
"NAQ06S01","GVA at Current Basic Prices (Seasonally Adjusted)","19951","1995Q1","-","All sectors","Euro Million","11919"
"NAQ06S01","GVA at Current Basic Prices (Seasonally Adjusted)","19951","1995Q1","1","Foreign-owned multinational enterprise dominated","Euro Million","2213"
"NAQ06S01","GVA at Current Basic Prices (Seasonally Adjusted)","19951","1995Q1","2","Other sectors excluding the foreign-owned multinational enterprise dominated sector","Euro Million","9706"
"NAQ06S01","GVA at Current Basic Prices (Seasonally Adjusted)","19952","1995Q2","-","All sectors","Euro Million","12305"
"NAQ06S01","GVA at Current Basic Prices (Seasonally Adjusted)","19952","1995Q2","1","Foreign-owned multinational enterprise dominated","Euro Million","2296"
"NAQ06S01","GVA at Current Basic Prices (Seasonally Adjusted)","19952","1995Q2","2","Other sectors excluding the foreign-owned multinational enterprise dominated sector","Euro Million","10009"
"NAQ06S01","GVA at Current Basic Prices (Seasonally Adjusted)","19953","1995Q3","-","All sectors","Euro Million","12526"
"NAQ06S01","GVA at Current Basic Prices (Seasonally Adjusted)","19953","1995Q3","1","Foreign-owned multinational enterprise dominated","Euro Million","2370"
"NAQ06S01","GVA at Current Basic Prices (Seasonally Adjusted)","19953","1995Q3","2","Other sectors excluding the foreign-owned multinational enterprise dominated sector","Euro Million","10156"
"NAQ06S01","GVA at Current Basic Prices (Seasonally Adjusted)","19954","1995Q4","-","All sectors","Euro Million","12764"
"NAQ06S01","GVA at Current Basic Prices (Seasonally Adjusted)","19954","1995Q4","1","Foreign-owned multinational enterprise dominated","Euro Million","2432"
"NAQ06S01","GVA at Current Basic Prices (Seasonally Adjusted)","19954","1995Q4","2","Other sectors excluding the foreign-owned multinational enterprise dominated sector","Euro Million","10332"
"NAQ06S01","GVA at Current Basic Prices (Seasonally Adjusted)","19961","1996Q1","-","All sectors","Euro Million","12889"
"NAQ06S01","GVA at Current Basic Prices (Seasonally Adjusted)","19961","1996Q1","1","Foreign-owned multinational enterprise dominated","Euro Million","2383"
"NAQ06S01","GVA at Current Basic Prices (Seasonally Adjusted)","19961","1996Q1","2","Other sectors excluding the foreign-owned multinational enterprise dominated sector","Euro Million","10506"
"NAQ06S01","GVA at Current Basic Prices (Seasonally Adjusted)","19962","1996Q2","-","All sectors","Euro Million","13285"
"NAQ06S01","GVA at Current Basic Prices (Seasonally Adjusted)","19962","1996Q2","1","Foreign-owned multinational enterprise dominated","Euro Million","2545"
"NAQ06S01","GVA at Current Basic Prices (Seasonally Adjusted)","19962","1996Q2","2","Other sectors excluding the foreign-owned multinational enterprise dominated sector","Euro Million","10740"
"NAQ06S01","GVA at Current Basic Prices (Seasonally Adjusted)","19963","1996Q3","-","All sectors","Euro Million","13400"
"NAQ06S01","GVA at Current Basic Prices (Seasonally Adjusted)","19963","1996Q3","1","Foreign-owned multinational enterprise dominated","Euro Million","2409"
"NAQ06S01","GVA at Current Basic Prices (Seasonally Adjusted)","19963","1996Q3","2","Other sectors excluding the foreign-owned multinational enterprise dominated sector","Euro Million","10991"
"NAQ06S01","GVA at Current Basic Prices (Seasonally Adjusted)","19964","1996Q4","-","All sectors","Euro Million","13932"
"NAQ06S01","GVA at Current Basic Prices (Seasonally Adjusted)","19964","1996Q4","1","Foreign-owned multinational enterprise dominated","Euro Million","2717"
"NAQ06S01","GVA at Current Basic Prices (Seasonally Adjusted)","19964","1996Q4","2","Other sectors excluding the foreign-owned multinational enterprise dominated sector","Euro Million","11214"
"NAQ06S01","GVA at Current Basic Prices (Seasonally Adjusted)","19971","1997Q1","-","All sectors","Euro Million","14558"
"NAQ06S01","GVA at Current Basic Prices (Seasonally Adjusted)","19971","1997Q1","1","Foreign-owned multinational enterprise dominated","Euro Million","2941"
"NAQ06S01","GVA at Current Basic Prices (Seasonally Adjusted)","19971","1997Q1","2","Other sectors excluding the foreign-owned multinational enterprise dominated sector","Euro Million","11618"
"NAQ06S01","GVA at Current Basic Prices (Seasonally Adjusted)","19972","1997Q2","-","All sectors","Euro Million","15211"
"NAQ06S01","GVA at Current Basic Prices (Seasonally Adjusted)","19972","1997Q2","1","Foreign-owned multinational enterprise dominated","Euro Million","3230"
"NAQ06S01","GVA at Current Basic Prices (Seasonally Adjusted)","19972","1997Q2","2","Other sectors excluding the foreign-owned multinational enterprise dominated sector","Euro Million","11981"
"NAQ06S01","GVA at Current Basic Prices (Seasonally Adjusted)","19973","1997Q3","-","All sectors","Euro Million","15936"
"NAQ06S01","GVA at Current Basic Prices (Seasonally Adjusted)","19973","1997Q3","1","Foreign-owned multinational enterprise dominated","Euro Million","3615"
"NAQ06S01","GVA at Current Basic Prices (Seasonally Adjusted)","19973","1997Q3","2","Other sectors excluding the foreign-owned multinational enterprise dominated sector","Euro Million","12321"
"NAQ06S01","GVA at Current Basic Prices (Seasonally Adjusted)","19974","1997Q4","-","All sectors","Euro Million","16355"
"NAQ06S01","GVA at Current Basic Prices (Seasonally Adjusted)","19974","1997Q4","1","Foreign-owned multinational enterprise dominated","Euro Million","3712"
"NAQ06S01","GVA at Current Basic Prices (Seasonally Adjusted)","19974","1997Q4","2","Other sectors excluding the foreign-owned multinational enterprise dominated sector","Euro Million","12643"
"NAQ06S01","GVA at Current Basic Prices (Seasonally Adjusted)","19981","1998Q1","-","All sectors","Euro Million","17536"
"NAQ06S01","GVA at Current Basic Prices (Seasonally Adjusted)","19981","1998Q1","1","Foreign-owned multinational enterprise dominated","Euro Million","4055"
"NAQ06S01","GVA at Current Basic Prices (Seasonally Adjusted)","19981","1998Q1","2","Other sectors excluding the foreign-owned multinational enterprise dominated sector","Euro Million","13481"
"NAQ06S01","GVA at Current Basic Prices (Seasonally Adjusted)","19982","1998Q2","-","All sectors","Euro Million","17842"
"NAQ06S01","GVA at Current Basic Prices (Seasonally Adjusted)","19982","1998Q2","1","Foreign-owned multinational enterprise dominated","Euro Million","4176"
"NAQ06S01","GVA at Current Basic Prices (Seasonally Adjusted)","19982","1998Q2","2","Other sectors excluding the foreign-owned multinational enterprise dominated sector","Euro Million","13667"
"NAQ06S01","GVA at Current Basic Prices (Seasonally Adjusted)","19983","1998Q3","-","All sectors","Euro Million","18764"
"NAQ06S01","GVA at Current Basic Prices (Seasonally Adjusted)","19983","1998Q3","1","Foreign-owned multinational enterprise dominated","Euro Million","4630"
"NAQ06S01","GVA at Current Basic Prices (Seasonally Adjusted)","19983","1998Q3","2","Other sectors excluding the foreign-owned multinational enterprise dominated sector","Euro Million","14133"
"NAQ06S01","GVA at Current Basic Prices (Seasonally Adjusted)","19984","1998Q4","-","All sectors","Euro Million","18891"
"NAQ06S01","GVA at Current Basic Prices (Seasonally Adjusted)","19984","1998Q4","1","Foreign-owned multinational enterprise dominated","Euro Million","4356"
"NAQ06S01","GVA at Current Basic Prices (Seasonally Adjusted)","19984","1998Q4","2","Other sectors excluding the foreign-owned multinational enterprise dominated sector","Euro Million","14535"
"NAQ06S01","GVA at Current Basic Prices (Seasonally Adjusted)","19991","1999Q1","-","All sectors","Euro Million","19682"
"NAQ06S01","GVA at Current Basic Prices (Seasonally Adjusted)","19991","1999Q1","1","Foreign-owned multinational enterprise dominated","Euro Million","4962"
"NAQ06S01","GVA at Current Basic Prices (Seasonally Adjusted)","19991","1999Q1","2","Other sectors excluding the foreign-owned multinational enterprise dominated sector","Euro Million","14720"
"NAQ06S01","GVA at Current Basic Prices (Seasonally Adjusted)","19992","1999Q2","-","All sectors","Euro Million","20074"
"NAQ06S01","GVA at Current Basic Prices (Seasonally Adjusted)","19992","1999Q2","1","Foreign-owned multinational enterprise dominated","Euro Million","4910"
"NAQ06S01","GVA at Current Basic Prices (Seasonally Adjusted)","19992","1999Q2","2","Other sectors excluding the foreign-owned multinational enterprise dominated sector","Euro Million","15164"
"NAQ06S01","GVA at Current Basic Prices (Seasonally Adjusted)","19993","1999Q3","-","All sectors","Euro Million","21099"
"NAQ06S01","GVA at Current Basic Prices (Seasonally Adjusted)","19993","1999Q3","1","Foreign-owned multinational enterprise dominated","Euro Million","5353"
"NAQ06S01","GVA at Current Basic Prices (Seasonally Adjusted)","19993","1999Q3","2","Other sectors excluding the foreign-owned multinational enterprise dominated sector","Euro Million","15746"
"NAQ06S01","GVA at Current Basic Prices (Seasonally Adjusted)","19994","1999Q4","-","All sectors","Euro Million","21925"
"NAQ06S01","GVA at Current Basic Prices (Seasonally Adjusted)","19994","1999Q4","1","Foreign-owned multinational enterprise dominated","Euro Million","5644"
"NAQ06S01","GVA at Current Basic Prices (Seasonally Adjusted)","19994","1999Q4","2","Other sectors excluding the foreign-owned multinational enterprise dominated sector","Euro Million","16281"
"NAQ06S01","GVA at Current Basic Prices (Seasonally Adjusted)","20001","2000Q1","-","All sectors","Euro Million","22660"
"NAQ06S01","GVA at Current Basic Prices (Seasonally Adjusted)","20001","2000Q1","1","Foreign-owned multinational enterprise dominated","Euro Million","5268"
"NAQ06S01","GVA at Current Basic Prices (Seasonally Adjusted)","20001","2000Q1","2","Other sectors excluding the foreign-owned multinational enterprise dominated sector","Euro Million","17392"
"NAQ06S01","GVA at Current Basic Prices (Seasonally Adjusted)","20002","2000Q2","-","All sectors","Euro Million","23738"
"NAQ06S01","GVA at Current Basic Prices (Seasonally Adjusted)","20002","2000Q2","1","Foreign-owned multinational enterprise dominated","Euro Million","5816"
"NAQ06S01","GVA at Current Basic Prices (Seasonally Adjusted)","20002","2000Q2","2","Other sectors excluding the foreign-owned multinational enterprise dominated sector","Euro Million","17921"
"NAQ06S01","GVA at Current Basic Prices (Seasonally Adjusted)","20003","2000Q3","-","All sectors","Euro Million","24593"
"NAQ06S01","GVA at Current Basic Prices (Seasonally Adjusted)","20003","2000Q3","1","Foreign-owned multinational enterprise dominated","Euro Million","6035"
"NAQ06S01","GVA at Current Basic Prices (Seasonally Adjusted)","20003","2000Q3","2","Other sectors excluding the foreign-owned multinational enterprise dominated sector","Euro Million","18558"
"NAQ06S01","GVA at Current Basic Prices (Seasonally Adjusted)","20004","2000Q4","-","All sectors","Euro Million","25706"
"NAQ06S01","GVA at Current Basic Prices (Seasonally Adjusted)","20004","2000Q4","1","Foreign-owned multinational enterprise dominated","Euro Million","6749"
"NAQ06S01","GVA at Current Basic Prices (Seasonally Adjusted)","20004","2000Q4","2","Other sectors excluding the foreign-owned multinational enterprise dominated sector","Euro Million","18957"
"NAQ06S01","GVA at Current Basic Prices (Seasonally Adjusted)","20011","2001Q1","-","All sectors","Euro Million","26614"
"NAQ06S01","GVA at Current Basic Prices (Seasonally Adjusted)","20011","2001Q1","1","Foreign-owned multinational enterprise dominated","Euro Million","7394"
"NAQ06S01","GVA at Current Basic Prices (Seasonally Adjusted)","20011","2001Q1","2","Other sectors excluding the foreign-owned multinational enterprise dominated sector","Euro Million","19220"
"NAQ06S01","GVA at Current Basic Prices (Seasonally Adjusted)","20012","2001Q2","-","All sectors","Euro Million","26973"
"NAQ06S01","GVA at Current Basic Prices (Seasonally Adjusted)","20012","2001Q2","1","Foreign-owned multinational enterprise dominated","Euro Million","6954"
"NAQ06S01","GVA at Current Basic Prices (Seasonally Adjusted)","20012","2001Q2","2","Other sectors excluding the foreign-owned multinational enterprise dominated sector","Euro Million","20019"
"NAQ06S01","GVA at Current Basic Prices (Seasonally Adjusted)","20013","2001Q3","-","All sectors","Euro Million","27202"
"NAQ06S01","GVA at Current Basic Prices (Seasonally Adjusted)","20013","2001Q3","1","Foreign-owned multinational enterprise dominated","Euro Million","6818"
"NAQ06S01","GVA at Current Basic Prices (Seasonally Adjusted)","20013","2001Q3","2","Other sectors excluding the foreign-owned multinational enterprise dominated sector","Euro Million","20384"
"NAQ06S01","GVA at Current Basic Prices (Seasonally Adjusted)","20014","2001Q4","-","All sectors","Euro Million","28095"
"NAQ06S01","GVA at Current Basic Prices (Seasonally Adjusted)","20014","2001Q4","1","Foreign-owned multinational enterprise dominated","Euro Million","7200"
"NAQ06S01","GVA at Current Basic Prices (Seasonally Adjusted)","20014","2001Q4","2","Other sectors excluding the foreign-owned multinational enterprise dominated sector","Euro Million","20895"
"NAQ06S01","GVA at Current Basic Prices (Seasonally Adjusted)","20021","2002Q1","-","All sectors","Euro Million","28870"
"NAQ06S01","GVA at Current Basic Prices (Seasonally Adjusted)","20021","2002Q1","1","Foreign-owned multinational enterprise dominated","Euro Million","7842"
"NAQ06S01","GVA at Current Basic Prices (Seasonally Adjusted)","20021","2002Q1","2","Other sectors excluding the foreign-owned multinational enterprise dominated sector","Euro Million","21028"
"NAQ06S01","GVA at Current Basic Prices (Seasonally Adjusted)","20022","2002Q2","-","All sectors","Euro Million","29808"
"NAQ06S01","GVA at Current Basic Prices (Seasonally Adjusted)","20022","2002Q2","1","Foreign-owned multinational enterprise dominated","Euro Million","8247"
"NAQ06S01","GVA at Current Basic Prices (Seasonally Adjusted)","20022","2002Q2","2","Other sectors excluding the foreign-owned multinational enterprise dominated sector","Euro Million","21561"
"NAQ06S01","GVA at Current Basic Prices (Seasonally Adjusted)","20023","2002Q3","-","All sectors","Euro Million","30897"
"NAQ06S01","GVA at Current Basic Prices (Seasonally Adjusted)","20023","2002Q3","1","Foreign-owned multinational enterprise dominated","Euro Million","8757"
"NAQ06S01","GVA at Current Basic Prices (Seasonally Adjusted)","20023","2002Q3","2","Other sectors excluding the foreign-owned multinational enterprise dominated sector","Euro Million","22140"
"NAQ06S01","GVA at Current Basic Prices (Seasonally Adjusted)","20024","2002Q4","-","All sectors","Euro Million","31075"
"NAQ06S01","GVA at Current Basic Prices (Seasonally Adjusted)","20024","2002Q4","1","Foreign-owned multinational enterprise dominated","Euro Million","8221"
"NAQ06S01","GVA at Current Basic Prices (Seasonally Adjusted)","20024","2002Q4","2","Other sectors excluding the foreign-owned multinational enterprise dominated sector","Euro Million","22854"
"NAQ06S01","GVA at Current Basic Prices (Seasonally Adjusted)","20031","2003Q1","-","All sectors","Euro Million","30784"
"NAQ06S01","GVA at Current Basic Prices (Seasonally Adjusted)","20031","2003Q1","1","Foreign-owned multinational enterprise dominated","Euro Million","7118"
"NAQ06S01","GVA at Current Basic Prices (Seasonally Adjusted)","20031","2003Q1","2","Other sectors excluding the foreign-owned multinational enterprise dominated sector","Euro Million","23666"
"NAQ06S01","GVA at Current Basic Prices (Seasonally Adjusted)","20032","2003Q2","-","All sectors","Euro Million","31760"
"NAQ06S01","GVA at Current Basic Prices (Seasonally Adjusted)","20032","2003Q2","1","Foreign-owned multinational enterprise dominated","Euro Million","7622"
"NAQ06S01","GVA at Current Basic Prices (Seasonally Adjusted)","20032","2003Q2","2","Other sectors excluding the foreign-owned multinational enterprise dominated sector","Euro Million","24137"
"NAQ06S01","GVA at Current Basic Prices (Seasonally Adjusted)","20033","2003Q3","-","All sectors","Euro Million","32302"
"NAQ06S01","GVA at Current Basic Prices (Seasonally Adjusted)","20033","2003Q3","1","Foreign-owned multinational enterprise dominated","Euro Million","7011"
"NAQ06S01","GVA at Current Basic Prices (Seasonally Adjusted)","20033","2003Q3","2","Other sectors excluding the foreign-owned multinational enterprise dominated sector","Euro Million","25290"
"NAQ06S01","GVA at Current Basic Prices (Seasonally Adjusted)","20034","2003Q4","-","All sectors","Euro Million","34528"
"NAQ06S01","GVA at Current Basic Prices (Seasonally Adjusted)","20034","2003Q4","1","Foreign-owned multinational enterprise dominated","Euro Million","8745"
"NAQ06S01","GVA at Current Basic Prices (Seasonally Adjusted)","20034","2003Q4","2","Other sectors excluding the foreign-owned multinational enterprise dominated sector","Euro Million","25783"
"NAQ06S01","GVA at Current Basic Prices (Seasonally Adjusted)","20041","2004Q1","-","All sectors","Euro Million","33558"
"NAQ06S01","GVA at Current Basic Prices (Seasonally Adjusted)","20041","2004Q1","1","Foreign-owned multinational enterprise dominated","Euro Million","7415"
"NAQ06S01","GVA at Current Basic Prices (Seasonally Adjusted)","20041","2004Q1","2","Other sectors excluding the foreign-owned multinational enterprise dominated sector","Euro Million","26143"
"NAQ06S01","GVA at Current Basic Prices (Seasonally Adjusted)","20042","2004Q2","-","All sectors","Euro Million","34231"
"NAQ06S01","GVA at Current Basic Prices (Seasonally Adjusted)","20042","2004Q2","1","Foreign-owned multinational enterprise dominated","Euro Million","7648"
"NAQ06S01","GVA at Current Basic Prices (Seasonally Adjusted)","20042","2004Q2","2","Other sectors excluding the foreign-owned multinational enterprise dominated sector","Euro Million","26583"
"NAQ06S01","GVA at Current Basic Prices (Seasonally Adjusted)","20043","2004Q3","-","All sectors","Euro Million","34196"
"NAQ06S01","GVA at Current Basic Prices (Seasonally Adjusted)","20043","2004Q3","1","Foreign-owned multinational enterprise dominated","Euro Million","7289"
"NAQ06S01","GVA at Current Basic Prices (Seasonally Adjusted)","20043","2004Q3","2","Other sectors excluding the foreign-owned multinational enterprise dominated sector","Euro Million","26906"
"NAQ06S01","GVA at Current Basic Prices (Seasonally Adjusted)","20044","2004Q4","-","All sectors","Euro Million","35365"
"NAQ06S01","GVA at Current Basic Prices (Seasonally Adjusted)","20044","2004Q4","1","Foreign-owned multinational enterprise dominated","Euro Million","7757"
"NAQ06S01","GVA at Current Basic Prices (Seasonally Adjusted)","20044","2004Q4","2","Other sectors excluding the foreign-owned multinational enterprise dominated sector","Euro Million","27608"
"NAQ06S01","GVA at Current Basic Prices (Seasonally Adjusted)","20051","2005Q1","-","All sectors","Euro Million","36660"
"NAQ06S01","GVA at Current Basic Prices (Seasonally Adjusted)","20051","2005Q1","1","Foreign-owned multinational enterprise dominated","Euro Million","8192"
"NAQ06S01","GVA at Current Basic Prices (Seasonally Adjusted)","20051","2005Q1","2","Other sectors excluding the foreign-owned multinational enterprise dominated sector","Euro Million","28468"
"NAQ06S01","GVA at Current Basic Prices (Seasonally Adjusted)","20052","2005Q2","-","All sectors","Euro Million","36903"
"NAQ06S01","GVA at Current Basic Prices (Seasonally Adjusted)","20052","2005Q2","1","Foreign-owned multinational enterprise dominated","Euro Million","7506"
"NAQ06S01","GVA at Current Basic Prices (Seasonally Adjusted)","20052","2005Q2","2","Other sectors excluding the foreign-owned multinational enterprise dominated sector","Euro Million","29397"
"NAQ06S01","GVA at Current Basic Prices (Seasonally Adjusted)","20053","2005Q3","-","All sectors","Euro Million","37368"
"NAQ06S01","GVA at Current Basic Prices (Seasonally Adjusted)","20053","2005Q3","1","Foreign-owned multinational enterprise dominated","Euro Million","7338"
"NAQ06S01","GVA at Current Basic Prices (Seasonally Adjusted)","20053","2005Q3","2","Other sectors excluding the foreign-owned multinational enterprise dominated sector","Euro Million","30030"
"NAQ06S01","GVA at Current Basic Prices (Seasonally Adjusted)","20054","2005Q4","-","All sectors","Euro Million","38465"
"NAQ06S01","GVA at Current Basic Prices (Seasonally Adjusted)","20054","2005Q4","1","Foreign-owned multinational enterprise dominated","Euro Million","7601"
"NAQ06S01","GVA at Current Basic Prices (Seasonally Adjusted)","20054","2005Q4","2","Other sectors excluding the foreign-owned multinational enterprise dominated sector","Euro Million","30864"
"NAQ06S01","GVA at Current Basic Prices (Seasonally Adjusted)","20061","2006Q1","-","All sectors","Euro Million","39714"
"NAQ06S01","GVA at Current Basic Prices (Seasonally Adjusted)","20061","2006Q1","1","Foreign-owned multinational enterprise dominated","Euro Million","7448"
"NAQ06S01","GVA at Current Basic Prices (Seasonally Adjusted)","20061","2006Q1","2","Other sectors excluding the foreign-owned multinational enterprise dominated sector","Euro Million","32266"
"NAQ06S01","GVA at Current Basic Prices (Seasonally Adjusted)","20062","2006Q2","-","All sectors","Euro Million","40338"
"NAQ06S01","GVA at Current Basic Prices (Seasonally Adjusted)","20062","2006Q2","1","Foreign-owned multinational enterprise dominated","Euro Million","8066"
"NAQ06S01","GVA at Current Basic Prices (Seasonally Adjusted)","20062","2006Q2","2","Other sectors excluding the foreign-owned multinational enterprise dominated sector","Euro Million","32271"
"NAQ06S01","GVA at Current Basic Prices (Seasonally Adjusted)","20063","2006Q3","-","All sectors","Euro Million","40719"
"NAQ06S01","GVA at Current Basic Prices (Seasonally Adjusted)","20063","2006Q3","1","Foreign-owned multinational enterprise dominated","Euro Million","8108"
"NAQ06S01","GVA at Current Basic Prices (Seasonally Adjusted)","20063","2006Q3","2","Other sectors excluding the foreign-owned multinational enterprise dominated sector","Euro Million","32611"
"NAQ06S01","GVA at Current Basic Prices (Seasonally Adjusted)","20064","2006Q4","-","All sectors","Euro Million","42017"
"NAQ06S01","GVA at Current Basic Prices (Seasonally Adjusted)","20064","2006Q4","1","Foreign-owned multinational enterprise dominated","Euro Million","7506"
"NAQ06S01","GVA at Current Basic Prices (Seasonally Adjusted)","20064","2006Q4","2","Other sectors excluding the foreign-owned multinational enterprise dominated sector","Euro Million","34511"
"NAQ06S01","GVA at Current Basic Prices (Seasonally Adjusted)","20071","2007Q1","-","All sectors","Euro Million","42907"
"NAQ06S01","GVA at Current Basic Prices (Seasonally Adjusted)","20071","2007Q1","1","Foreign-owned multinational enterprise dominated","Euro Million","8415"
"NAQ06S01","GVA at Current Basic Prices (Seasonally Adjusted)","20071","2007Q1","2","Other sectors excluding the foreign-owned multinational enterprise dominated sector","Euro Million","34492"
"NAQ06S01","GVA at Current Basic Prices (Seasonally Adjusted)","20072","2007Q2","-","All sectors","Euro Million","43356"
"NAQ06S01","GVA at Current Basic Prices (Seasonally Adjusted)","20072","2007Q2","1","Foreign-owned multinational enterprise dominated","Euro Million","7873"
"NAQ06S01","GVA at Current Basic Prices (Seasonally Adjusted)","20072","2007Q2","2","Other sectors excluding the foreign-owned multinational enterprise dominated sector","Euro Million","35482"
"NAQ06S01","GVA at Current Basic Prices (Seasonally Adjusted)","20073","2007Q3","-","All sectors","Euro Million","43948"
"NAQ06S01","GVA at Current Basic Prices (Seasonally Adjusted)","20073","2007Q3","1","Foreign-owned multinational enterprise dominated","Euro Million","7945"
"NAQ06S01","GVA at Current Basic Prices (Seasonally Adjusted)","20073","2007Q3","2","Other sectors excluding the foreign-owned multinational enterprise dominated sector","Euro Million","36003"
"NAQ06S01","GVA at Current Basic Prices (Seasonally Adjusted)","20074","2007Q4","-","All sectors","Euro Million","45035"
"NAQ06S01","GVA at Current Basic Prices (Seasonally Adjusted)","20074","2007Q4","1","Foreign-owned multinational enterprise dominated","Euro Million","8766"
"NAQ06S01","GVA at Current Basic Prices (Seasonally Adjusted)","20074","2007Q4","2","Other sectors excluding the foreign-owned multinational enterprise dominated sector","Euro Million","36269"
"NAQ06S01","GVA at Current Basic Prices (Seasonally Adjusted)","20081","2008Q1","-","All sectors","Euro Million","42080"
"NAQ06S01","GVA at Current Basic Prices (Seasonally Adjusted)","20081","2008Q1","1","Foreign-owned multinational enterprise dominated","Euro Million","8075"
"NAQ06S01","GVA at Current Basic Prices (Seasonally Adjusted)","20081","2008Q1","2","Other sectors excluding the foreign-owned multinational enterprise dominated sector","Euro Million","34004"
"NAQ06S01","GVA at Current Basic Prices (Seasonally Adjusted)","20082","2008Q2","-","All sectors","Euro Million","42240"
"NAQ06S01","GVA at Current Basic Prices (Seasonally Adjusted)","20082","2008Q2","1","Foreign-owned multinational enterprise dominated","Euro Million","8438"
"NAQ06S01","GVA at Current Basic Prices (Seasonally Adjusted)","20082","2008Q2","2","Other sectors excluding the foreign-owned multinational enterprise dominated sector","Euro Million","33802"
"NAQ06S01","GVA at Current Basic Prices (Seasonally Adjusted)","20083","2008Q3","-","All sectors","Euro Million","42474"
"NAQ06S01","GVA at Current Basic Prices (Seasonally Adjusted)","20083","2008Q3","1","Foreign-owned multinational enterprise dominated","Euro Million","9058"
"NAQ06S01","GVA at Current Basic Prices (Seasonally Adjusted)","20083","2008Q3","2","Other sectors excluding the foreign-owned multinational enterprise dominated sector","Euro Million","33416"
"NAQ06S01","GVA at Current Basic Prices (Seasonally Adjusted)","20084","2008Q4","-","All sectors","Euro Million","40729"
"NAQ06S01","GVA at Current Basic Prices (Seasonally Adjusted)","20084","2008Q4","1","Foreign-owned multinational enterprise dominated","Euro Million","7656"
"NAQ06S01","GVA at Current Basic Prices (Seasonally Adjusted)","20084","2008Q4","2","Other sectors excluding the foreign-owned multinational enterprise dominated sector","Euro Million","33073"
"NAQ06S01","GVA at Current Basic Prices (Seasonally Adjusted)","20091","2009Q1","-","All sectors","Euro Million","38257"
"NAQ06S01","GVA at Current Basic Prices (Seasonally Adjusted)","20091","2009Q1","1","Foreign-owned multinational enterprise dominated","Euro Million","9290"
"NAQ06S01","GVA at Current Basic Prices (Seasonally Adjusted)","20091","2009Q1","2","Other sectors excluding the foreign-owned multinational enterprise dominated sector","Euro Million","28968"
"NAQ06S01","GVA at Current Basic Prices (Seasonally Adjusted)","20092","2009Q2","-","All sectors","Euro Million","38479"
"NAQ06S01","GVA at Current Basic Prices (Seasonally Adjusted)","20092","2009Q2","1","Foreign-owned multinational enterprise dominated","Euro Million","9557"
"NAQ06S01","GVA at Current Basic Prices (Seasonally Adjusted)","20092","2009Q2","2","Other sectors excluding the foreign-owned multinational enterprise dominated sector","Euro Million","28922"
"NAQ06S01","GVA at Current Basic Prices (Seasonally Adjusted)","20093","2009Q3","-","All sectors","Euro Million","38212"
"NAQ06S01","GVA at Current Basic Prices (Seasonally Adjusted)","20093","2009Q3","1","Foreign-owned multinational enterprise dominated","Euro Million","9254"
"NAQ06S01","GVA at Current Basic Prices (Seasonally Adjusted)","20093","2009Q3","2","Other sectors excluding the foreign-owned multinational enterprise dominated sector","Euro Million","28958"
"NAQ06S01","GVA at Current Basic Prices (Seasonally Adjusted)","20094","2009Q4","-","All sectors","Euro Million","37785"
"NAQ06S01","GVA at Current Basic Prices (Seasonally Adjusted)","20094","2009Q4","1","Foreign-owned multinational enterprise dominated","Euro Million","9003"
"NAQ06S01","GVA at Current Basic Prices (Seasonally Adjusted)","20094","2009Q4","2","Other sectors excluding the foreign-owned multinational enterprise dominated sector","Euro Million","28782"
"NAQ06S01","GVA at Current Basic Prices (Seasonally Adjusted)","20101","2010Q1","-","All sectors","Euro Million","37739"
"NAQ06S01","GVA at Current Basic Prices (Seasonally Adjusted)","20101","2010Q1","1","Foreign-owned multinational enterprise dominated","Euro Million","9096"
"NAQ06S01","GVA at Current Basic Prices (Seasonally Adjusted)","20101","2010Q1","2","Other sectors excluding the foreign-owned multinational enterprise dominated sector","Euro Million","28642"
"NAQ06S01","GVA at Current Basic Prices (Seasonally Adjusted)","20102","2010Q2","-","All sectors","Euro Million","37423"
"NAQ06S01","GVA at Current Basic Prices (Seasonally Adjusted)","20102","2010Q2","1","Foreign-owned multinational enterprise dominated","Euro Million","8625"
"NAQ06S01","GVA at Current Basic Prices (Seasonally Adjusted)","20102","2010Q2","2","Other sectors excluding the foreign-owned multinational enterprise dominated sector","Euro Million","28798"
"NAQ06S01","GVA at Current Basic Prices (Seasonally Adjusted)","20103","2010Q3","-","All sectors","Euro Million","38382"
"NAQ06S01","GVA at Current Basic Prices (Seasonally Adjusted)","20103","2010Q3","1","Foreign-owned multinational enterprise dominated","Euro Million","9354"
"NAQ06S01","GVA at Current Basic Prices (Seasonally Adjusted)","20103","2010Q3","2","Other sectors excluding the foreign-owned multinational enterprise dominated sector","Euro Million","29027"
"NAQ06S01","GVA at Current Basic Prices (Seasonally Adjusted)","20104","2010Q4","-","All sectors","Euro Million","38937"
"NAQ06S01","GVA at Current Basic Prices (Seasonally Adjusted)","20104","2010Q4","1","Foreign-owned multinational enterprise dominated","Euro Million","9489"
"NAQ06S01","GVA at Current Basic Prices (Seasonally Adjusted)","20104","2010Q4","2","Other sectors excluding the foreign-owned multinational enterprise dominated sector","Euro Million","29448"
"NAQ06S01","GVA at Current Basic Prices (Seasonally Adjusted)","20111","2011Q1","-","All sectors","Euro Million","38818"
"NAQ06S01","GVA at Current Basic Prices (Seasonally Adjusted)","20111","2011Q1","1","Foreign-owned multinational enterprise dominated","Euro Million","9561"
"NAQ06S01","GVA at Current Basic Prices (Seasonally Adjusted)","20111","2011Q1","2","Other sectors excluding the foreign-owned multinational enterprise dominated sector","Euro Million","29257"
"NAQ06S01","GVA at Current Basic Prices (Seasonally Adjusted)","20112","2011Q2","-","All sectors","Euro Million","39838"
"NAQ06S01","GVA at Current Basic Prices (Seasonally Adjusted)","20112","2011Q2","1","Foreign-owned multinational enterprise dominated","Euro Million","10105"
"NAQ06S01","GVA at Current Basic Prices (Seasonally Adjusted)","20112","2011Q2","2","Other sectors excluding the foreign-owned multinational enterprise dominated sector","Euro Million","29733"
"NAQ06S01","GVA at Current Basic Prices (Seasonally Adjusted)","20113","2011Q3","-","All sectors","Euro Million","39504"
"NAQ06S01","GVA at Current Basic Prices (Seasonally Adjusted)","20113","2011Q3","1","Foreign-owned multinational enterprise dominated","Euro Million","9620"
"NAQ06S01","GVA at Current Basic Prices (Seasonally Adjusted)","20113","2011Q3","2","Other sectors excluding the foreign-owned multinational enterprise dominated sector","Euro Million","29883"
"NAQ06S01","GVA at Current Basic Prices (Seasonally Adjusted)","20114","2011Q4","-","All sectors","Euro Million","39733"
"NAQ06S01","GVA at Current Basic Prices (Seasonally Adjusted)","20114","2011Q4","1","Foreign-owned multinational enterprise dominated","Euro Million","9638"
"NAQ06S01","GVA at Current Basic Prices (Seasonally Adjusted)","20114","2011Q4","2","Other sectors excluding the foreign-owned multinational enterprise dominated sector","Euro Million","30095"
"NAQ06S01","GVA at Current Basic Prices (Seasonally Adjusted)","20121","2012Q1","-","All sectors","Euro Million","40309"
"NAQ06S01","GVA at Current Basic Prices (Seasonally Adjusted)","20121","2012Q1","1","Foreign-owned multinational enterprise dominated","Euro Million","10131"
"NAQ06S01","GVA at Current Basic Prices (Seasonally Adjusted)","20121","2012Q1","2","Other sectors excluding the foreign-owned multinational enterprise dominated sector","Euro Million","30178"
"NAQ06S01","GVA at Current Basic Prices (Seasonally Adjusted)","20122","2012Q2","-","All sectors","Euro Million","40329"
"NAQ06S01","GVA at Current Basic Prices (Seasonally Adjusted)","20122","2012Q2","1","Foreign-owned multinational enterprise dominated","Euro Million","10085"
"NAQ06S01","GVA at Current Basic Prices (Seasonally Adjusted)","20122","2012Q2","2","Other sectors excluding the foreign-owned multinational enterprise dominated sector","Euro Million","30244"
"NAQ06S01","GVA at Current Basic Prices (Seasonally Adjusted)","20123","2012Q3","-","All sectors","Euro Million","40229"
"NAQ06S01","GVA at Current Basic Prices (Seasonally Adjusted)","20123","2012Q3","1","Foreign-owned multinational enterprise dominated","Euro Million","9788"
"NAQ06S01","GVA at Current Basic Prices (Seasonally Adjusted)","20123","2012Q3","2","Other sectors excluding the foreign-owned multinational enterprise dominated sector","Euro Million","30441"
"NAQ06S01","GVA at Current Basic Prices (Seasonally Adjusted)","20124","2012Q4","-","All sectors","Euro Million","40656"
"NAQ06S01","GVA at Current Basic Prices (Seasonally Adjusted)","20124","2012Q4","1","Foreign-owned multinational enterprise dominated","Euro Million","9426"
"NAQ06S01","GVA at Current Basic Prices (Seasonally Adjusted)","20124","2012Q4","2","Other sectors excluding the foreign-owned multinational enterprise dominated sector","Euro Million","31229"
"NAQ06S01","GVA at Current Basic Prices (Seasonally Adjusted)","20131","2013Q1","-","All sectors","Euro Million","40847"
"NAQ06S01","GVA at Current Basic Prices (Seasonally Adjusted)","20131","2013Q1","1","Foreign-owned multinational enterprise dominated","Euro Million","9634"
"NAQ06S01","GVA at Current Basic Prices (Seasonally Adjusted)","20131","2013Q1","2","Other sectors excluding the foreign-owned multinational enterprise dominated sector","Euro Million","31213"
"NAQ06S01","GVA at Current Basic Prices (Seasonally Adjusted)","20132","2013Q2","-","All sectors","Euro Million","41847"
"NAQ06S01","GVA at Current Basic Prices (Seasonally Adjusted)","20132","2013Q2","1","Foreign-owned multinational enterprise dominated","Euro Million","9738"
"NAQ06S01","GVA at Current Basic Prices (Seasonally Adjusted)","20132","2013Q2","2","Other sectors excluding the foreign-owned multinational enterprise dominated sector","Euro Million","32110"
"NAQ06S01","GVA at Current Basic Prices (Seasonally Adjusted)","20133","2013Q3","-","All sectors","Euro Million","43128"
"NAQ06S01","GVA at Current Basic Prices (Seasonally Adjusted)","20133","2013Q3","1","Foreign-owned multinational enterprise dominated","Euro Million","10355"
"NAQ06S01","GVA at Current Basic Prices (Seasonally Adjusted)","20133","2013Q3","2","Other sectors excluding the foreign-owned multinational enterprise dominated sector","Euro Million","32773"
"NAQ06S01","GVA at Current Basic Prices (Seasonally Adjusted)","20134","2013Q4","-","All sectors","Euro Million","43079"
"NAQ06S01","GVA at Current Basic Prices (Seasonally Adjusted)","20134","2013Q4","1","Foreign-owned multinational enterprise dominated","Euro Million","9722"
"NAQ06S01","GVA at Current Basic Prices (Seasonally Adjusted)","20134","2013Q4","2","Other sectors excluding the foreign-owned multinational enterprise dominated sector","Euro Million","33357"
"NAQ06S01","GVA at Current Basic Prices (Seasonally Adjusted)","20141","2014Q1","-","All sectors","Euro Million","44529"
"NAQ06S01","GVA at Current Basic Prices (Seasonally Adjusted)","20141","2014Q1","1","Foreign-owned multinational enterprise dominated","Euro Million","10364"
"NAQ06S01","GVA at Current Basic Prices (Seasonally Adjusted)","20141","2014Q1","2","Other sectors excluding the foreign-owned multinational enterprise dominated sector","Euro Million","34165"
"NAQ06S01","GVA at Current Basic Prices (Seasonally Adjusted)","20142","2014Q2","-","All sectors","Euro Million","47337"
"NAQ06S01","GVA at Current Basic Prices (Seasonally Adjusted)","20142","2014Q2","1","Foreign-owned multinational enterprise dominated","Euro Million","12277"
"NAQ06S01","GVA at Current Basic Prices (Seasonally Adjusted)","20142","2014Q2","2","Other sectors excluding the foreign-owned multinational enterprise dominated sector","Euro Million","35060"
"NAQ06S01","GVA at Current Basic Prices (Seasonally Adjusted)","20143","2014Q3","-","All sectors","Euro Million","46863"
"NAQ06S01","GVA at Current Basic Prices (Seasonally Adjusted)","20143","2014Q3","1","Foreign-owned multinational enterprise dominated","Euro Million","10979"
"NAQ06S01","GVA at Current Basic Prices (Seasonally Adjusted)","20143","2014Q3","2","Other sectors excluding the foreign-owned multinational enterprise dominated sector","Euro Million","35883"
"NAQ06S01","GVA at Current Basic Prices (Seasonally Adjusted)","20144","2014Q4","-","All sectors","Euro Million","47661"
"NAQ06S01","GVA at Current Basic Prices (Seasonally Adjusted)","20144","2014Q4","1","Foreign-owned multinational enterprise dominated","Euro Million","11339"
"NAQ06S01","GVA at Current Basic Prices (Seasonally Adjusted)","20144","2014Q4","2","Other sectors excluding the foreign-owned multinational enterprise dominated sector","Euro Million","36322"
"NAQ06S01","GVA at Current Basic Prices (Seasonally Adjusted)","20151","2015Q1","-","All sectors","Euro Million","61435"
"NAQ06S01","GVA at Current Basic Prices (Seasonally Adjusted)","20151","2015Q1","1","Foreign-owned multinational enterprise dominated","Euro Million","24515"
"NAQ06S01","GVA at Current Basic Prices (Seasonally Adjusted)","20151","2015Q1","2","Other sectors excluding the foreign-owned multinational enterprise dominated sector","Euro Million","36920"
"NAQ06S01","GVA at Current Basic Prices (Seasonally Adjusted)","20152","2015Q2","-","All sectors","Euro Million","62982"
"NAQ06S01","GVA at Current Basic Prices (Seasonally Adjusted)","20152","2015Q2","1","Foreign-owned multinational enterprise dominated","Euro Million","25604"
"NAQ06S01","GVA at Current Basic Prices (Seasonally Adjusted)","20152","2015Q2","2","Other sectors excluding the foreign-owned multinational enterprise dominated sector","Euro Million","37378"
"NAQ06S01","GVA at Current Basic Prices (Seasonally Adjusted)","20153","2015Q3","-","All sectors","Euro Million","64472"
"NAQ06S01","GVA at Current Basic Prices (Seasonally Adjusted)","20153","2015Q3","1","Foreign-owned multinational enterprise dominated","Euro Million","26262"
"NAQ06S01","GVA at Current Basic Prices (Seasonally Adjusted)","20153","2015Q3","2","Other sectors excluding the foreign-owned multinational enterprise dominated sector","Euro Million","38210"
"NAQ06S01","GVA at Current Basic Prices (Seasonally Adjusted)","20154","2015Q4","-","All sectors","Euro Million","66832"
"NAQ06S01","GVA at Current Basic Prices (Seasonally Adjusted)","20154","2015Q4","1","Foreign-owned multinational enterprise dominated","Euro Million","28226"
"NAQ06S01","GVA at Current Basic Prices (Seasonally Adjusted)","20154","2015Q4","2","Other sectors excluding the foreign-owned multinational enterprise dominated sector","Euro Million","38607"
"NAQ06S01","GVA at Current Basic Prices (Seasonally Adjusted)","20161","2016Q1","-","All sectors","Euro Million","62686"
"NAQ06S01","GVA at Current Basic Prices (Seasonally Adjusted)","20161","2016Q1","1","Foreign-owned multinational enterprise dominated","Euro Million","23833"
"NAQ06S01","GVA at Current Basic Prices (Seasonally Adjusted)","20161","2016Q1","2","Other sectors excluding the foreign-owned multinational enterprise dominated sector","Euro Million","38853"
"NAQ06S01","GVA at Current Basic Prices (Seasonally Adjusted)","20162","2016Q2","-","All sectors","Euro Million","62658"
"NAQ06S01","GVA at Current Basic Prices (Seasonally Adjusted)","20162","2016Q2","1","Foreign-owned multinational enterprise dominated","Euro Million","23400"
"NAQ06S01","GVA at Current Basic Prices (Seasonally Adjusted)","20162","2016Q2","2","Other sectors excluding the foreign-owned multinational enterprise dominated sector","Euro Million","39258"
"NAQ06S01","GVA at Current Basic Prices (Seasonally Adjusted)","20163","2016Q3","-","All sectors","Euro Million","63595"
"NAQ06S01","GVA at Current Basic Prices (Seasonally Adjusted)","20163","2016Q3","1","Foreign-owned multinational enterprise dominated","Euro Million","24052"
"NAQ06S01","GVA at Current Basic Prices (Seasonally Adjusted)","20163","2016Q3","2","Other sectors excluding the foreign-owned multinational enterprise dominated sector","Euro Million","39543"
"NAQ06S01","GVA at Current Basic Prices (Seasonally Adjusted)","20164","2016Q4","-","All sectors","Euro Million","66156"
"NAQ06S01","GVA at Current Basic Prices (Seasonally Adjusted)","20164","2016Q4","1","Foreign-owned multinational enterprise dominated","Euro Million","26762"
"NAQ06S01","GVA at Current Basic Prices (Seasonally Adjusted)","20164","2016Q4","2","Other sectors excluding the foreign-owned multinational enterprise dominated sector","Euro Million","39393"
"NAQ06S01","GVA at Current Basic Prices (Seasonally Adjusted)","20171","2017Q1","-","All sectors","Euro Million","69766"
"NAQ06S01","GVA at Current Basic Prices (Seasonally Adjusted)","20171","2017Q1","1","Foreign-owned multinational enterprise dominated","Euro Million","27656"
"NAQ06S01","GVA at Current Basic Prices (Seasonally Adjusted)","20171","2017Q1","2","Other sectors excluding the foreign-owned multinational enterprise dominated sector","Euro Million","42110"
"NAQ06S01","GVA at Current Basic Prices (Seasonally Adjusted)","20172","2017Q2","-","All sectors","Euro Million","68995"
"NAQ06S01","GVA at Current Basic Prices (Seasonally Adjusted)","20172","2017Q2","1","Foreign-owned multinational enterprise dominated","Euro Million","26641"
"NAQ06S01","GVA at Current Basic Prices (Seasonally Adjusted)","20172","2017Q2","2","Other sectors excluding the foreign-owned multinational enterprise dominated sector","Euro Million","42354"
"NAQ06S01","GVA at Current Basic Prices (Seasonally Adjusted)","20173","2017Q3","-","All sectors","Euro Million","72339"
"NAQ06S01","GVA at Current Basic Prices (Seasonally Adjusted)","20173","2017Q3","1","Foreign-owned multinational enterprise dominated","Euro Million","29350"
"NAQ06S01","GVA at Current Basic Prices (Seasonally Adjusted)","20173","2017Q3","2","Other sectors excluding the foreign-owned multinational enterprise dominated sector","Euro Million","42989"
"NAQ06S01","GVA at Current Basic Prices (Seasonally Adjusted)","20174","2017Q4","-","All sectors","Euro Million","75370"
"NAQ06S01","GVA at Current Basic Prices (Seasonally Adjusted)","20174","2017Q4","1","Foreign-owned multinational enterprise dominated","Euro Million","31972"
"NAQ06S01","GVA at Current Basic Prices (Seasonally Adjusted)","20174","2017Q4","2","Other sectors excluding the foreign-owned multinational enterprise dominated sector","Euro Million","43397"
"NAQ06S01","GVA at Current Basic Prices (Seasonally Adjusted)","20181","2018Q1","-","All sectors","Euro Million","76403"
"NAQ06S01","GVA at Current Basic Prices (Seasonally Adjusted)","20181","2018Q1","1","Foreign-owned multinational enterprise dominated","Euro Million","32522"
"NAQ06S01","GVA at Current Basic Prices (Seasonally Adjusted)","20181","2018Q1","2","Other sectors excluding the foreign-owned multinational enterprise dominated sector","Euro Million","43880"
"NAQ06S01","GVA at Current Basic Prices (Seasonally Adjusted)","20182","2018Q2","-","All sectors","Euro Million","77190"
"NAQ06S01","GVA at Current Basic Prices (Seasonally Adjusted)","20182","2018Q2","1","Foreign-owned multinational enterprise dominated","Euro Million","32152"
"NAQ06S01","GVA at Current Basic Prices (Seasonally Adjusted)","20182","2018Q2","2","Other sectors excluding the foreign-owned multinational enterprise dominated sector","Euro Million","45038"
"NAQ06S01","GVA at Current Basic Prices (Seasonally Adjusted)","20183","2018Q3","-","All sectors","Euro Million","80399"
"NAQ06S01","GVA at Current Basic Prices (Seasonally Adjusted)","20183","2018Q3","1","Foreign-owned multinational enterprise dominated","Euro Million","34715"
"NAQ06S01","GVA at Current Basic Prices (Seasonally Adjusted)","20183","2018Q3","2","Other sectors excluding the foreign-owned multinational enterprise dominated sector","Euro Million","45684"
"NAQ06S01","GVA at Current Basic Prices (Seasonally Adjusted)","20184","2018Q4","-","All sectors","Euro Million","81765"
"NAQ06S01","GVA at Current Basic Prices (Seasonally Adjusted)","20184","2018Q4","1","Foreign-owned multinational enterprise dominated","Euro Million","35198"
"NAQ06S01","GVA at Current Basic Prices (Seasonally Adjusted)","20184","2018Q4","2","Other sectors excluding the foreign-owned multinational enterprise dominated sector","Euro Million","46567"
"NAQ06S01","GVA at Current Basic Prices (Seasonally Adjusted)","20191","2019Q1","-","All sectors","Euro Million","81574"
"NAQ06S01","GVA at Current Basic Prices (Seasonally Adjusted)","20191","2019Q1","1","Foreign-owned multinational enterprise dominated","Euro Million","34596"
"NAQ06S01","GVA at Current Basic Prices (Seasonally Adjusted)","20191","2019Q1","2","Other sectors excluding the foreign-owned multinational enterprise dominated sector","Euro Million","46978"
"NAQ06S01","GVA at Current Basic Prices (Seasonally Adjusted)","20192","2019Q2","-","All sectors","Euro Million","85394"
"NAQ06S01","GVA at Current Basic Prices (Seasonally Adjusted)","20192","2019Q2","1","Foreign-owned multinational enterprise dominated","Euro Million","38433"
"NAQ06S01","GVA at Current Basic Prices (Seasonally Adjusted)","20192","2019Q2","2","Other sectors excluding the foreign-owned multinational enterprise dominated sector","Euro Million","46961"
"NAQ06S01","GVA at Current Basic Prices (Seasonally Adjusted)","20193","2019Q3","-","All sectors","Euro Million","86687"
"NAQ06S01","GVA at Current Basic Prices (Seasonally Adjusted)","20193","2019Q3","1","Foreign-owned multinational enterprise dominated","Euro Million","38811"
"NAQ06S01","GVA at Current Basic Prices (Seasonally Adjusted)","20193","2019Q3","2","Other sectors excluding the foreign-owned multinational enterprise dominated sector","Euro Million","47875"
"NAQ06S01","GVA at Current Basic Prices (Seasonally Adjusted)","20194","2019Q4","-","All sectors","Euro Million","89647"
"NAQ06S01","GVA at Current Basic Prices (Seasonally Adjusted)","20194","2019Q4","1","Foreign-owned multinational enterprise dominated","Euro Million","40459"
"NAQ06S01","GVA at Current Basic Prices (Seasonally Adjusted)","20194","2019Q4","2","Other sectors excluding the foreign-owned multinational enterprise dominated sector","Euro Million","49188"
"NAQ06S01","GVA at Current Basic Prices (Seasonally Adjusted)","20201","2020Q1","-","All sectors","Euro Million","91343"
"NAQ06S01","GVA at Current Basic Prices (Seasonally Adjusted)","20201","2020Q1","1","Foreign-owned multinational enterprise dominated","Euro Million","42427"
"NAQ06S01","GVA at Current Basic Prices (Seasonally Adjusted)","20201","2020Q1","2","Other sectors excluding the foreign-owned multinational enterprise dominated sector","Euro Million","48916"
"NAQ06S01","GVA at Current Basic Prices (Seasonally Adjusted)","20202","2020Q2","-","All sectors","Euro Million","84846"
"NAQ06S01","GVA at Current Basic Prices (Seasonally Adjusted)","20202","2020Q2","1","Foreign-owned multinational enterprise dominated","Euro Million","43570"
"NAQ06S01","GVA at Current Basic Prices (Seasonally Adjusted)","20202","2020Q2","2","Other sectors excluding the foreign-owned multinational enterprise dominated sector","Euro Million","41276"
"NAQ06S01","GVA at Current Basic Prices (Seasonally Adjusted)","20203","2020Q3","-","All sectors","Euro Million","92256"
"NAQ06S01","GVA at Current Basic Prices (Seasonally Adjusted)","20203","2020Q3","1","Foreign-owned multinational enterprise dominated","Euro Million","46018"
"NAQ06S01","GVA at Current Basic Prices (Seasonally Adjusted)","20203","2020Q3","2","Other sectors excluding the foreign-owned multinational enterprise dominated sector","Euro Million","46237"
"NAQ06S01","GVA at Current Basic Prices (Seasonally Adjusted)","20204","2020Q4","-","All sectors","Euro Million","93120"
"NAQ06S01","GVA at Current Basic Prices (Seasonally Adjusted)","20204","2020Q4","1","Foreign-owned multinational enterprise dominated","Euro Million","45573"
"NAQ06S01","GVA at Current Basic Prices (Seasonally Adjusted)","20204","2020Q4","2","Other sectors excluding the foreign-owned multinational enterprise dominated sector","Euro Million","47547"
"NAQ06S01","GVA at Current Basic Prices (Seasonally Adjusted)","20211","2021Q1","-","All sectors","Euro Million","102037"
"NAQ06S01","GVA at Current Basic Prices (Seasonally Adjusted)","20211","2021Q1","1","Foreign-owned multinational enterprise dominated","Euro Million","53553"
"NAQ06S01","GVA at Current Basic Prices (Seasonally Adjusted)","20211","2021Q1","2","Other sectors excluding the foreign-owned multinational enterprise dominated sector","Euro Million","48484"
"NAQ06S01","GVA at Current Basic Prices (Seasonally Adjusted)","20212","2021Q2","-","All sectors","Euro Million","103568"
"NAQ06S01","GVA at Current Basic Prices (Seasonally Adjusted)","20212","2021Q2","1","Foreign-owned multinational enterprise dominated","Euro Million","53668"
"NAQ06S01","GVA at Current Basic Prices (Seasonally Adjusted)","20212","2021Q2","2","Other sectors excluding the foreign-owned multinational enterprise dominated sector","Euro Million","49900"
"NAQ06S01","GVA at Current Basic Prices (Seasonally Adjusted)","20213","2021Q3","-","All sectors","Euro Million","108573"
"NAQ06S01","GVA at Current Basic Prices (Seasonally Adjusted)","20213","2021Q3","1","Foreign-owned multinational enterprise dominated","Euro Million","56573"
"NAQ06S01","GVA at Current Basic Prices (Seasonally Adjusted)","20213","2021Q3","2","Other sectors excluding the foreign-owned multinational enterprise dominated sector","Euro Million","51999"
"NAQ06S01","GVA at Current Basic Prices (Seasonally Adjusted)","20214","2021Q4","-","All sectors","Euro Million","110161"
"NAQ06S01","GVA at Current Basic Prices (Seasonally Adjusted)","20214","2021Q4","1","Foreign-owned multinational enterprise dominated","Euro Million","55657"
"NAQ06S01","GVA at Current Basic Prices (Seasonally Adjusted)","20214","2021Q4","2","Other sectors excluding the foreign-owned multinational enterprise dominated sector","Euro Million","54505"
"NAQ06S01","GVA at Current Basic Prices (Seasonally Adjusted)","20221","2022Q1","-","All sectors","Euro Million","117151"
"NAQ06S01","GVA at Current Basic Prices (Seasonally Adjusted)","20221","2022Q1","1","Foreign-owned multinational enterprise dominated","Euro Million","61652"
"NAQ06S01","GVA at Current Basic Prices (Seasonally Adjusted)","20221","2022Q1","2","Other sectors excluding the foreign-owned multinational enterprise dominated sector","Euro Million","55499"
"NAQ06S01","GVA at Current Basic Prices (Seasonally Adjusted)","20222","2022Q2","-","All sectors","Euro Million","121722"
"NAQ06S01","GVA at Current Basic Prices (Seasonally Adjusted)","20222","2022Q2","1","Foreign-owned multinational enterprise dominated","Euro Million","63968"
"NAQ06S01","GVA at Current Basic Prices (Seasonally Adjusted)","20222","2022Q2","2","Other sectors excluding the foreign-owned multinational enterprise dominated sector","Euro Million","57754"
"NAQ06S01","GVA at Current Basic Prices (Seasonally Adjusted)","20223","2022Q3","-","All sectors","Euro Million","127386"
"NAQ06S01","GVA at Current Basic Prices (Seasonally Adjusted)","20223","2022Q3","1","Foreign-owned multinational enterprise dominated","Euro Million","68098"
"NAQ06S01","GVA at Current Basic Prices (Seasonally Adjusted)","20223","2022Q3","2","Other sectors excluding the foreign-owned multinational enterprise dominated sector","Euro Million","59288"
"NAQ06S01","GVA at Current Basic Prices (Seasonally Adjusted)","20224","2022Q4","-","All sectors","Euro Million","129331"
"NAQ06S01","GVA at Current Basic Prices (Seasonally Adjusted)","20224","2022Q4","1","Foreign-owned multinational enterprise dominated","Euro Million","67761"
"NAQ06S01","GVA at Current Basic Prices (Seasonally Adjusted)","20224","2022Q4","2","Other sectors excluding the foreign-owned multinational enterprise dominated sector","Euro Million","61571"
"NAQ06S01","GVA at Current Basic Prices (Seasonally Adjusted)","20231","2023Q1","-","All sectors","Euro Million","124047"
"NAQ06S01","GVA at Current Basic Prices (Seasonally Adjusted)","20231","2023Q1","1","Foreign-owned multinational enterprise dominated","Euro Million","60140"
"NAQ06S01","GVA at Current Basic Prices (Seasonally Adjusted)","20231","2023Q1","2","Other sectors excluding the foreign-owned multinational enterprise dominated sector","Euro Million","63907"
"NAQ06S01","GVA at Current Basic Prices (Seasonally Adjusted)","20232","2023Q2","-","All sectors","Euro Million","127212"
"NAQ06S01","GVA at Current Basic Prices (Seasonally Adjusted)","20232","2023Q2","1","Foreign-owned multinational enterprise dominated","Euro Million","61704"
"NAQ06S01","GVA at Current Basic Prices (Seasonally Adjusted)","20232","2023Q2","2","Other sectors excluding the foreign-owned multinational enterprise dominated sector","Euro Million","65507"
"NAQ06S01","GVA at Current Basic Prices (Seasonally Adjusted)","20233","2023Q3","-","All sectors","Euro Million","125104"
"NAQ06S01","GVA at Current Basic Prices (Seasonally Adjusted)","20233","2023Q3","1","Foreign-owned multinational enterprise dominated","Euro Million","59131"
"NAQ06S01","GVA at Current Basic Prices (Seasonally Adjusted)","20233","2023Q3","2","Other sectors excluding the foreign-owned multinational enterprise dominated sector","Euro Million","65972"
"NAQ06S01","GVA at Current Basic Prices (Seasonally Adjusted)","20234","2023Q4","-","All sectors","Euro Million","124698"
"NAQ06S01","GVA at Current Basic Prices (Seasonally Adjusted)","20234","2023Q4","1","Foreign-owned multinational enterprise dominated","Euro Million","58010"
"NAQ06S01","GVA at Current Basic Prices (Seasonally Adjusted)","20234","2023Q4","2","Other sectors excluding the foreign-owned multinational enterprise dominated sector","Euro Million","66688"
"NAQ06S01","GVA at Current Basic Prices (Seasonally Adjusted)","20241","2024Q1","-","All sectors","Euro Million","125384"
"NAQ06S01","GVA at Current Basic Prices (Seasonally Adjusted)","20241","2024Q1","1","Foreign-owned multinational enterprise dominated","Euro Million","57055"
"NAQ06S01","GVA at Current Basic Prices (Seasonally Adjusted)","20241","2024Q1","2","Other sectors excluding the foreign-owned multinational enterprise dominated sector","Euro Million","68329"
"NAQ06S01","GVA at Current Basic Prices (Seasonally Adjusted)","20242","2024Q2","-","All sectors","Euro Million","130375"
"NAQ06S01","GVA at Current Basic Prices (Seasonally Adjusted)","20242","2024Q2","1","Foreign-owned multinational enterprise dominated","Euro Million","61163"
"NAQ06S01","GVA at Current Basic Prices (Seasonally Adjusted)","20242","2024Q2","2","Other sectors excluding the foreign-owned multinational enterprise dominated sector","Euro Million","69212"
"NAQ06S01","GVA at Current Basic Prices (Seasonally Adjusted)","20243","2024Q3","-","All sectors","Euro Million","137425"
"NAQ06S01","GVA at Current Basic Prices (Seasonally Adjusted)","20243","2024Q3","1","Foreign-owned multinational enterprise dominated","Euro Million","66142"
"NAQ06S01","GVA at Current Basic Prices (Seasonally Adjusted)","20243","2024Q3","2","Other sectors excluding the foreign-owned multinational enterprise dominated sector","Euro Million","71283"
"NAQ06S01","GVA at Current Basic Prices (Seasonally Adjusted)","20244","2024Q4","-","All sectors","Euro Million","143324"
"NAQ06S01","GVA at Current Basic Prices (Seasonally Adjusted)","20244","2024Q4","1","Foreign-owned multinational enterprise dominated","Euro Million","72432"
"NAQ06S01","GVA at Current Basic Prices (Seasonally Adjusted)","20244","2024Q4","2","Other sectors excluding the foreign-owned multinational enterprise dominated sector","Euro Million","70892"
"NAQ06S01","GVA at Current Basic Prices (Seasonally Adjusted)","20251","2025Q1","-","All sectors","Euro Million","154317"
"NAQ06S01","GVA at Current Basic Prices (Seasonally Adjusted)","20251","2025Q1","1","Foreign-owned multinational enterprise dominated","Euro Million","82071"
"NAQ06S01","GVA at Current Basic Prices (Seasonally Adjusted)","20251","2025Q1","2","Other sectors excluding the foreign-owned multinational enterprise dominated sector","Euro Million","72245"
"NAQ06S01","GVA at Current Basic Prices (Seasonally Adjusted)","20252","2025Q2","-","All sectors","Euro Million","154150"
"NAQ06S01","GVA at Current Basic Prices (Seasonally Adjusted)","20252","2025Q2","1","Foreign-owned multinational enterprise dominated","Euro Million","81895"
"NAQ06S01","GVA at Current Basic Prices (Seasonally Adjusted)","20252","2025Q2","2","Other sectors excluding the foreign-owned multinational enterprise dominated sector","Euro Million","72255"
"NAQ06S01","GVA at Current Basic Prices (Seasonally Adjusted)","20253","2025Q3","-","All sectors","Euro Million","149053"
"NAQ06S01","GVA at Current Basic Prices (Seasonally Adjusted)","20253","2025Q3","1","Foreign-owned multinational enterprise dominated","Euro Million","77749"
"NAQ06S01","GVA at Current Basic Prices (Seasonally Adjusted)","20253","2025Q3","2","Other sectors excluding the foreign-owned multinational enterprise dominated sector","Euro Million","71304"
"NAQ06S01","GVA at Current Basic Prices (Seasonally Adjusted)","20254","2025Q4","-","All sectors","Euro Million","156062"
"NAQ06S01","GVA at Current Basic Prices (Seasonally Adjusted)","20254","2025Q4","1","Foreign-owned multinational enterprise dominated","Euro Million","80928"
"NAQ06S01","GVA at Current Basic Prices (Seasonally Adjusted)","20254","2025Q4","2","Other sectors excluding the foreign-owned multinational enterprise dominated sector","Euro Million","75134"
"NAQ06S02","GVA at Constant Basic Prices (Seasonally Adjusted)","19951","1995Q1","-","All sectors","Euro Million","27520"
"NAQ06S02","GVA at Constant Basic Prices (Seasonally Adjusted)","19951","1995Q1","1","Foreign-owned multinational enterprise dominated","Euro Million","3849"
"NAQ06S02","GVA at Constant Basic Prices (Seasonally Adjusted)","19951","1995Q1","2","Other sectors excluding the foreign-owned multinational enterprise dominated sector","Euro Million","24932"
"NAQ06S02","GVA at Constant Basic Prices (Seasonally Adjusted)","19952","1995Q2","-","All sectors","Euro Million","28168"
"NAQ06S02","GVA at Constant Basic Prices (Seasonally Adjusted)","19952","1995Q2","1","Foreign-owned multinational enterprise dominated","Euro Million","3934"
"NAQ06S02","GVA at Constant Basic Prices (Seasonally Adjusted)","19952","1995Q2","2","Other sectors excluding the foreign-owned multinational enterprise dominated sector","Euro Million","25527"
"NAQ06S02","GVA at Constant Basic Prices (Seasonally Adjusted)","19953","1995Q3","-","All sectors","Euro Million","28387"
"NAQ06S02","GVA at Constant Basic Prices (Seasonally Adjusted)","19953","1995Q3","1","Foreign-owned multinational enterprise dominated","Euro Million","3804"
"NAQ06S02","GVA at Constant Basic Prices (Seasonally Adjusted)","19953","1995Q3","2","Other sectors excluding the foreign-owned multinational enterprise dominated sector","Euro Million","25942"
"NAQ06S02","GVA at Constant Basic Prices (Seasonally Adjusted)","19954","1995Q4","-","All sectors","Euro Million","28623"
"NAQ06S02","GVA at Constant Basic Prices (Seasonally Adjusted)","19954","1995Q4","1","Foreign-owned multinational enterprise dominated","Euro Million","4220"
"NAQ06S02","GVA at Constant Basic Prices (Seasonally Adjusted)","19954","1995Q4","2","Other sectors excluding the foreign-owned multinational enterprise dominated sector","Euro Million","25644"
"NAQ06S02","GVA at Constant Basic Prices (Seasonally Adjusted)","19961","1996Q1","-","All sectors","Euro Million","29324"
"NAQ06S02","GVA at Constant Basic Prices (Seasonally Adjusted)","19961","1996Q1","1","Foreign-owned multinational enterprise dominated","Euro Million","4168"
"NAQ06S02","GVA at Constant Basic Prices (Seasonally Adjusted)","19961","1996Q1","2","Other sectors excluding the foreign-owned multinational enterprise dominated sector","Euro Million","26470"
"NAQ06S02","GVA at Constant Basic Prices (Seasonally Adjusted)","19962","1996Q2","-","All sectors","Euro Million","29898"
"NAQ06S02","GVA at Constant Basic Prices (Seasonally Adjusted)","19962","1996Q2","1","Foreign-owned multinational enterprise dominated","Euro Million","4286"
"NAQ06S02","GVA at Constant Basic Prices (Seasonally Adjusted)","19962","1996Q2","2","Other sectors excluding the foreign-owned multinational enterprise dominated sector","Euro Million","26933"
"NAQ06S02","GVA at Constant Basic Prices (Seasonally Adjusted)","19963","1996Q3","-","All sectors","Euro Million","29673"
"NAQ06S02","GVA at Constant Basic Prices (Seasonally Adjusted)","19963","1996Q3","1","Foreign-owned multinational enterprise dominated","Euro Million","4077"
"NAQ06S02","GVA at Constant Basic Prices (Seasonally Adjusted)","19963","1996Q3","2","Other sectors excluding the foreign-owned multinational enterprise dominated sector","Euro Million","26994"
"NAQ06S02","GVA at Constant Basic Prices (Seasonally Adjusted)","19964","1996Q4","-","All sectors","Euro Million","30513"
"NAQ06S02","GVA at Constant Basic Prices (Seasonally Adjusted)","19964","1996Q4","1","Foreign-owned multinational enterprise dominated","Euro Million","4505"
"NAQ06S02","GVA at Constant Basic Prices (Seasonally Adjusted)","19964","1996Q4","2","Other sectors excluding the foreign-owned multinational enterprise dominated sector","Euro Million","27293"
"NAQ06S02","GVA at Constant Basic Prices (Seasonally Adjusted)","19971","1997Q1","-","All sectors","Euro Million","31583"
"NAQ06S02","GVA at Constant Basic Prices (Seasonally Adjusted)","19971","1997Q1","1","Foreign-owned multinational enterprise dominated","Euro Million","4767"
"NAQ06S02","GVA at Constant Basic Prices (Seasonally Adjusted)","19971","1997Q1","2","Other sectors excluding the foreign-owned multinational enterprise dominated sector","Euro Million","28101"
"NAQ06S02","GVA at Constant Basic Prices (Seasonally Adjusted)","19972","1997Q2","-","All sectors","Euro Million","32732"
"NAQ06S02","GVA at Constant Basic Prices (Seasonally Adjusted)","19972","1997Q2","1","Foreign-owned multinational enterprise dominated","Euro Million","5200"
"NAQ06S02","GVA at Constant Basic Prices (Seasonally Adjusted)","19972","1997Q2","2","Other sectors excluding the foreign-owned multinational enterprise dominated sector","Euro Million","28744"
"NAQ06S02","GVA at Constant Basic Prices (Seasonally Adjusted)","19973","1997Q3","-","All sectors","Euro Million","33903"
"NAQ06S02","GVA at Constant Basic Prices (Seasonally Adjusted)","19973","1997Q3","1","Foreign-owned multinational enterprise dominated","Euro Million","5871"
"NAQ06S02","GVA at Constant Basic Prices (Seasonally Adjusted)","19973","1997Q3","2","Other sectors excluding the foreign-owned multinational enterprise dominated sector","Euro Million","29064"
"NAQ06S02","GVA at Constant Basic Prices (Seasonally Adjusted)","19974","1997Q4","-","All sectors","Euro Million","33742"
"NAQ06S02","GVA at Constant Basic Prices (Seasonally Adjusted)","19974","1997Q4","1","Foreign-owned multinational enterprise dominated","Euro Million","5521"
"NAQ06S02","GVA at Constant Basic Prices (Seasonally Adjusted)","19974","1997Q4","2","Other sectors excluding the foreign-owned multinational enterprise dominated sector","Euro Million","29396"
"NAQ06S02","GVA at Constant Basic Prices (Seasonally Adjusted)","19981","1998Q1","-","All sectors","Euro Million","35268"
"NAQ06S02","GVA at Constant Basic Prices (Seasonally Adjusted)","19981","1998Q1","1","Foreign-owned multinational enterprise dominated","Euro Million","6186"
"NAQ06S02","GVA at Constant Basic Prices (Seasonally Adjusted)","19981","1998Q1","2","Other sectors excluding the foreign-owned multinational enterprise dominated sector","Euro Million","30101"
"NAQ06S02","GVA at Constant Basic Prices (Seasonally Adjusted)","19982","1998Q2","-","All sectors","Euro Million","35389"
"NAQ06S02","GVA at Constant Basic Prices (Seasonally Adjusted)","19982","1998Q2","1","Foreign-owned multinational enterprise dominated","Euro Million","6257"
"NAQ06S02","GVA at Constant Basic Prices (Seasonally Adjusted)","19982","1998Q2","2","Other sectors excluding the foreign-owned multinational enterprise dominated sector","Euro Million","30129"
"NAQ06S02","GVA at Constant Basic Prices (Seasonally Adjusted)","19983","1998Q3","-","All sectors","Euro Million","37013"
"NAQ06S02","GVA at Constant Basic Prices (Seasonally Adjusted)","19983","1998Q3","1","Foreign-owned multinational enterprise dominated","Euro Million","7010"
"NAQ06S02","GVA at Constant Basic Prices (Seasonally Adjusted)","19983","1998Q3","2","Other sectors excluding the foreign-owned multinational enterprise dominated sector","Euro Million","30813"
"NAQ06S02","GVA at Constant Basic Prices (Seasonally Adjusted)","19984","1998Q4","-","All sectors","Euro Million","36040"
"NAQ06S02","GVA at Constant Basic Prices (Seasonally Adjusted)","19984","1998Q4","1","Foreign-owned multinational enterprise dominated","Euro Million","5968"
"NAQ06S02","GVA at Constant Basic Prices (Seasonally Adjusted)","19984","1998Q4","2","Other sectors excluding the foreign-owned multinational enterprise dominated sector","Euro Million","31290"
"NAQ06S02","GVA at Constant Basic Prices (Seasonally Adjusted)","19991","1999Q1","-","All sectors","Euro Million","37721"
"NAQ06S02","GVA at Constant Basic Prices (Seasonally Adjusted)","19991","1999Q1","1","Foreign-owned multinational enterprise dominated","Euro Million","7104"
"NAQ06S02","GVA at Constant Basic Prices (Seasonally Adjusted)","19991","1999Q1","2","Other sectors excluding the foreign-owned multinational enterprise dominated sector","Euro Million","31469"
"NAQ06S02","GVA at Constant Basic Prices (Seasonally Adjusted)","19992","1999Q2","-","All sectors","Euro Million","38028"
"NAQ06S02","GVA at Constant Basic Prices (Seasonally Adjusted)","19992","1999Q2","1","Foreign-owned multinational enterprise dominated","Euro Million","7043"
"NAQ06S02","GVA at Constant Basic Prices (Seasonally Adjusted)","19992","1999Q2","2","Other sectors excluding the foreign-owned multinational enterprise dominated sector","Euro Million","31901"
"NAQ06S02","GVA at Constant Basic Prices (Seasonally Adjusted)","19993","1999Q3","-","All sectors","Euro Million","39480"
"NAQ06S02","GVA at Constant Basic Prices (Seasonally Adjusted)","19993","1999Q3","1","Foreign-owned multinational enterprise dominated","Euro Million","7709"
"NAQ06S02","GVA at Constant Basic Prices (Seasonally Adjusted)","19993","1999Q3","2","Other sectors excluding the foreign-owned multinational enterprise dominated sector","Euro Million","32530"
"NAQ06S02","GVA at Constant Basic Prices (Seasonally Adjusted)","19994","1999Q4","-","All sectors","Euro Million","40478"
"NAQ06S02","GVA at Constant Basic Prices (Seasonally Adjusted)","19994","1999Q4","1","Foreign-owned multinational enterprise dominated","Euro Million","8156"
"NAQ06S02","GVA at Constant Basic Prices (Seasonally Adjusted)","19994","1999Q4","2","Other sectors excluding the foreign-owned multinational enterprise dominated sector","Euro Million","32978"
"NAQ06S02","GVA at Constant Basic Prices (Seasonally Adjusted)","20001","2000Q1","-","All sectors","Euro Million","40005"
"NAQ06S02","GVA at Constant Basic Prices (Seasonally Adjusted)","20001","2000Q1","1","Foreign-owned multinational enterprise dominated","Euro Million","7401"
"NAQ06S02","GVA at Constant Basic Prices (Seasonally Adjusted)","20001","2000Q1","2","Other sectors excluding the foreign-owned multinational enterprise dominated sector","Euro Million","33561"
"NAQ06S02","GVA at Constant Basic Prices (Seasonally Adjusted)","20002","2000Q2","-","All sectors","Euro Million","41544"
"NAQ06S02","GVA at Constant Basic Prices (Seasonally Adjusted)","20002","2000Q2","1","Foreign-owned multinational enterprise dominated","Euro Million","8193"
"NAQ06S02","GVA at Constant Basic Prices (Seasonally Adjusted)","20002","2000Q2","2","Other sectors excluding the foreign-owned multinational enterprise dominated sector","Euro Million","34118"
"NAQ06S02","GVA at Constant Basic Prices (Seasonally Adjusted)","20003","2000Q3","-","All sectors","Euro Million","42786"
"NAQ06S02","GVA at Constant Basic Prices (Seasonally Adjusted)","20003","2000Q3","1","Foreign-owned multinational enterprise dominated","Euro Million","8724"
"NAQ06S02","GVA at Constant Basic Prices (Seasonally Adjusted)","20003","2000Q3","2","Other sectors excluding the foreign-owned multinational enterprise dominated sector","Euro Million","34725"
"NAQ06S02","GVA at Constant Basic Prices (Seasonally Adjusted)","20004","2000Q4","-","All sectors","Euro Million","44110"
"NAQ06S02","GVA at Constant Basic Prices (Seasonally Adjusted)","20004","2000Q4","1","Foreign-owned multinational enterprise dominated","Euro Million","9689"
"NAQ06S02","GVA at Constant Basic Prices (Seasonally Adjusted)","20004","2000Q4","2","Other sectors excluding the foreign-owned multinational enterprise dominated sector","Euro Million","34792"
"NAQ06S02","GVA at Constant Basic Prices (Seasonally Adjusted)","20011","2001Q1","-","All sectors","Euro Million","43458"
"NAQ06S02","GVA at Constant Basic Prices (Seasonally Adjusted)","20011","2001Q1","1","Foreign-owned multinational enterprise dominated","Euro Million","9469"
"NAQ06S02","GVA at Constant Basic Prices (Seasonally Adjusted)","20011","2001Q1","2","Other sectors excluding the foreign-owned multinational enterprise dominated sector","Euro Million","34477"
"NAQ06S02","GVA at Constant Basic Prices (Seasonally Adjusted)","20012","2001Q2","-","All sectors","Euro Million","43575"
"NAQ06S02","GVA at Constant Basic Prices (Seasonally Adjusted)","20012","2001Q2","1","Foreign-owned multinational enterprise dominated","Euro Million","8834"
"NAQ06S02","GVA at Constant Basic Prices (Seasonally Adjusted)","20012","2001Q2","2","Other sectors excluding the foreign-owned multinational enterprise dominated sector","Euro Million","35443"
"NAQ06S02","GVA at Constant Basic Prices (Seasonally Adjusted)","20013","2001Q3","-","All sectors","Euro Million","43719"
"NAQ06S02","GVA at Constant Basic Prices (Seasonally Adjusted)","20013","2001Q3","1","Foreign-owned multinational enterprise dominated","Euro Million","8799"
"NAQ06S02","GVA at Constant Basic Prices (Seasonally Adjusted)","20013","2001Q3","2","Other sectors excluding the foreign-owned multinational enterprise dominated sector","Euro Million","35645"
"NAQ06S02","GVA at Constant Basic Prices (Seasonally Adjusted)","20014","2001Q4","-","All sectors","Euro Million","44178"
"NAQ06S02","GVA at Constant Basic Prices (Seasonally Adjusted)","20014","2001Q4","1","Foreign-owned multinational enterprise dominated","Euro Million","8934"
"NAQ06S02","GVA at Constant Basic Prices (Seasonally Adjusted)","20014","2001Q4","2","Other sectors excluding the foreign-owned multinational enterprise dominated sector","Euro Million","35962"
"NAQ06S02","GVA at Constant Basic Prices (Seasonally Adjusted)","20021","2002Q1","-","All sectors","Euro Million","45333"
"NAQ06S02","GVA at Constant Basic Prices (Seasonally Adjusted)","20021","2002Q1","1","Foreign-owned multinational enterprise dominated","Euro Million","9962"
"NAQ06S02","GVA at Constant Basic Prices (Seasonally Adjusted)","20021","2002Q1","2","Other sectors excluding the foreign-owned multinational enterprise dominated sector","Euro Million","35814"
"NAQ06S02","GVA at Constant Basic Prices (Seasonally Adjusted)","20022","2002Q2","-","All sectors","Euro Million","46566"
"NAQ06S02","GVA at Constant Basic Prices (Seasonally Adjusted)","20022","2002Q2","1","Foreign-owned multinational enterprise dominated","Euro Million","10650"
"NAQ06S02","GVA at Constant Basic Prices (Seasonally Adjusted)","20022","2002Q2","2","Other sectors excluding the foreign-owned multinational enterprise dominated sector","Euro Million","36211"
"NAQ06S02","GVA at Constant Basic Prices (Seasonally Adjusted)","20023","2002Q3","-","All sectors","Euro Million","47019"
"NAQ06S02","GVA at Constant Basic Prices (Seasonally Adjusted)","20023","2002Q3","1","Foreign-owned multinational enterprise dominated","Euro Million","10849"
"NAQ06S02","GVA at Constant Basic Prices (Seasonally Adjusted)","20023","2002Q3","2","Other sectors excluding the foreign-owned multinational enterprise dominated sector","Euro Million","36432"
"NAQ06S02","GVA at Constant Basic Prices (Seasonally Adjusted)","20024","2002Q4","-","All sectors","Euro Million","46881"
"NAQ06S02","GVA at Constant Basic Prices (Seasonally Adjusted)","20024","2002Q4","1","Foreign-owned multinational enterprise dominated","Euro Million","10385"
"NAQ06S02","GVA at Constant Basic Prices (Seasonally Adjusted)","20024","2002Q4","2","Other sectors excluding the foreign-owned multinational enterprise dominated sector","Euro Million","36922"
"NAQ06S02","GVA at Constant Basic Prices (Seasonally Adjusted)","20031","2003Q1","-","All sectors","Euro Million","45993"
"NAQ06S02","GVA at Constant Basic Prices (Seasonally Adjusted)","20031","2003Q1","1","Foreign-owned multinational enterprise dominated","Euro Million","9746"
"NAQ06S02","GVA at Constant Basic Prices (Seasonally Adjusted)","20031","2003Q1","2","Other sectors excluding the foreign-owned multinational enterprise dominated sector","Euro Million","36791"
"NAQ06S02","GVA at Constant Basic Prices (Seasonally Adjusted)","20032","2003Q2","-","All sectors","Euro Million","46715"
"NAQ06S02","GVA at Constant Basic Prices (Seasonally Adjusted)","20032","2003Q2","1","Foreign-owned multinational enterprise dominated","Euro Million","10061"
"NAQ06S02","GVA at Constant Basic Prices (Seasonally Adjusted)","20032","2003Q2","2","Other sectors excluding the foreign-owned multinational enterprise dominated sector","Euro Million","37156"
"NAQ06S02","GVA at Constant Basic Prices (Seasonally Adjusted)","20033","2003Q3","-","All sectors","Euro Million","46646"
"NAQ06S02","GVA at Constant Basic Prices (Seasonally Adjusted)","20033","2003Q3","1","Foreign-owned multinational enterprise dominated","Euro Million","9173"
"NAQ06S02","GVA at Constant Basic Prices (Seasonally Adjusted)","20033","2003Q3","2","Other sectors excluding the foreign-owned multinational enterprise dominated sector","Euro Million","38247"
"NAQ06S02","GVA at Constant Basic Prices (Seasonally Adjusted)","20034","2003Q4","-","All sectors","Euro Million","48785"
"NAQ06S02","GVA at Constant Basic Prices (Seasonally Adjusted)","20034","2003Q4","1","Foreign-owned multinational enterprise dominated","Euro Million","10823"
"NAQ06S02","GVA at Constant Basic Prices (Seasonally Adjusted)","20034","2003Q4","2","Other sectors excluding the foreign-owned multinational enterprise dominated sector","Euro Million","38388"
"NAQ06S02","GVA at Constant Basic Prices (Seasonally Adjusted)","20041","2004Q1","-","All sectors","Euro Million","48960"
"NAQ06S02","GVA at Constant Basic Prices (Seasonally Adjusted)","20041","2004Q1","1","Foreign-owned multinational enterprise dominated","Euro Million","10086"
"NAQ06S02","GVA at Constant Basic Prices (Seasonally Adjusted)","20041","2004Q1","2","Other sectors excluding the foreign-owned multinational enterprise dominated sector","Euro Million","39504"
"NAQ06S02","GVA at Constant Basic Prices (Seasonally Adjusted)","20042","2004Q2","-","All sectors","Euro Million","49330"
"NAQ06S02","GVA at Constant Basic Prices (Seasonally Adjusted)","20042","2004Q2","1","Foreign-owned multinational enterprise dominated","Euro Million","10206"
"NAQ06S02","GVA at Constant Basic Prices (Seasonally Adjusted)","20042","2004Q2","2","Other sectors excluding the foreign-owned multinational enterprise dominated sector","Euro Million","39751"
"NAQ06S02","GVA at Constant Basic Prices (Seasonally Adjusted)","20043","2004Q3","-","All sectors","Euro Million","48990"
"NAQ06S02","GVA at Constant Basic Prices (Seasonally Adjusted)","20043","2004Q3","1","Foreign-owned multinational enterprise dominated","Euro Million","9729"
"NAQ06S02","GVA at Constant Basic Prices (Seasonally Adjusted)","20043","2004Q3","2","Other sectors excluding the foreign-owned multinational enterprise dominated sector","Euro Million","39951"
"NAQ06S02","GVA at Constant Basic Prices (Seasonally Adjusted)","20044","2004Q4","-","All sectors","Euro Million","50643"
"NAQ06S02","GVA at Constant Basic Prices (Seasonally Adjusted)","20044","2004Q4","1","Foreign-owned multinational enterprise dominated","Euro Million","10630"
"NAQ06S02","GVA at Constant Basic Prices (Seasonally Adjusted)","20044","2004Q4","2","Other sectors excluding the foreign-owned multinational enterprise dominated sector","Euro Million","40630"
"NAQ06S02","GVA at Constant Basic Prices (Seasonally Adjusted)","20051","2005Q1","-","All sectors","Euro Million","51704"
"NAQ06S02","GVA at Constant Basic Prices (Seasonally Adjusted)","20051","2005Q1","1","Foreign-owned multinational enterprise dominated","Euro Million","11267"
"NAQ06S02","GVA at Constant Basic Prices (Seasonally Adjusted)","20051","2005Q1","2","Other sectors excluding the foreign-owned multinational enterprise dominated sector","Euro Million","41039"
"NAQ06S02","GVA at Constant Basic Prices (Seasonally Adjusted)","20052","2005Q2","-","All sectors","Euro Million","52006"
"NAQ06S02","GVA at Constant Basic Prices (Seasonally Adjusted)","20052","2005Q2","1","Foreign-owned multinational enterprise dominated","Euro Million","10771"
"NAQ06S02","GVA at Constant Basic Prices (Seasonally Adjusted)","20052","2005Q2","2","Other sectors excluding the foreign-owned multinational enterprise dominated sector","Euro Million","41901"
"NAQ06S02","GVA at Constant Basic Prices (Seasonally Adjusted)","20053","2005Q3","-","All sectors","Euro Million","52552"
"NAQ06S02","GVA at Constant Basic Prices (Seasonally Adjusted)","20053","2005Q3","1","Foreign-owned multinational enterprise dominated","Euro Million","10936"
"NAQ06S02","GVA at Constant Basic Prices (Seasonally Adjusted)","20053","2005Q3","2","Other sectors excluding the foreign-owned multinational enterprise dominated sector","Euro Million","42283"
"NAQ06S02","GVA at Constant Basic Prices (Seasonally Adjusted)","20054","2005Q4","-","All sectors","Euro Million","53767"
"NAQ06S02","GVA at Constant Basic Prices (Seasonally Adjusted)","20054","2005Q4","1","Foreign-owned multinational enterprise dominated","Euro Million","11491"
"NAQ06S02","GVA at Constant Basic Prices (Seasonally Adjusted)","20054","2005Q4","2","Other sectors excluding the foreign-owned multinational enterprise dominated sector","Euro Million","42927"
"NAQ06S02","GVA at Constant Basic Prices (Seasonally Adjusted)","20061","2006Q1","-","All sectors","Euro Million","53667"
"NAQ06S02","GVA at Constant Basic Prices (Seasonally Adjusted)","20061","2006Q1","1","Foreign-owned multinational enterprise dominated","Euro Million","10858"
"NAQ06S02","GVA at Constant Basic Prices (Seasonally Adjusted)","20061","2006Q1","2","Other sectors excluding the foreign-owned multinational enterprise dominated sector","Euro Million","43457"
"NAQ06S02","GVA at Constant Basic Prices (Seasonally Adjusted)","20062","2006Q2","-","All sectors","Euro Million","54922"
"NAQ06S02","GVA at Constant Basic Prices (Seasonally Adjusted)","20062","2006Q2","1","Foreign-owned multinational enterprise dominated","Euro Million","12136"
"NAQ06S02","GVA at Constant Basic Prices (Seasonally Adjusted)","20062","2006Q2","2","Other sectors excluding the foreign-owned multinational enterprise dominated sector","Euro Million","43475"
"NAQ06S02","GVA at Constant Basic Prices (Seasonally Adjusted)","20063","2006Q3","-","All sectors","Euro Million","55319"
"NAQ06S02","GVA at Constant Basic Prices (Seasonally Adjusted)","20063","2006Q3","1","Foreign-owned multinational enterprise dominated","Euro Million","12240"
"NAQ06S02","GVA at Constant Basic Prices (Seasonally Adjusted)","20063","2006Q3","2","Other sectors excluding the foreign-owned multinational enterprise dominated sector","Euro Million","43773"
"NAQ06S02","GVA at Constant Basic Prices (Seasonally Adjusted)","20064","2006Q4","-","All sectors","Euro Million","55736"
"NAQ06S02","GVA at Constant Basic Prices (Seasonally Adjusted)","20064","2006Q4","1","Foreign-owned multinational enterprise dominated","Euro Million","11706"
"NAQ06S02","GVA at Constant Basic Prices (Seasonally Adjusted)","20064","2006Q4","2","Other sectors excluding the foreign-owned multinational enterprise dominated sector","Euro Million","44713"
"NAQ06S02","GVA at Constant Basic Prices (Seasonally Adjusted)","20071","2007Q1","-","All sectors","Euro Million","58629"
"NAQ06S02","GVA at Constant Basic Prices (Seasonally Adjusted)","20071","2007Q1","1","Foreign-owned multinational enterprise dominated","Euro Million","13331"
"NAQ06S02","GVA at Constant Basic Prices (Seasonally Adjusted)","20071","2007Q1","2","Other sectors excluding the foreign-owned multinational enterprise dominated sector","Euro Million","46115"
"NAQ06S02","GVA at Constant Basic Prices (Seasonally Adjusted)","20072","2007Q2","-","All sectors","Euro Million","58534"
"NAQ06S02","GVA at Constant Basic Prices (Seasonally Adjusted)","20072","2007Q2","1","Foreign-owned multinational enterprise dominated","Euro Million","12434"
"NAQ06S02","GVA at Constant Basic Prices (Seasonally Adjusted)","20072","2007Q2","2","Other sectors excluding the foreign-owned multinational enterprise dominated sector","Euro Million","46814"
"NAQ06S02","GVA at Constant Basic Prices (Seasonally Adjusted)","20073","2007Q3","-","All sectors","Euro Million","59235"
"NAQ06S02","GVA at Constant Basic Prices (Seasonally Adjusted)","20073","2007Q3","1","Foreign-owned multinational enterprise dominated","Euro Million","12399"
"NAQ06S02","GVA at Constant Basic Prices (Seasonally Adjusted)","20073","2007Q3","2","Other sectors excluding the foreign-owned multinational enterprise dominated sector","Euro Million","47538"
"NAQ06S02","GVA at Constant Basic Prices (Seasonally Adjusted)","20074","2007Q4","-","All sectors","Euro Million","60340"
"NAQ06S02","GVA at Constant Basic Prices (Seasonally Adjusted)","20074","2007Q4","1","Foreign-owned multinational enterprise dominated","Euro Million","13734"
"NAQ06S02","GVA at Constant Basic Prices (Seasonally Adjusted)","20074","2007Q4","2","Other sectors excluding the foreign-owned multinational enterprise dominated sector","Euro Million","47449"
"NAQ06S02","GVA at Constant Basic Prices (Seasonally Adjusted)","20081","2008Q1","-","All sectors","Euro Million","59003"
"NAQ06S02","GVA at Constant Basic Prices (Seasonally Adjusted)","20081","2008Q1","1","Foreign-owned multinational enterprise dominated","Euro Million","12451"
"NAQ06S02","GVA at Constant Basic Prices (Seasonally Adjusted)","20081","2008Q1","2","Other sectors excluding the foreign-owned multinational enterprise dominated sector","Euro Million","47241"
"NAQ06S02","GVA at Constant Basic Prices (Seasonally Adjusted)","20082","2008Q2","-","All sectors","Euro Million","58592"
"NAQ06S02","GVA at Constant Basic Prices (Seasonally Adjusted)","20082","2008Q2","1","Foreign-owned multinational enterprise dominated","Euro Million","12834"
"NAQ06S02","GVA at Constant Basic Prices (Seasonally Adjusted)","20082","2008Q2","2","Other sectors excluding the foreign-owned multinational enterprise dominated sector","Euro Million","46518"
"NAQ06S02","GVA at Constant Basic Prices (Seasonally Adjusted)","20083","2008Q3","-","All sectors","Euro Million","58405"
"NAQ06S02","GVA at Constant Basic Prices (Seasonally Adjusted)","20083","2008Q3","1","Foreign-owned multinational enterprise dominated","Euro Million","13463"
"NAQ06S02","GVA at Constant Basic Prices (Seasonally Adjusted)","20083","2008Q3","2","Other sectors excluding the foreign-owned multinational enterprise dominated sector","Euro Million","45807"
"NAQ06S02","GVA at Constant Basic Prices (Seasonally Adjusted)","20084","2008Q4","-","All sectors","Euro Million","55399"
"NAQ06S02","GVA at Constant Basic Prices (Seasonally Adjusted)","20084","2008Q4","1","Foreign-owned multinational enterprise dominated","Euro Million","11586"
"NAQ06S02","GVA at Constant Basic Prices (Seasonally Adjusted)","20084","2008Q4","2","Other sectors excluding the foreign-owned multinational enterprise dominated sector","Euro Million","44444"
"NAQ06S02","GVA at Constant Basic Prices (Seasonally Adjusted)","20091","2009Q1","-","All sectors","Euro Million","55040"
"NAQ06S02","GVA at Constant Basic Prices (Seasonally Adjusted)","20091","2009Q1","1","Foreign-owned multinational enterprise dominated","Euro Million","13273"
"NAQ06S02","GVA at Constant Basic Prices (Seasonally Adjusted)","20091","2009Q1","2","Other sectors excluding the foreign-owned multinational enterprise dominated sector","Euro Million","42592"
"NAQ06S02","GVA at Constant Basic Prices (Seasonally Adjusted)","20092","2009Q2","-","All sectors","Euro Million","55031"
"NAQ06S02","GVA at Constant Basic Prices (Seasonally Adjusted)","20092","2009Q2","1","Foreign-owned multinational enterprise dominated","Euro Million","13684"
"NAQ06S02","GVA at Constant Basic Prices (Seasonally Adjusted)","20092","2009Q2","2","Other sectors excluding the foreign-owned multinational enterprise dominated sector","Euro Million","42211"
"NAQ06S02","GVA at Constant Basic Prices (Seasonally Adjusted)","20093","2009Q3","-","All sectors","Euro Million","54008"
"NAQ06S02","GVA at Constant Basic Prices (Seasonally Adjusted)","20093","2009Q3","1","Foreign-owned multinational enterprise dominated","Euro Million","13202"
"NAQ06S02","GVA at Constant Basic Prices (Seasonally Adjusted)","20093","2009Q3","2","Other sectors excluding the foreign-owned multinational enterprise dominated sector","Euro Million","41632"
"NAQ06S02","GVA at Constant Basic Prices (Seasonally Adjusted)","20094","2009Q4","-","All sectors","Euro Million","52511"
"NAQ06S02","GVA at Constant Basic Prices (Seasonally Adjusted)","20094","2009Q4","1","Foreign-owned multinational enterprise dominated","Euro Million","12169"
"NAQ06S02","GVA at Constant Basic Prices (Seasonally Adjusted)","20094","2009Q4","2","Other sectors excluding the foreign-owned multinational enterprise dominated sector","Euro Million","41081"
"NAQ06S02","GVA at Constant Basic Prices (Seasonally Adjusted)","20101","2010Q1","-","All sectors","Euro Million","54921"
"NAQ06S02","GVA at Constant Basic Prices (Seasonally Adjusted)","20101","2010Q1","1","Foreign-owned multinational enterprise dominated","Euro Million","13708"
"NAQ06S02","GVA at Constant Basic Prices (Seasonally Adjusted)","20101","2010Q1","2","Other sectors excluding the foreign-owned multinational enterprise dominated sector","Euro Million","42025"
"NAQ06S02","GVA at Constant Basic Prices (Seasonally Adjusted)","20102","2010Q2","-","All sectors","Euro Million","54303"
"NAQ06S02","GVA at Constant Basic Prices (Seasonally Adjusted)","20102","2010Q2","1","Foreign-owned multinational enterprise dominated","Euro Million","13166"
"NAQ06S02","GVA at Constant Basic Prices (Seasonally Adjusted)","20102","2010Q2","2","Other sectors excluding the foreign-owned multinational enterprise dominated sector","Euro Million","41951"
"NAQ06S02","GVA at Constant Basic Prices (Seasonally Adjusted)","20103","2010Q3","-","All sectors","Euro Million","55282"
"NAQ06S02","GVA at Constant Basic Prices (Seasonally Adjusted)","20103","2010Q3","1","Foreign-owned multinational enterprise dominated","Euro Million","14062"
"NAQ06S02","GVA at Constant Basic Prices (Seasonally Adjusted)","20103","2010Q3","2","Other sectors excluding the foreign-owned multinational enterprise dominated sector","Euro Million","42030"
"NAQ06S02","GVA at Constant Basic Prices (Seasonally Adjusted)","20104","2010Q4","-","All sectors","Euro Million","56076"
"NAQ06S02","GVA at Constant Basic Prices (Seasonally Adjusted)","20104","2010Q4","1","Foreign-owned multinational enterprise dominated","Euro Million","14627"
"NAQ06S02","GVA at Constant Basic Prices (Seasonally Adjusted)","20104","2010Q4","2","Other sectors excluding the foreign-owned multinational enterprise dominated sector","Euro Million","42262"
"NAQ06S02","GVA at Constant Basic Prices (Seasonally Adjusted)","20111","2011Q1","-","All sectors","Euro Million","55464"
"NAQ06S02","GVA at Constant Basic Prices (Seasonally Adjusted)","20111","2011Q1","1","Foreign-owned multinational enterprise dominated","Euro Million","13121"
"NAQ06S02","GVA at Constant Basic Prices (Seasonally Adjusted)","20111","2011Q1","2","Other sectors excluding the foreign-owned multinational enterprise dominated sector","Euro Million","43123"
"NAQ06S02","GVA at Constant Basic Prices (Seasonally Adjusted)","20112","2011Q2","-","All sectors","Euro Million","57014"
"NAQ06S02","GVA at Constant Basic Prices (Seasonally Adjusted)","20112","2011Q2","1","Foreign-owned multinational enterprise dominated","Euro Million","14286"
"NAQ06S02","GVA at Constant Basic Prices (Seasonally Adjusted)","20112","2011Q2","2","Other sectors excluding the foreign-owned multinational enterprise dominated sector","Euro Million","43566"
"NAQ06S02","GVA at Constant Basic Prices (Seasonally Adjusted)","20113","2011Q3","-","All sectors","Euro Million","56513"
"NAQ06S02","GVA at Constant Basic Prices (Seasonally Adjusted)","20113","2011Q3","1","Foreign-owned multinational enterprise dominated","Euro Million","13948"
"NAQ06S02","GVA at Constant Basic Prices (Seasonally Adjusted)","20113","2011Q3","2","Other sectors excluding the foreign-owned multinational enterprise dominated sector","Euro Million","43385"
"NAQ06S02","GVA at Constant Basic Prices (Seasonally Adjusted)","20114","2011Q4","-","All sectors","Euro Million","56846"
"NAQ06S02","GVA at Constant Basic Prices (Seasonally Adjusted)","20114","2011Q4","1","Foreign-owned multinational enterprise dominated","Euro Million","14550"
"NAQ06S02","GVA at Constant Basic Prices (Seasonally Adjusted)","20114","2011Q4","2","Other sectors excluding the foreign-owned multinational enterprise dominated sector","Euro Million","43143"
"NAQ06S02","GVA at Constant Basic Prices (Seasonally Adjusted)","20121","2012Q1","-","All sectors","Euro Million","55324"
"NAQ06S02","GVA at Constant Basic Prices (Seasonally Adjusted)","20121","2012Q1","1","Foreign-owned multinational enterprise dominated","Euro Million","14309"
"NAQ06S02","GVA at Constant Basic Prices (Seasonally Adjusted)","20121","2012Q1","2","Other sectors excluding the foreign-owned multinational enterprise dominated sector","Euro Million","41811"
"NAQ06S02","GVA at Constant Basic Prices (Seasonally Adjusted)","20122","2012Q2","-","All sectors","Euro Million","54829"
"NAQ06S02","GVA at Constant Basic Prices (Seasonally Adjusted)","20122","2012Q2","1","Foreign-owned multinational enterprise dominated","Euro Million","14033"
"NAQ06S02","GVA at Constant Basic Prices (Seasonally Adjusted)","20122","2012Q2","2","Other sectors excluding the foreign-owned multinational enterprise dominated sector","Euro Million","41587"
"NAQ06S02","GVA at Constant Basic Prices (Seasonally Adjusted)","20123","2012Q3","-","All sectors","Euro Million","54621"
"NAQ06S02","GVA at Constant Basic Prices (Seasonally Adjusted)","20123","2012Q3","1","Foreign-owned multinational enterprise dominated","Euro Million","13919"
"NAQ06S02","GVA at Constant Basic Prices (Seasonally Adjusted)","20123","2012Q3","2","Other sectors excluding the foreign-owned multinational enterprise dominated sector","Euro Million","41491"
"NAQ06S02","GVA at Constant Basic Prices (Seasonally Adjusted)","20124","2012Q4","-","All sectors","Euro Million","54622"
"NAQ06S02","GVA at Constant Basic Prices (Seasonally Adjusted)","20124","2012Q4","1","Foreign-owned multinational enterprise dominated","Euro Million","13094"
"NAQ06S02","GVA at Constant Basic Prices (Seasonally Adjusted)","20124","2012Q4","2","Other sectors excluding the foreign-owned multinational enterprise dominated sector","Euro Million","42329"
"NAQ06S02","GVA at Constant Basic Prices (Seasonally Adjusted)","20131","2013Q1","-","All sectors","Euro Million","54299"
"NAQ06S02","GVA at Constant Basic Prices (Seasonally Adjusted)","20131","2013Q1","1","Foreign-owned multinational enterprise dominated","Euro Million","13076"
"NAQ06S02","GVA at Constant Basic Prices (Seasonally Adjusted)","20131","2013Q1","2","Other sectors excluding the foreign-owned multinational enterprise dominated sector","Euro Million","41994"
"NAQ06S02","GVA at Constant Basic Prices (Seasonally Adjusted)","20132","2013Q2","-","All sectors","Euro Million","55743"
"NAQ06S02","GVA at Constant Basic Prices (Seasonally Adjusted)","20132","2013Q2","1","Foreign-owned multinational enterprise dominated","Euro Million","13511"
"NAQ06S02","GVA at Constant Basic Prices (Seasonally Adjusted)","20132","2013Q2","2","Other sectors excluding the foreign-owned multinational enterprise dominated sector","Euro Million","43026"
"NAQ06S02","GVA at Constant Basic Prices (Seasonally Adjusted)","20133","2013Q3","-","All sectors","Euro Million","56928"
"NAQ06S02","GVA at Constant Basic Prices (Seasonally Adjusted)","20133","2013Q3","1","Foreign-owned multinational enterprise dominated","Euro Million","13909"
"NAQ06S02","GVA at Constant Basic Prices (Seasonally Adjusted)","20133","2013Q3","2","Other sectors excluding the foreign-owned multinational enterprise dominated sector","Euro Million","43832"
"NAQ06S02","GVA at Constant Basic Prices (Seasonally Adjusted)","20134","2013Q4","-","All sectors","Euro Million","57252"
"NAQ06S02","GVA at Constant Basic Prices (Seasonally Adjusted)","20134","2013Q4","1","Foreign-owned multinational enterprise dominated","Euro Million","13621"
"NAQ06S02","GVA at Constant Basic Prices (Seasonally Adjusted)","20134","2013Q4","2","Other sectors excluding the foreign-owned multinational enterprise dominated sector","Euro Million","44440"
"NAQ06S02","GVA at Constant Basic Prices (Seasonally Adjusted)","20141","2014Q1","-","All sectors","Euro Million","58926"
"NAQ06S02","GVA at Constant Basic Prices (Seasonally Adjusted)","20141","2014Q1","1","Foreign-owned multinational enterprise dominated","Euro Million","14505"
"NAQ06S02","GVA at Constant Basic Prices (Seasonally Adjusted)","20141","2014Q1","2","Other sectors excluding the foreign-owned multinational enterprise dominated sector","Euro Million","45265"
"NAQ06S02","GVA at Constant Basic Prices (Seasonally Adjusted)","20142","2014Q2","-","All sectors","Euro Million","61898"
"NAQ06S02","GVA at Constant Basic Prices (Seasonally Adjusted)","20142","2014Q2","1","Foreign-owned multinational enterprise dominated","Euro Million","16814"
"NAQ06S02","GVA at Constant Basic Prices (Seasonally Adjusted)","20142","2014Q2","2","Other sectors excluding the foreign-owned multinational enterprise dominated sector","Euro Million","46010"
"NAQ06S02","GVA at Constant Basic Prices (Seasonally Adjusted)","20143","2014Q3","-","All sectors","Euro Million","60995"
"NAQ06S02","GVA at Constant Basic Prices (Seasonally Adjusted)","20143","2014Q3","1","Foreign-owned multinational enterprise dominated","Euro Million","15161"
"NAQ06S02","GVA at Constant Basic Prices (Seasonally Adjusted)","20143","2014Q3","2","Other sectors excluding the foreign-owned multinational enterprise dominated sector","Euro Million","46712"
"NAQ06S02","GVA at Constant Basic Prices (Seasonally Adjusted)","20144","2014Q4","-","All sectors","Euro Million","61735"
"NAQ06S02","GVA at Constant Basic Prices (Seasonally Adjusted)","20144","2014Q4","1","Foreign-owned multinational enterprise dominated","Euro Million","15594"
"NAQ06S02","GVA at Constant Basic Prices (Seasonally Adjusted)","20144","2014Q4","2","Other sectors excluding the foreign-owned multinational enterprise dominated sector","Euro Million","47035"
"NAQ06S02","GVA at Constant Basic Prices (Seasonally Adjusted)","20151","2015Q1","-","All sectors","Euro Million","75917"
"NAQ06S02","GVA at Constant Basic Prices (Seasonally Adjusted)","20151","2015Q1","1","Foreign-owned multinational enterprise dominated","Euro Million","29655"
"NAQ06S02","GVA at Constant Basic Prices (Seasonally Adjusted)","20151","2015Q1","2","Other sectors excluding the foreign-owned multinational enterprise dominated sector","Euro Million","47907"
"NAQ06S02","GVA at Constant Basic Prices (Seasonally Adjusted)","20152","2015Q2","-","All sectors","Euro Million","72491"
"NAQ06S02","GVA at Constant Basic Prices (Seasonally Adjusted)","20152","2015Q2","1","Foreign-owned multinational enterprise dominated","Euro Million","25841"
"NAQ06S02","GVA at Constant Basic Prices (Seasonally Adjusted)","20152","2015Q2","2","Other sectors excluding the foreign-owned multinational enterprise dominated sector","Euro Million","48091"
"NAQ06S02","GVA at Constant Basic Prices (Seasonally Adjusted)","20153","2015Q3","-","All sectors","Euro Million","74299"
"NAQ06S02","GVA at Constant Basic Prices (Seasonally Adjusted)","20153","2015Q3","1","Foreign-owned multinational enterprise dominated","Euro Million","26961"
"NAQ06S02","GVA at Constant Basic Prices (Seasonally Adjusted)","20153","2015Q3","2","Other sectors excluding the foreign-owned multinational enterprise dominated sector","Euro Million","48838"
"NAQ06S02","GVA at Constant Basic Prices (Seasonally Adjusted)","20154","2015Q4","-","All sectors","Euro Million","75710"
"NAQ06S02","GVA at Constant Basic Prices (Seasonally Adjusted)","20154","2015Q4","1","Foreign-owned multinational enterprise dominated","Euro Million","28096"
"NAQ06S02","GVA at Constant Basic Prices (Seasonally Adjusted)","20154","2015Q4","2","Other sectors excluding the foreign-owned multinational enterprise dominated sector","Euro Million","49177"
"NAQ06S02","GVA at Constant Basic Prices (Seasonally Adjusted)","20161","2016Q1","-","All sectors","Euro Million","74537"
"NAQ06S02","GVA at Constant Basic Prices (Seasonally Adjusted)","20161","2016Q1","1","Foreign-owned multinational enterprise dominated","Euro Million","27403"
"NAQ06S02","GVA at Constant Basic Prices (Seasonally Adjusted)","20161","2016Q1","2","Other sectors excluding the foreign-owned multinational enterprise dominated sector","Euro Million","48714"
"NAQ06S02","GVA at Constant Basic Prices (Seasonally Adjusted)","20162","2016Q2","-","All sectors","Euro Million","73845"
"NAQ06S02","GVA at Constant Basic Prices (Seasonally Adjusted)","20162","2016Q2","1","Foreign-owned multinational enterprise dominated","Euro Million","26420"
"NAQ06S02","GVA at Constant Basic Prices (Seasonally Adjusted)","20162","2016Q2","2","Other sectors excluding the foreign-owned multinational enterprise dominated sector","Euro Million","49147"
"NAQ06S02","GVA at Constant Basic Prices (Seasonally Adjusted)","20163","2016Q3","-","All sectors","Euro Million","71834"
"NAQ06S02","GVA at Constant Basic Prices (Seasonally Adjusted)","20163","2016Q3","1","Foreign-owned multinational enterprise dominated","Euro Million","24445"
"NAQ06S02","GVA at Constant Basic Prices (Seasonally Adjusted)","20163","2016Q3","2","Other sectors excluding the foreign-owned multinational enterprise dominated sector","Euro Million","49336"
"NAQ06S02","GVA at Constant Basic Prices (Seasonally Adjusted)","20164","2016Q4","-","All sectors","Euro Million","81023"
"NAQ06S02","GVA at Constant Basic Prices (Seasonally Adjusted)","20164","2016Q4","1","Foreign-owned multinational enterprise dominated","Euro Million","33167"
"NAQ06S02","GVA at Constant Basic Prices (Seasonally Adjusted)","20164","2016Q4","2","Other sectors excluding the foreign-owned multinational enterprise dominated sector","Euro Million","48848"
"NAQ06S02","GVA at Constant Basic Prices (Seasonally Adjusted)","20171","2017Q1","-","All sectors","Euro Million","78342"
"NAQ06S02","GVA at Constant Basic Prices (Seasonally Adjusted)","20171","2017Q1","1","Foreign-owned multinational enterprise dominated","Euro Million","28176"
"NAQ06S02","GVA at Constant Basic Prices (Seasonally Adjusted)","20171","2017Q1","2","Other sectors excluding the foreign-owned multinational enterprise dominated sector","Euro Million","51868"
"NAQ06S02","GVA at Constant Basic Prices (Seasonally Adjusted)","20172","2017Q2","-","All sectors","Euro Million","78491"
"NAQ06S02","GVA at Constant Basic Prices (Seasonally Adjusted)","20172","2017Q2","1","Foreign-owned multinational enterprise dominated","Euro Million","28717"
"NAQ06S02","GVA at Constant Basic Prices (Seasonally Adjusted)","20172","2017Q2","2","Other sectors excluding the foreign-owned multinational enterprise dominated sector","Euro Million","51431"
"NAQ06S02","GVA at Constant Basic Prices (Seasonally Adjusted)","20173","2017Q3","-","All sectors","Euro Million","82741"
"NAQ06S02","GVA at Constant Basic Prices (Seasonally Adjusted)","20173","2017Q3","1","Foreign-owned multinational enterprise dominated","Euro Million","32250"
"NAQ06S02","GVA at Constant Basic Prices (Seasonally Adjusted)","20173","2017Q3","2","Other sectors excluding the foreign-owned multinational enterprise dominated sector","Euro Million","52044"
"NAQ06S02","GVA at Constant Basic Prices (Seasonally Adjusted)","20174","2017Q4","-","All sectors","Euro Million","85264"
"NAQ06S02","GVA at Constant Basic Prices (Seasonally Adjusted)","20174","2017Q4","1","Foreign-owned multinational enterprise dominated","Euro Million","34439"
"NAQ06S02","GVA at Constant Basic Prices (Seasonally Adjusted)","20174","2017Q4","2","Other sectors excluding the foreign-owned multinational enterprise dominated sector","Euro Million","52306"
"NAQ06S02","GVA at Constant Basic Prices (Seasonally Adjusted)","20181","2018Q1","-","All sectors","Euro Million","85801"
"NAQ06S02","GVA at Constant Basic Prices (Seasonally Adjusted)","20181","2018Q1","1","Foreign-owned multinational enterprise dominated","Euro Million","34084"
"NAQ06S02","GVA at Constant Basic Prices (Seasonally Adjusted)","20181","2018Q1","2","Other sectors excluding the foreign-owned multinational enterprise dominated sector","Euro Million","53208"
"NAQ06S02","GVA at Constant Basic Prices (Seasonally Adjusted)","20182","2018Q2","-","All sectors","Euro Million","89258"
"NAQ06S02","GVA at Constant Basic Prices (Seasonally Adjusted)","20182","2018Q2","1","Foreign-owned multinational enterprise dominated","Euro Million","36497"
"NAQ06S02","GVA at Constant Basic Prices (Seasonally Adjusted)","20182","2018Q2","2","Other sectors excluding the foreign-owned multinational enterprise dominated sector","Euro Million","54169"
"NAQ06S02","GVA at Constant Basic Prices (Seasonally Adjusted)","20183","2018Q3","-","All sectors","Euro Million","89616"
"NAQ06S02","GVA at Constant Basic Prices (Seasonally Adjusted)","20183","2018Q3","1","Foreign-owned multinational enterprise dominated","Euro Million","36375"
"NAQ06S02","GVA at Constant Basic Prices (Seasonally Adjusted)","20183","2018Q3","2","Other sectors excluding the foreign-owned multinational enterprise dominated sector","Euro Million","54693"
"NAQ06S02","GVA at Constant Basic Prices (Seasonally Adjusted)","20184","2018Q4","-","All sectors","Euro Million","90843"
"NAQ06S02","GVA at Constant Basic Prices (Seasonally Adjusted)","20184","2018Q4","1","Foreign-owned multinational enterprise dominated","Euro Million","36754"
"NAQ06S02","GVA at Constant Basic Prices (Seasonally Adjusted)","20184","2018Q4","2","Other sectors excluding the foreign-owned multinational enterprise dominated sector","Euro Million","55577"
"NAQ06S02","GVA at Constant Basic Prices (Seasonally Adjusted)","20191","2019Q1","-","All sectors","Euro Million","89567"
"NAQ06S02","GVA at Constant Basic Prices (Seasonally Adjusted)","20191","2019Q1","1","Foreign-owned multinational enterprise dominated","Euro Million","35060"
"NAQ06S02","GVA at Constant Basic Prices (Seasonally Adjusted)","20191","2019Q1","2","Other sectors excluding the foreign-owned multinational enterprise dominated sector","Euro Million","56121"
"NAQ06S02","GVA at Constant Basic Prices (Seasonally Adjusted)","20192","2019Q2","-","All sectors","Euro Million","93773"
"NAQ06S02","GVA at Constant Basic Prices (Seasonally Adjusted)","20192","2019Q2","1","Foreign-owned multinational enterprise dominated","Euro Million","38989"
"NAQ06S02","GVA at Constant Basic Prices (Seasonally Adjusted)","20192","2019Q2","2","Other sectors excluding the foreign-owned multinational enterprise dominated sector","Euro Million","56188"
"NAQ06S02","GVA at Constant Basic Prices (Seasonally Adjusted)","20193","2019Q3","-","All sectors","Euro Million","94269"
"NAQ06S02","GVA at Constant Basic Prices (Seasonally Adjusted)","20193","2019Q3","1","Foreign-owned multinational enterprise dominated","Euro Million","38950"
"NAQ06S02","GVA at Constant Basic Prices (Seasonally Adjusted)","20193","2019Q3","2","Other sectors excluding the foreign-owned multinational enterprise dominated sector","Euro Million","56762"
"NAQ06S02","GVA at Constant Basic Prices (Seasonally Adjusted)","20194","2019Q4","-","All sectors","Euro Million","96811"
"NAQ06S02","GVA at Constant Basic Prices (Seasonally Adjusted)","20194","2019Q4","1","Foreign-owned multinational enterprise dominated","Euro Million","40387"
"NAQ06S02","GVA at Constant Basic Prices (Seasonally Adjusted)","20194","2019Q4","2","Other sectors excluding the foreign-owned multinational enterprise dominated sector","Euro Million","57858"
"NAQ06S02","GVA at Constant Basic Prices (Seasonally Adjusted)","20201","2020Q1","-","All sectors","Euro Million","101468"
"NAQ06S02","GVA at Constant Basic Prices (Seasonally Adjusted)","20201","2020Q1","1","Foreign-owned multinational enterprise dominated","Euro Million","45078"
"NAQ06S02","GVA at Constant Basic Prices (Seasonally Adjusted)","20201","2020Q1","2","Other sectors excluding the foreign-owned multinational enterprise dominated sector","Euro Million","57357"
"NAQ06S02","GVA at Constant Basic Prices (Seasonally Adjusted)","20202","2020Q2","-","All sectors","Euro Million","94939"
"NAQ06S02","GVA at Constant Basic Prices (Seasonally Adjusted)","20202","2020Q2","1","Foreign-owned multinational enterprise dominated","Euro Million","46793"
"NAQ06S02","GVA at Constant Basic Prices (Seasonally Adjusted)","20202","2020Q2","2","Other sectors excluding the foreign-owned multinational enterprise dominated sector","Euro Million","48222"
"NAQ06S02","GVA at Constant Basic Prices (Seasonally Adjusted)","20203","2020Q3","-","All sectors","Euro Million","102695"
"NAQ06S02","GVA at Constant Basic Prices (Seasonally Adjusted)","20203","2020Q3","1","Foreign-owned multinational enterprise dominated","Euro Million","49314"
"NAQ06S02","GVA at Constant Basic Prices (Seasonally Adjusted)","20203","2020Q3","2","Other sectors excluding the foreign-owned multinational enterprise dominated sector","Euro Million","53696"
"NAQ06S02","GVA at Constant Basic Prices (Seasonally Adjusted)","20204","2020Q4","-","All sectors","Euro Million","104359"
"NAQ06S02","GVA at Constant Basic Prices (Seasonally Adjusted)","20204","2020Q4","1","Foreign-owned multinational enterprise dominated","Euro Million","49505"
"NAQ06S02","GVA at Constant Basic Prices (Seasonally Adjusted)","20204","2020Q4","2","Other sectors excluding the foreign-owned multinational enterprise dominated sector","Euro Million","55284"
"NAQ06S02","GVA at Constant Basic Prices (Seasonally Adjusted)","20211","2021Q1","-","All sectors","Euro Million","112866"
"NAQ06S02","GVA at Constant Basic Prices (Seasonally Adjusted)","20211","2021Q1","1","Foreign-owned multinational enterprise dominated","Euro Million","57831"
"NAQ06S02","GVA at Constant Basic Prices (Seasonally Adjusted)","20211","2021Q1","2","Other sectors excluding the foreign-owned multinational enterprise dominated sector","Euro Million","55148"
"NAQ06S02","GVA at Constant Basic Prices (Seasonally Adjusted)","20212","2021Q2","-","All sectors","Euro Million","115584"
"NAQ06S02","GVA at Constant Basic Prices (Seasonally Adjusted)","20212","2021Q2","1","Foreign-owned multinational enterprise dominated","Euro Million","58882"
"NAQ06S02","GVA at Constant Basic Prices (Seasonally Adjusted)","20212","2021Q2","2","Other sectors excluding the foreign-owned multinational enterprise dominated sector","Euro Million","56848"
"NAQ06S02","GVA at Constant Basic Prices (Seasonally Adjusted)","20213","2021Q3","-","All sectors","Euro Million","119256"
"NAQ06S02","GVA at Constant Basic Prices (Seasonally Adjusted)","20213","2021Q3","1","Foreign-owned multinational enterprise dominated","Euro Million","61158"
"NAQ06S02","GVA at Constant Basic Prices (Seasonally Adjusted)","20213","2021Q3","2","Other sectors excluding the foreign-owned multinational enterprise dominated sector","Euro Million","58213"
"NAQ06S02","GVA at Constant Basic Prices (Seasonally Adjusted)","20214","2021Q4","-","All sectors","Euro Million","122337"
"NAQ06S02","GVA at Constant Basic Prices (Seasonally Adjusted)","20214","2021Q4","1","Foreign-owned multinational enterprise dominated","Euro Million","61156"
"NAQ06S02","GVA at Constant Basic Prices (Seasonally Adjusted)","20214","2021Q4","2","Other sectors excluding the foreign-owned multinational enterprise dominated sector","Euro Million","61437"
"NAQ06S02","GVA at Constant Basic Prices (Seasonally Adjusted)","20221","2022Q1","-","All sectors","Euro Million","121940"
"NAQ06S02","GVA at Constant Basic Prices (Seasonally Adjusted)","20221","2022Q1","1","Foreign-owned multinational enterprise dominated","Euro Million","63464"
"NAQ06S02","GVA at Constant Basic Prices (Seasonally Adjusted)","20221","2022Q1","2","Other sectors excluding the foreign-owned multinational enterprise dominated sector","Euro Million","58584"
"NAQ06S02","GVA at Constant Basic Prices (Seasonally Adjusted)","20222","2022Q2","-","All sectors","Euro Million","125432"
"NAQ06S02","GVA at Constant Basic Prices (Seasonally Adjusted)","20222","2022Q2","1","Foreign-owned multinational enterprise dominated","Euro Million","65813"
"NAQ06S02","GVA at Constant Basic Prices (Seasonally Adjusted)","20222","2022Q2","2","Other sectors excluding the foreign-owned multinational enterprise dominated sector","Euro Million","59710"
"NAQ06S02","GVA at Constant Basic Prices (Seasonally Adjusted)","20223","2022Q3","-","All sectors","Euro Million","129172"
"NAQ06S02","GVA at Constant Basic Prices (Seasonally Adjusted)","20223","2022Q3","1","Foreign-owned multinational enterprise dominated","Euro Million","69045"
"NAQ06S02","GVA at Constant Basic Prices (Seasonally Adjusted)","20223","2022Q3","2","Other sectors excluding the foreign-owned multinational enterprise dominated sector","Euro Million","60173"
"NAQ06S02","GVA at Constant Basic Prices (Seasonally Adjusted)","20224","2022Q4","-","All sectors","Euro Million","134868"
"NAQ06S02","GVA at Constant Basic Prices (Seasonally Adjusted)","20224","2022Q4","1","Foreign-owned multinational enterprise dominated","Euro Million","72880"
"NAQ06S02","GVA at Constant Basic Prices (Seasonally Adjusted)","20224","2022Q4","2","Other sectors excluding the foreign-owned multinational enterprise dominated sector","Euro Million","62006"
"NAQ06S02","GVA at Constant Basic Prices (Seasonally Adjusted)","20231","2023Q1","-","All sectors","Euro Million","123482"
"NAQ06S02","GVA at Constant Basic Prices (Seasonally Adjusted)","20231","2023Q1","1","Foreign-owned multinational enterprise dominated","Euro Million","59140"
"NAQ06S02","GVA at Constant Basic Prices (Seasonally Adjusted)","20231","2023Q1","2","Other sectors excluding the foreign-owned multinational enterprise dominated sector","Euro Million","64344"
"NAQ06S02","GVA at Constant Basic Prices (Seasonally Adjusted)","20232","2023Q2","-","All sectors","Euro Million","128261"
"NAQ06S02","GVA at Constant Basic Prices (Seasonally Adjusted)","20232","2023Q2","1","Foreign-owned multinational enterprise dominated","Euro Million","62639"
"NAQ06S02","GVA at Constant Basic Prices (Seasonally Adjusted)","20232","2023Q2","2","Other sectors excluding the foreign-owned multinational enterprise dominated sector","Euro Million","65636"
"NAQ06S02","GVA at Constant Basic Prices (Seasonally Adjusted)","20233","2023Q3","-","All sectors","Euro Million","124435"
"NAQ06S02","GVA at Constant Basic Prices (Seasonally Adjusted)","20233","2023Q3","1","Foreign-owned multinational enterprise dominated","Euro Million","58702"
"NAQ06S02","GVA at Constant Basic Prices (Seasonally Adjusted)","20233","2023Q3","2","Other sectors excluding the foreign-owned multinational enterprise dominated sector","Euro Million","65727"
"NAQ06S02","GVA at Constant Basic Prices (Seasonally Adjusted)","20234","2023Q4","-","All sectors","Euro Million","124882"
"NAQ06S02","GVA at Constant Basic Prices (Seasonally Adjusted)","20234","2023Q4","1","Foreign-owned multinational enterprise dominated","Euro Million","58505"
"NAQ06S02","GVA at Constant Basic Prices (Seasonally Adjusted)","20234","2023Q4","2","Other sectors excluding the foreign-owned multinational enterprise dominated sector","Euro Million","66367"
"NAQ06S02","GVA at Constant Basic Prices (Seasonally Adjusted)","20241","2024Q1","-","All sectors","Euro Million","120990"
"NAQ06S02","GVA at Constant Basic Prices (Seasonally Adjusted)","20241","2024Q1","1","Foreign-owned multinational enterprise dominated","Euro Million","53971"
"NAQ06S02","GVA at Constant Basic Prices (Seasonally Adjusted)","20241","2024Q1","2","Other sectors excluding the foreign-owned multinational enterprise dominated sector","Euro Million","67019"
"NAQ06S02","GVA at Constant Basic Prices (Seasonally Adjusted)","20242","2024Q2","-","All sectors","Euro Million","123778"
"NAQ06S02","GVA at Constant Basic Prices (Seasonally Adjusted)","20242","2024Q2","1","Foreign-owned multinational enterprise dominated","Euro Million","56588"
"NAQ06S02","GVA at Constant Basic Prices (Seasonally Adjusted)","20242","2024Q2","2","Other sectors excluding the foreign-owned multinational enterprise dominated sector","Euro Million","67190"
"NAQ06S02","GVA at Constant Basic Prices (Seasonally Adjusted)","20243","2024Q3","-","All sectors","Euro Million","131304"
"NAQ06S02","GVA at Constant Basic Prices (Seasonally Adjusted)","20243","2024Q3","1","Foreign-owned multinational enterprise dominated","Euro Million","62665"
"NAQ06S02","GVA at Constant Basic Prices (Seasonally Adjusted)","20243","2024Q3","2","Other sectors excluding the foreign-owned multinational enterprise dominated sector","Euro Million","68639"
"NAQ06S02","GVA at Constant Basic Prices (Seasonally Adjusted)","20244","2024Q4","-","All sectors","Euro Million","136105"
"NAQ06S02","GVA at Constant Basic Prices (Seasonally Adjusted)","20244","2024Q4","1","Foreign-owned multinational enterprise dominated","Euro Million","67639"
"NAQ06S02","GVA at Constant Basic Prices (Seasonally Adjusted)","20244","2024Q4","2","Other sectors excluding the foreign-owned multinational enterprise dominated sector","Euro Million","68466"
"NAQ06S02","GVA at Constant Basic Prices (Seasonally Adjusted)","20251","2025Q1","-","All sectors","Euro Million","143940"
"NAQ06S02","GVA at Constant Basic Prices (Seasonally Adjusted)","20251","2025Q1","1","Foreign-owned multinational enterprise dominated","Euro Million","75474"
"NAQ06S02","GVA at Constant Basic Prices (Seasonally Adjusted)","20251","2025Q1","2","Other sectors excluding the foreign-owned multinational enterprise dominated sector","Euro Million","68466"
"NAQ06S02","GVA at Constant Basic Prices (Seasonally Adjusted)","20252","2025Q2","-","All sectors","Euro Million","144238"
"NAQ06S02","GVA at Constant Basic Prices (Seasonally Adjusted)","20252","2025Q2","1","Foreign-owned multinational enterprise dominated","Euro Million","76061"
"NAQ06S02","GVA at Constant Basic Prices (Seasonally Adjusted)","20252","2025Q2","2","Other sectors excluding the foreign-owned multinational enterprise dominated sector","Euro Million","68177"
"NAQ06S02","GVA at Constant Basic Prices (Seasonally Adjusted)","20253","2025Q3","-","All sectors","Euro Million","144018"
"NAQ06S02","GVA at Constant Basic Prices (Seasonally Adjusted)","20253","2025Q3","1","Foreign-owned multinational enterprise dominated","Euro Million","75951"
"NAQ06S02","GVA at Constant Basic Prices (Seasonally Adjusted)","20253","2025Q3","2","Other sectors excluding the foreign-owned multinational enterprise dominated sector","Euro Million","68068"
"NAQ06S02","GVA at Constant Basic Prices (Seasonally Adjusted)","20254","2025Q4","-","All sectors","Euro Million","143099"
"NAQ06S02","GVA at Constant Basic Prices (Seasonally Adjusted)","20254","2025Q4","1","Foreign-owned multinational enterprise dominated","Euro Million","73975"
"NAQ06S02","GVA at Constant Basic Prices (Seasonally Adjusted)","20254","2025Q4","2","Other sectors excluding the foreign-owned multinational enterprise dominated sector","Euro Million","69124"
